snapshot,original_node,delta_x,delta_y,delta_z,delta_partial_volume,delta_mean_rho,delta_mean_rhou,delta_mean_rhov,delta_mean_rhow,delta_mean_rhoE,delta_point_rho,delta_point_rhou,delta_point_rhov,delta_point_rhow,delta_point_rhoE,delta_rho_exact,delta_p_point,delta_p_exact,delta_rho_error,delta_pressure_error
initial,0,0.0,0.0,0.0,-2.220446049250313e-15,-5.773159728050814e-15,1.4432899320127035e-15,1.9984014443252818e-15,0.0,1.1102230246251565e-14,-6.217248937900877e-15,1.7763568394002505e-15,2.220446049250313e-15,0.0,1.2434497875801753e-14,0.0,9.992007221626409e-16,0.0,-6.217248937900877e-15,9.992007221626409e-16
initial,1,0.0,0.0,0.0,0.0,0.0,0.0,0.0,0.0,0.0,0.0,0.0,2.220446049250313e-16,0.0,0.0,0.0,0.0,0.0,0.0,0.0
initial,2,0.0,0.0,0.0,0.0,0.0,0.0,0.0,0.0,0.0,0.0,0.0,0.0,0.0,0.0,0.0,0.0,0.0,0.0,0.0
initial,3,0.0,0.0,0.0,0.0,0.0,0.0,0.0,0.0,0.0,0.0,0.0,0.0,0.0,0.0,0.0,0.0,0.0,0.0,0.0
initial,4,0.0,0.0,0.0,1.1102230246251565e-16,2.220446049250313e-16,7.771561172376096e-16,4.440892098500626e-16,0.0,2.220446049250313e-15,4.440892098500626e-16,8.881784197001252e-16,4.440892098500626e-16,0.0,2.220446049250313e-15,0.0,7.771561172376096e-16,0.0,4.440892098500626e-16,7.771561172376096e-16
initial,5,0.0,0.0,0.0,0.0,0.0,0.0,0.0,0.0,0.0,0.0,0.0,0.0,0.0,-4.440892098500626e-16,0.0,-2.220446049250313e-16,0.0,0.0,-2.220446049250313e-16
initial,6,0.0,0.0,0.0,0.0,0.0,0.0,0.0,0.0,0.0,0.0,0.0,0.0,0.0,0.0,0.0,0.0,0.0,0.0,0.0
initial,7,0.0,0.0,0.0,0.0,0.0,0.0,0.0,0.0,0.0,0.0,0.0,0.0,0.0,0.0,0.0,0.0,0.0,0.0,0.0
initial,8,0.0,0.0,0.0,0.0,0.0,0.0,0.0,0.0,0.0,0.0,0.0,0.0,0.0,0.0,0.0,0.0,0.0,0.0,0.0
initial,9,0.0,0.0,0.0,0.0,0.0,0.0,0.0,0.0,0.0,2.220446049250313e-16,0.0,0.0,0.0,0.0,0.0,0.0,0.0,2.220446049250313e-16,0.0
initial,10,0.0,0.0,0.0,1.6653345369377348e-15,-3.552713678800501e-15,-1.7763568394002505e-15,-4.440892098500626e-15,0.0,-9.769962616701378e-15,-3.9968028886505635e-15,-1.7763568394002505e-15,-4.6629367034256575e-15,0.0,-1.021405182655144e-14,0.0,-2.886579864025407e-15,0.0,-3.9968028886505635e-15,-2.886579864025407e-15
initial,11,0.0,0.0,0.0,-1.1102230246251565e-15,1.5543122344752192e-15,0.0,1.1102230246251565e-15,0.0,8.881784197001252e-16,1.7763568394002505e-15,0.0,1.2212453270876722e-15,0.0,1.3322676295501878e-15,0.0,8.881784197001252e-16,0.0,1.7763568394002505e-15,8.881784197001252e-16
initial,12,0.0,0.0,0.0,2.220446049250313e-16,1.5543122344752192e-15,-3.3306690738754696e-16,-2.220446049250313e-16,0.0,1.3322676295501878e-15,1.5543122344752192e-15,-4.440892098500626e-16,-2.220446049250313e-16,0.0,1.7763568394002505e-15,0.0,1.4432899320127035e-15,0.0,1.5543122344752192e-15,1.4432899320127035e-15
initial,13,0.0,0.0,0.0,0.0,0.0,0.0,0.0,0.0,0.0,0.0,0.0,0.0,0.0,0.0,0.0,0.0,0.0,0.0,0.0
initial,14,0.0,0.0,0.0,0.0,0.0,0.0,0.0,0.0,0.0,0.0,0.0,0.0,0.0,0.0,0.0,0.0,0.0,0.0,0.0
initial,15,0.0,0.0,0.0,2.220446049250313e-16,-4.440892098500626e-16,-8.881784197001252e-16,-1.1102230246251565e-16,0.0,3.9968028886505635e-15,-4.440892098500626e-16,-9.992007221626409e-16,0.0,0.0,4.440892098500626e-15,0.0,1.887379141862766e-15,0.0,-4.440892098500626e-16,1.887379141862766e-15
initial,16,0.0,0.0,0.0,0.0,2.220446049250313e-16,-2.220446049250313e-16,0.0,0.0,2.6645352591003757e-15,2.220446049250313e-16,-2.220446049250313e-16,0.0,0.0,2.6645352591003757e-15,0.0,1.4432899320127035e-15,0.0,2.220446049250313e-16,1.4432899320127035e-15
initial,17,0.0,0.0,0.0,-8.881784197001252e-16,-4.440892098500626e-15,1.5543122344752192e-15,1.5543122344752192e-15,0.0,1.3322676295501878e-15,-4.6629367034256575e-15,1.6653345369377348e-15,1.5543122344752192e-15,0.0,1.3322676295501878e-15,0.0,-2.55351295663786e-15,0.0,-4.6629367034256575e-15,-2.55351295663786e-15
initial,18,0.0,0.0,0.0,-3.3306690738754696e-16,3.3306690738754696e-15,1.5543122344752192e-15,-3.3306690738754696e-16,0.0,-2.6645352591003757e-15,3.552713678800501e-15,1.6653345369377348e-15,-2.220446049250313e-16,0.0,-3.1086244689504383e-15,0.0,-3.3306690738754696e-16,0.0,3.552713678800501e-15,-3.3306690738754696e-16
initial,19,0.0,0.0,0.0,0.0,0.0,0.0,0.0,0.0,0.0,0.0,0.0,0.0,0.0,0.0,0.0,0.0,0.0,0.0,0.0
initial,20,0.0,0.0,0.0,0.0,0.0,0.0,0.0,0.0,0.0,0.0,-1.1102230246251565e-16,-1.1102230246251565e-16,0.0,-4.440892098500626e-16,0.0,0.0,0.0,0.0,0.0
initial,21,0.0,0.0,0.0,0.0,0.0,0.0,0.0,0.0,0.0,0.0,-2.220446049250313e-16,0.0,0.0,-4.440892098500626e-16,0.0,0.0,0.0,0.0,0.0
initial,22,0.0,0.0,0.0,0.0,0.0,0.0,0.0,0.0,0.0,0.0,1.1102230246251565e-16,0.0,0.0,0.0,0.0,-2.220446049250313e-16,0.0,0.0,-2.220446049250313e-16
initial,23,0.0,0.0,0.0,0.0,0.0,0.0,0.0,0.0,0.0,-2.220446049250313e-16,0.0,0.0,0.0,0.0,0.0,0.0,0.0,-2.220446049250313e-16,0.0
initial,24,0.0,0.0,0.0,0.0,0.0,0.0,0.0,0.0,0.0,0.0,0.0,0.0,0.0,0.0,0.0,0.0,0.0,0.0,0.0
initial,25,0.0,0.0,0.0,0.0,0.0,0.0,0.0,0.0,0.0,1.1102230246251565e-16,0.0,-2.220446049250313e-16,0.0,-4.440892098500626e-16,0.0,0.0,0.0,1.1102230246251565e-16,0.0
initial,26,0.0,0.0,0.0,0.0,0.0,0.0,0.0,0.0,0.0,0.0,0.0,0.0,0.0,0.0,0.0,0.0,0.0,0.0,0.0
initial,27,0.0,0.0,0.0,4.440892098500626e-16,-4.440892098500626e-16,-7.771561172376096e-16,-3.3306690738754696e-16,0.0,8.881784197001252e-16,-4.440892098500626e-16,1.887379141862766e-15,2.220446049250313e-16,0.0,3.9968028886505635e-15,0.0,5.551115123125783e-16,0.0,-4.440892098500626e-16,5.551115123125783e-16
initial,28,0.0,0.0,0.0,0.0,0.0,0.0,0.0,0.0,0.0,0.0,0.0,0.0,0.0,0.0,0.0,0.0,0.0,0.0,0.0
initial,29,0.0,0.0,0.0,0.0,0.0,0.0,0.0,0.0,0.0,0.0,0.0,0.0,0.0,0.0,0.0,0.0,0.0,0.0,0.0
initial,30,0.0,0.0,0.0,0.0,0.0,0.0,0.0,0.0,0.0,0.0,0.0,0.0,0.0,0.0,0.0,0.0,0.0,0.0,0.0
initial,31,0.0,0.0,0.0,0.0,0.0,0.0,0.0,0.0,0.0,0.0,0.0,0.0,0.0,0.0,0.0,0.0,0.0,0.0,0.0
initial,32,0.0,0.0,0.0,0.0,0.0,0.0,0.0,0.0,0.0,0.0,0.0,0.0,0.0,0.0,0.0,0.0,0.0,0.0,0.0
initial,33,0.0,0.0,0.0,0.0,0.0,0.0,0.0,0.0,0.0,0.0,0.0,0.0,0.0,0.0,0.0,0.0,0.0,0.0,0.0
initial,34,0.0,0.0,0.0,0.0,0.0,0.0,0.0,0.0,0.0,0.0,0.0,0.0,0.0,0.0,0.0,0.0,0.0,0.0,0.0
initial,35,0.0,0.0,0.0,0.0,0.0,0.0,0.0,0.0,0.0,0.0,0.0,0.0,0.0,0.0,0.0,0.0,0.0,0.0,0.0
initial,36,0.0,0.0,0.0,0.0,0.0,0.0,0.0,0.0,0.0,0.0,0.0,0.0,0.0,0.0,0.0,0.0,0.0,0.0,0.0
initial,37,0.0,0.0,0.0,1.1102230246251565e-16,6.661338147750939e-16,-2.220446049250313e-16,2.220446049250313e-16,0.0,3.1086244689504383e-15,8.881784197001252e-16,-2.220446049250313e-16,2.220446049250313e-16,0.0,3.1086244689504383e-15,0.0,1.5543122344752192e-15,0.0,8.881784197001252e-16,1.5543122344752192e-15
initial,38,0.0,0.0,0.0,0.0,1.7763568394002505e-15,-1.3322676295501878e-15,-4.440892098500626e-16,0.0,7.549516567451064e-15,1.9984014443252818e-15,-1.1102230246251565e-15,-3.3306690738754696e-16,0.0,7.993605777301127e-15,0.0,4.551914400963142e-15,0.0,1.9984014443252818e-15,4.551914400963142e-15
initial,39,0.0,0.0,0.0,0.0,0.0,0.0,0.0,0.0,0.0,0.0,0.0,0.0,0.0,0.0,0.0,0.0,0.0,0.0,0.0
initial,40,0.0,0.0,0.0,0.0,0.0,0.0,0.0,0.0,0.0,-2.220446049250313e-16,0.0,0.0,0.0,-4.440892098500626e-16,0.0,-3.3306690738754696e-16,0.0,-2.220446049250313e-16,-3.3306690738754696e-16
initial,41,0.0,0.0,0.0,0.0,0.0,0.0,0.0,0.0,0.0,0.0,0.0,0.0,0.0,0.0,0.0,0.0,0.0,0.0,0.0
initial,42,0.0,0.0,0.0,0.0,0.0,0.0,0.0,0.0,0.0,0.0,0.0,0.0,0.0,0.0,0.0,0.0,0.0,0.0,0.0
initial,43,0.0,0.0,0.0,-1.1102230246251565e-16,-1.1102230246251565e-16,-3.3306690738754696e-16,-5.551115123125783e-16,0.0,4.440892098500626e-16,-2.220446049250313e-16,-4.440892098500626e-16,-4.440892098500626e-16,0.0,8.881784197001252e-16,0.0,7.771561172376096e-16,0.0,-2.220446049250313e-16,7.771561172376096e-16
initial,44,0.0,0.0,0.0,1.1102230246251565e-16,3.3306690738754696e-16,2.220446049250313e-16,-9.992007221626409e-16,0.0,1.3322676295501878e-15,2.220446049250313e-16,2.220446049250313e-16,-8.881784197001252e-16,0.0,1.7763568394002505e-15,0.0,9.992007221626409e-16,0.0,2.220446049250313e-16,9.992007221626409e-16
initial,45,0.0,0.0,0.0,0.0,0.0,0.0,0.0,0.0,0.0,0.0,0.0,0.0,0.0,0.0,0.0,0.0,0.0,0.0,0.0
initial,46,0.0,0.0,0.0,0.0,0.0,0.0,0.0,0.0,0.0,0.0,0.0,0.0,0.0,0.0,0.0,0.0,0.0,0.0,0.0
initial,47,0.0,0.0,0.0,0.0,0.0,0.0,0.0,0.0,0.0,0.0,-1.1102230246251565e-16,0.0,0.0,0.0,0.0,0.0,0.0,0.0,0.0
initial,48,0.0,0.0,0.0,0.0,0.0,0.0,0.0,0.0,0.0,0.0,0.0,0.0,0.0,0.0,0.0,0.0,0.0,0.0,0.0
initial,49,0.0,0.0,0.0,0.0,0.0,0.0,0.0,0.0,0.0,0.0,0.0,0.0,0.0,0.0,0.0,0.0,0.0,0.0,0.0
initial,50,0.0,0.0,0.0,0.0,0.0,0.0,0.0,0.0,0.0,0.0,0.0,0.0,0.0,-4.440892098500626e-16,0.0,-1.1102230246251565e-16,0.0,0.0,-1.1102230246251565e-16
initial,51,0.0,0.0,0.0,0.0,0.0,0.0,0.0,0.0,0.0,0.0,0.0,0.0,0.0,0.0,0.0,0.0,0.0,0.0,0.0
initial,52,0.0,0.0,0.0,0.0,0.0,0.0,0.0,0.0,0.0,0.0,0.0,0.0,0.0,0.0,0.0,0.0,0.0,0.0,0.0
initial,53,0.0,0.0,0.0,4.440892098500626e-16,1.1102230246251565e-16,-2.220446049250313e-16,4.440892098500626e-16,0.0,-5.329070518200751e-15,0.0,-2.220446049250313e-16,4.440892098500626e-16,0.0,-6.217248937900877e-15,0.0,-2.4424906541753444e-15,0.0,0.0,-2.4424906541753444e-15
initial,54,0.0,0.0,0.0,0.0,0.0,0.0,0.0,0.0,0.0,0.0,0.0,0.0,0.0,0.0,0.0,0.0,0.0,0.0,0.0
initial,55,0.0,0.0,0.0,0.0,0.0,0.0,0.0,0.0,0.0,0.0,0.0,0.0,0.0,0.0,0.0,0.0,0.0,0.0,0.0
initial,56,0.0,0.0,0.0,0.0,0.0,0.0,0.0,0.0,0.0,0.0,0.0,0.0,0.0,0.0,0.0,0.0,0.0,0.0,0.0
initial,57,0.0,0.0,0.0,0.0,0.0,0.0,0.0,0.0,0.0,0.0,0.0,1.1102230246251565e-16,0.0,4.440892098500626e-16,0.0,2.220446049250313e-16,0.0,0.0,2.220446049250313e-16
initial,58,0.0,0.0,0.0,0.0,0.0,0.0,0.0,0.0,0.0,0.0,0.0,0.0,0.0,0.0,0.0,0.0,0.0,0.0,0.0
initial,59,0.0,0.0,0.0,0.0,0.0,0.0,0.0,0.0,0.0,0.0,0.0,0.0,0.0,0.0,0.0,0.0,0.0,0.0,0.0
initial,60,0.0,0.0,0.0,0.0,0.0,0.0,0.0,0.0,0.0,0.0,0.0,0.0,0.0,0.0,0.0,0.0,0.0,0.0,0.0
initial,61,0.0,0.0,0.0,0.0,0.0,0.0,0.0,0.0,0.0,0.0,0.0,0.0,0.0,0.0,0.0,0.0,0.0,0.0,0.0
initial,62,0.0,0.0,0.0,4.440892098500626e-16,-1.1102230246251565e-15,7.771561172376096e-16,-2.220446049250313e-16,0.0,2.6645352591003757e-15,-1.7763568394002505e-15,-1.4876988529977098e-14,-2.220446049250313e-15,0.0,-1.3322676295501878e-14,0.0,6.661338147750939e-16,0.0,-1.7763568394002505e-15,6.661338147750939e-16
initial,63,0.0,0.0,0.0,0.0,0.0,0.0,0.0,0.0,0.0,0.0,2.220446049250313e-16,-2.220446049250313e-16,0.0,0.0,0.0,0.0,0.0,0.0,0.0
initial,64,0.0,0.0,0.0,0.0,0.0,0.0,0.0,0.0,0.0,0.0,-1.1102230246251565e-16,0.0,0.0,0.0,0.0,0.0,0.0,0.0,0.0
initial,65,0.0,0.0,0.0,0.0,0.0,0.0,0.0,0.0,0.0,0.0,0.0,1.1102230246251565e-16,0.0,0.0,0.0,0.0,0.0,0.0,0.0
initial,66,0.0,0.0,0.0,0.0,0.0,0.0,0.0,0.0,0.0,0.0,0.0,0.0,0.0,0.0,0.0,0.0,0.0,0.0,0.0
initial,67,0.0,0.0,0.0,0.0,0.0,0.0,0.0,0.0,0.0,0.0,0.0,0.0,0.0,0.0,0.0,0.0,0.0,0.0,0.0
initial,68,0.0,0.0,0.0,0.0,0.0,0.0,0.0,0.0,0.0,0.0,0.0,0.0,0.0,0.0,0.0,0.0,0.0,0.0,0.0
initial,69,0.0,0.0,0.0,0.0,0.0,0.0,0.0,0.0,0.0,0.0,2.220446049250313e-16,1.1102230246251565e-16,0.0,0.0,0.0,-3.3306690738754696e-16,0.0,0.0,-3.3306690738754696e-16
initial,70,0.0,0.0,0.0,0.0,-1.1102230246251565e-16,2.220446049250313e-16,-1.1102230246251565e-15,0.0,-2.220446049250313e-15,0.0,-6.661338147750939e-16,-1.1102230246251565e-15,0.0,-3.1086244689504383e-15,0.0,-2.220446049250313e-16,0.0,0.0,-2.220446049250313e-16
initial,71,0.0,0.0,0.0,0.0,0.0,0.0,0.0,0.0,0.0,0.0,0.0,0.0,0.0,0.0,0.0,0.0,0.0,0.0,0.0
initial,72,0.0,0.0,0.0,0.0,0.0,0.0,0.0,0.0,0.0,0.0,0.0,0.0,0.0,4.440892098500626e-16,0.0,2.220446049250313e-16,0.0,0.0,2.220446049250313e-16
initial,73,0.0,0.0,0.0,0.0,0.0,0.0,0.0,0.0,0.0,0.0,0.0,0.0,0.0,0.0,0.0,0.0,0.0,0.0,0.0
initial,74,0.0,0.0,0.0,0.0,0.0,0.0,0.0,0.0,0.0,0.0,0.0,0.0,0.0,0.0,0.0,0.0,0.0,0.0,0.0
initial,75,0.0,0.0,0.0,0.0,0.0,0.0,0.0,0.0,0.0,2.220446049250313e-16,0.0,0.0,0.0,0.0,0.0,2.220446049250313e-16,0.0,2.220446049250313e-16,2.220446049250313e-16
initial,76,0.0,0.0,0.0,0.0,0.0,0.0,0.0,0.0,0.0,0.0,0.0,0.0,0.0,0.0,0.0,0.0,0.0,0.0,0.0
initial,77,0.0,0.0,0.0,0.0,0.0,0.0,0.0,0.0,0.0,0.0,0.0,0.0,0.0,0.0,0.0,0.0,0.0,0.0,0.0
initial,78,0.0,0.0,0.0,0.0,0.0,0.0,0.0,0.0,0.0,2.220446049250313e-16,0.0,0.0,0.0,0.0,0.0,0.0,0.0,2.220446049250313e-16,0.0
initial,79,0.0,0.0,0.0,0.0,0.0,0.0,0.0,0.0,0.0,0.0,1.1102230246251565e-16,1.1102230246251565e-16,0.0,0.0,0.0,-2.220446049250313e-16,0.0,0.0,-2.220446049250313e-16
initial,80,0.0,0.0,0.0,0.0,0.0,0.0,0.0,0.0,0.0,0.0,0.0,-1.1102230246251565e-16,0.0,0.0,0.0,0.0,0.0,0.0,0.0
initial,81,0.0,0.0,0.0,0.0,0.0,0.0,0.0,0.0,0.0,0.0,0.0,0.0,0.0,4.440892098500626e-16,0.0,2.220446049250313e-16,0.0,0.0,2.220446049250313e-16
initial,82,0.0,0.0,0.0,0.0,0.0,0.0,0.0,0.0,0.0,0.0,0.0,0.0,0.0,0.0,0.0,0.0,0.0,0.0,0.0
initial,83,0.0,0.0,0.0,0.0,0.0,0.0,0.0,0.0,0.0,0.0,0.0,0.0,0.0,0.0,0.0,0.0,0.0,0.0,0.0
initial,84,0.0,0.0,0.0,0.0,0.0,0.0,0.0,0.0,0.0,0.0,0.0,0.0,0.0,0.0,0.0,0.0,0.0,0.0,0.0
initial,85,0.0,0.0,0.0,0.0,0.0,0.0,0.0,0.0,0.0,0.0,0.0,0.0,0.0,0.0,0.0,0.0,0.0,0.0,0.0
initial,86,0.0,0.0,0.0,0.0,0.0,0.0,0.0,0.0,0.0,0.0,0.0,0.0,0.0,0.0,0.0,0.0,0.0,0.0,0.0
initial,87,0.0,0.0,0.0,0.0,0.0,0.0,0.0,0.0,0.0,0.0,0.0,0.0,0.0,0.0,0.0,0.0,0.0,0.0,0.0
initial,88,0.0,0.0,0.0,0.0,0.0,0.0,0.0,0.0,0.0,0.0,0.0,0.0,0.0,0.0,0.0,0.0,0.0,0.0,0.0
initial,89,0.0,0.0,0.0,0.0,0.0,0.0,0.0,0.0,0.0,0.0,0.0,0.0,0.0,0.0,0.0,0.0,0.0,0.0,0.0
initial,90,0.0,0.0,0.0,0.0,0.0,0.0,0.0,0.0,0.0,0.0,1.1102230246251565e-16,0.0,0.0,0.0,0.0,0.0,0.0,0.0,0.0
initial,91,0.0,0.0,0.0,0.0,0.0,0.0,0.0,0.0,0.0,0.0,0.0,0.0,0.0,0.0,0.0,0.0,0.0,0.0,0.0
initial,92,0.0,0.0,0.0,0.0,0.0,0.0,0.0,0.0,0.0,0.0,1.1102230246251565e-16,0.0,0.0,0.0,0.0,0.0,0.0,0.0,0.0
initial,93,0.0,0.0,0.0,0.0,0.0,0.0,0.0,0.0,0.0,0.0,1.1102230246251565e-16,-2.220446049250313e-16,0.0,0.0,0.0,0.0,0.0,0.0,0.0
initial,94,0.0,0.0,0.0,0.0,0.0,0.0,0.0,0.0,0.0,0.0,0.0,0.0,0.0,0.0,0.0,0.0,0.0,0.0,0.0
initial,95,0.0,0.0,0.0,0.0,0.0,0.0,0.0,0.0,0.0,0.0,0.0,0.0,0.0,0.0,0.0,0.0,0.0,0.0,0.0
initial,96,0.0,0.0,0.0,3.885780586188048e-15,-5.995204332975845e-15,-6.439293542825908e-15,-4.6629367034256575e-15,0.0,-2.0872192862952943e-14,-8.659739592076221e-15,-6.661338147750939e-15,-5.773159728050814e-15,0.0,-2.708944180085382e-14,0.0,-9.547918011776346e-15,0.0,-8.659739592076221e-15,-9.547918011776346e-15
initial,97,0.0,0.0,0.0,0.0,0.0,0.0,0.0,0.0,0.0,1.1102230246251565e-16,0.0,5.551115123125783e-16,0.0,8.881784197001252e-16,0.0,3.3306690738754696e-16,0.0,1.1102230246251565e-16,3.3306690738754696e-16
initial,98,0.0,0.0,0.0,1.1102230246251565e-16,3.3306690738754696e-16,-1.1102230246251565e-15,1.3322676295501878e-15,0.0,-3.552713678800501e-15,-4.440892098500626e-15,-1.5987211554602254e-14,7.327471962526033e-15,0.0,-1.7763568394002505e-14,0.0,-6.217248937900877e-15,0.0,-4.440892098500626e-15,-6.217248937900877e-15
initial,99,0.0,0.0,0.0,0.0,0.0,0.0,0.0,0.0,0.0,0.0,0.0,0.0,0.0,0.0,0.0,0.0,0.0,0.0,0.0
initial,100,0.0,0.0,0.0,0.0,0.0,0.0,0.0,0.0,0.0,0.0,0.0,0.0,0.0,0.0,0.0,0.0,0.0,0.0,0.0
initial,101,0.0,0.0,0.0,0.0,0.0,0.0,0.0,0.0,0.0,0.0,0.0,0.0,0.0,0.0,0.0,0.0,0.0,0.0,0.0
initial,102,0.0,0.0,0.0,0.0,0.0,0.0,0.0,0.0,0.0,0.0,0.0,0.0,0.0,0.0,0.0,0.0,0.0,0.0,0.0
initial,103,0.0,0.0,0.0,0.0,0.0,0.0,0.0,0.0,0.0,0.0,0.0,0.0,0.0,0.0,0.0,0.0,0.0,0.0,0.0
initial,104,0.0,0.0,0.0,0.0,0.0,0.0,0.0,0.0,0.0,0.0,0.0,0.0,0.0,0.0,0.0,0.0,0.0,0.0,0.0
initial,105,0.0,0.0,0.0,6.106226635438361e-15,-6.5503158452884236e-15,-1.2212453270876722e-14,-9.769962616701378e-15,0.0,-2.4868995751603507e-14,-1.5987211554602254e-14,5.773159728050814e-15,2.5979218776228663e-14,0.0,2.1316282072803006e-14,0.0,-1.8984813721090177e-14,0.0,-1.5987211554602254e-14,-1.8984813721090177e-14
initial,106,0.0,0.0,0.0,0.0,0.0,0.0,0.0,0.0,0.0,0.0,0.0,0.0,0.0,0.0,0.0,0.0,0.0,0.0,0.0
initial,107,0.0,0.0,0.0,0.0,0.0,0.0,0.0,0.0,0.0,1.1102230246251565e-16,2.220446049250313e-16,-2.220446049250313e-16,0.0,0.0,0.0,2.220446049250313e-16,0.0,1.1102230246251565e-16,2.220446049250313e-16
initial,108,0.0,0.0,0.0,0.0,0.0,0.0,0.0,0.0,0.0,0.0,-2.220446049250313e-16,1.1102230246251565e-16,0.0,0.0,0.0,1.1102230246251565e-16,0.0,0.0,1.1102230246251565e-16
initial,109,0.0,0.0,0.0,0.0,0.0,0.0,0.0,0.0,0.0,-1.1102230246251565e-16,0.0,1.1102230246251565e-16,0.0,0.0,0.0,0.0,0.0,-1.1102230246251565e-16,0.0
initial,110,0.0,0.0,0.0,-2.886579864025407e-15,4.440892098500626e-15,1.4988010832439613e-15,3.3306690738754696e-15,0.0,1.6431300764452317e-14,-1.7430501486614958e-14,5.595524044110789e-14,-5.051514762044462e-14,0.0,-4.6629367034256575e-14,0.0,-1.1657341758564144e-14,0.0,-1.7430501486614958e-14,-1.1657341758564144e-14
initial,111,0.0,0.0,0.0,0.0,0.0,0.0,0.0,0.0,0.0,7.771561172376096e-16,-4.440892098500626e-16,6.661338147750939e-16,0.0,1.7763568394002505e-15,0.0,8.881784197001252e-16,0.0,7.771561172376096e-16,8.881784197001252e-16
initial,112,0.0,0.0,0.0,0.0,0.0,0.0,0.0,0.0,0.0,0.0,2.220446049250313e-16,2.220446049250313e-16,0.0,0.0,0.0,0.0,0.0,0.0,0.0
initial,113,0.0,0.0,0.0,0.0,0.0,0.0,0.0,0.0,0.0,-1.1102230246251565e-16,-9.992007221626409e-16,0.0,0.0,-1.3322676295501878e-15,0.0,-4.440892098500626e-16,0.0,-1.1102230246251565e-16,-4.440892098500626e-16
initial,114,0.0,0.0,0.0,0.0,0.0,0.0,0.0,0.0,0.0,-1.1102230246251565e-16,4.440892098500626e-16,-8.881784197001252e-16,0.0,-8.881784197001252e-16,0.0,0.0,0.0,-1.1102230246251565e-16,0.0
initial,115,0.0,0.0,0.0,0.0,0.0,0.0,0.0,0.0,0.0,-1.1102230246251565e-16,0.0,0.0,0.0,-8.881784197001252e-16,0.0,-5.551115123125783e-16,0.0,-1.1102230246251565e-16,-5.551115123125783e-16
initial,116,0.0,0.0,0.0,0.0,0.0,0.0,0.0,0.0,0.0,2.220446049250313e-16,4.440892098500626e-16,-8.881784197001252e-16,0.0,-4.440892098500626e-16,0.0,3.3306690738754696e-16,0.0,2.220446049250313e-16,3.3306690738754696e-16
initial,117,0.0,0.0,0.0,0.0,0.0,0.0,0.0,0.0,0.0,-1.1102230246251565e-16,0.0,-1.1102230246251565e-16,0.0,0.0,0.0,0.0,0.0,-1.1102230246251565e-16,0.0
initial,118,0.0,0.0,0.0,0.0,0.0,0.0,0.0,0.0,0.0,0.0,-1.1102230246251565e-16,0.0,0.0,0.0,0.0,0.0,0.0,0.0,0.0
initial,119,0.0,0.0,0.0,0.0,0.0,0.0,0.0,0.0,0.0,0.0,0.0,1.1102230246251565e-16,0.0,0.0,0.0,0.0,0.0,0.0,0.0
initial,120,0.0,0.0,0.0,0.0,0.0,0.0,0.0,0.0,0.0,-1.1102230246251565e-16,-1.1102230246251565e-16,-1.6653345369377348e-16,0.0,-4.440892098500626e-16,0.0,-2.220446049250313e-16,0.0,-1.1102230246251565e-16,-2.220446049250313e-16
initial,121,0.0,0.0,0.0,-1.3322676295501878e-15,1.3322676295501878e-15,1.7763568394002505e-15,7.771561172376096e-16,0.0,8.881784197001252e-15,3.552713678800501e-15,-1.5543122344752192e-15,1.8318679906315083e-15,0.0,1.1102230246251565e-14,0.0,7.105427357601002e-15,0.0,3.552713678800501e-15,7.105427357601002e-15
initial,122,0.0,0.0,0.0,7.771561172376096e-16,-1.2212453270876722e-15,-3.552713678800501e-15,-2.220446049250313e-15,0.0,4.884981308350689e-15,-9.658940314238862e-15,-9.769962616701378e-15,-1.1435297153639112e-14,0.0,-2.886579864025407e-14,0.0,-7.882583474838611e-15,0.0,-9.658940314238862e-15,-7.882583474838611e-15
initial,123,0.0,0.0,0.0,0.0,0.0,0.0,0.0,0.0,0.0,-1.1102230246251565e-16,0.0,1.6653345369377348e-16,0.0,0.0,0.0,0.0,0.0,-1.1102230246251565e-16,0.0
initial,124,0.0,0.0,0.0,-8.881784197001252e-16,2.6645352591003757e-15,5.551115123125783e-16,9.992007221626409e-16,0.0,2.220446049250313e-15,-3.219646771412954e-15,-3.699818229563334e-14,-6.217248937900877e-15,0.0,-5.129230373768223e-14,0.0,-1.4988010832439613e-14,0.0,-3.219646771412954e-15,-1.4988010832439613e-14
initial,125,0.0,0.0,0.0,0.0,0.0,0.0,0.0,0.0,0.0,-2.220446049250313e-16,-1.3322676295501878e-15,6.661338147750939e-16,0.0,-4.440892098500626e-16,0.0,-4.440892098500626e-16,0.0,-2.220446049250313e-16,-4.440892098500626e-16
initial,126,0.0,0.0,0.0,0.0,0.0,0.0,0.0,0.0,0.0,0.0,2.220446049250313e-16,0.0,0.0,0.0,0.0,0.0,0.0,0.0,0.0
initial,127,0.0,0.0,0.0,-3.6637359812630166e-15,2.1094237467877974e-15,2.9976021664879227e-15,4.551914400963142e-15,0.0,1.199040866595169e-14,2.475797344914099e-14,3.68594044175552e-14,1.765254609153999e-14,0.0,1.156852391659413e-13,0.0,3.397282455352979e-14,0.0,2.475797344914099e-14,3.397282455352979e-14
initial,128,0.0,0.0,0.0,-2.4424906541753444e-15,-5.551115123125783e-15,1.3322676295501878e-15,2.220446049250313e-15,0.0,1.1102230246251565e-14,-5.995204332975845e-15,1.3322676295501878e-15,2.4424906541753444e-15,0.0,1.2434497875801753e-14,0.0,9.992007221626409e-16,0.0,-5.995204332975845e-15,9.992007221626409e-16
initial,129,0.0,0.0,0.0,0.0,0.0,0.0,0.0,0.0,0.0,0.0,0.0,0.0,0.0,0.0,0.0,0.0,0.0,0.0,0.0
initial,130,0.0,0.0,0.0,0.0,0.0,0.0,0.0,0.0,0.0,0.0,0.0,0.0,0.0,0.0,0.0,0.0,0.0,0.0,0.0
initial,131,0.0,0.0,0.0,0.0,0.0,0.0,0.0,0.0,0.0,0.0,0.0,0.0,0.0,0.0,0.0,0.0,0.0,0.0,0.0
initial,132,0.0,0.0,0.0,1.1102230246251565e-16,-2.220446049250313e-16,7.771561172376096e-16,3.3306690738754696e-16,0.0,3.1086244689504383e-15,-4.440892098500626e-16,8.881784197001252e-16,4.440892098500626e-16,0.0,3.552713678800501e-15,0.0,6.661338147750939e-16,0.0,-4.440892098500626e-16,6.661338147750939e-16
initial,133,0.0,0.0,0.0,0.0,0.0,0.0,0.0,0.0,0.0,0.0,0.0,0.0,0.0,0.0,0.0,0.0,0.0,0.0,0.0
initial,134,0.0,0.0,0.0,0.0,0.0,0.0,0.0,0.0,0.0,0.0,0.0,0.0,0.0,0.0,0.0,0.0,0.0,0.0,0.0
initial,135,0.0,0.0,0.0,0.0,0.0,0.0,0.0,0.0,0.0,0.0,0.0,0.0,0.0,0.0,0.0,0.0,0.0,0.0,0.0
initial,136,0.0,0.0,0.0,0.0,0.0,0.0,0.0,0.0,0.0,0.0,0.0,0.0,0.0,0.0,0.0,0.0,0.0,0.0,0.0
initial,137,0.0,0.0,0.0,0.0,0.0,0.0,0.0,0.0,0.0,2.220446049250313e-16,0.0,0.0,0.0,-4.440892098500626e-16,0.0,-1.1102230246251565e-16,0.0,2.220446049250313e-16,-1.1102230246251565e-16
initial,138,0.0,0.0,0.0,1.5543122344752192e-15,-3.1086244689504383e-15,-1.887379141862766e-15,-4.884981308350689e-15,0.0,-6.661338147750939e-15,-3.1086244689504383e-15,-1.9984014443252818e-15,-4.9960036108132044e-15,0.0,-6.661338147750939e-15,0.0,-1.1102230246251565e-15,0.0,-3.1086244689504383e-15,-1.1102230246251565e-15
initial,139,0.0,0.0,0.0,-1.2212453270876722e-15,1.2212453270876722e-15,6.661338147750939e-16,8.881784197001252e-16,0.0,8.881784197001252e-16,1.3322676295501878e-15,8.881784197001252e-16,9.992007221626409e-16,0.0,1.3322676295501878e-15,0.0,3.3306690738754696e-16,0.0,1.3322676295501878e-15,3.3306690738754696e-16
initial,140,0.0,0.0,0.0,1.1102230246251565e-16,1.4432899320127035e-15,-2.220446049250313e-16,0.0,0.0,4.440892098500626e-16,1.5543122344752192e-15,-2.220446049250313e-16,1.1102230246251565e-16,0.0,4.440892098500626e-16,0.0,8.881784197001252e-16,0.0,1.5543122344752192e-15,8.881784197001252e-16
initial,141,0.0,0.0,0.0,0.0,0.0,0.0,0.0,0.0,0.0,0.0,0.0,0.0,0.0,0.0,0.0,0.0,0.0,0.0,0.0
initial,142,0.0,0.0,0.0,0.0,0.0,0.0,0.0,0.0,0.0,0.0,0.0,0.0,0.0,-4.440892098500626e-16,0.0,0.0,0.0,0.0,0.0
initial,143,0.0,0.0,0.0,2.220446049250313e-16,-4.440892098500626e-16,-8.881784197001252e-16,0.0,0.0,3.552713678800501e-15,-4.440892098500626e-16,-9.992007221626409e-16,0.0,0.0,3.552713678800501e-15,0.0,1.7763568394002505e-15,0.0,-4.440892098500626e-16,1.7763568394002505e-15
initial,144,0.0,0.0,0.0,0.0,1.1102230246251565e-16,0.0,-1.1102230246251565e-16,0.0,2.6645352591003757e-15,2.220446049250313e-16,0.0,0.0,0.0,2.6645352591003757e-15,0.0,1.2212453270876722e-15,0.0,2.220446049250313e-16,1.2212453270876722e-15
initial,145,0.0,0.0,0.0,-8.881784197001252e-16,-4.9960036108132044e-15,1.3322676295501878e-15,1.2212453270876722e-15,0.0,1.7763568394002505e-15,-5.329070518200751e-15,1.4432899320127035e-15,1.3322676295501878e-15,0.0,1.7763568394002505e-15,0.0,-2.55351295663786e-15,0.0,-5.329070518200751e-15,-2.55351295663786e-15
initial,146,0.0,0.0,0.0,-4.440892098500626e-16,3.3306690738754696e-15,1.9984014443252818e-15,2.220446049250313e-16,0.0,-1.3322676295501878e-15,3.552713678800501e-15,2.1094237467877974e-15,2.220446049250313e-16,0.0,-1.7763568394002505e-15,0.0,-2.220446049250313e-16,0.0,3.552713678800501e-15,-2.220446049250313e-16
initial,147,0.0,0.0,0.0,0.0,0.0,0.0,0.0,0.0,0.0,0.0,0.0,0.0,0.0,-4.440892098500626e-16,0.0,-2.220446049250313e-16,0.0,0.0,-2.220446049250313e-16
initial,148,0.0,0.0,0.0,0.0,0.0,0.0,0.0,0.0,0.0,0.0,-1.1102230246251565e-16,-1.1102230246251565e-16,0.0,-4.440892098500626e-16,0.0,0.0,0.0,0.0,0.0
initial,149,0.0,0.0,0.0,0.0,0.0,0.0,0.0,0.0,0.0,0.0,-2.220446049250313e-16,0.0,0.0,-4.440892098500626e-16,0.0,0.0,0.0,0.0,0.0
initial,150,0.0,0.0,0.0,0.0,0.0,0.0,0.0,0.0,0.0,0.0,1.1102230246251565e-16,0.0,0.0,0.0,0.0,0.0,0.0,0.0,0.0
initial,151,0.0,0.0,0.0,0.0,0.0,0.0,0.0,0.0,0.0,0.0,0.0,0.0,0.0,0.0,0.0,0.0,0.0,0.0,0.0
initial,152,0.0,0.0,0.0,0.0,0.0,0.0,0.0,0.0,0.0,0.0,0.0,0.0,0.0,0.0,0.0,0.0,0.0,0.0,0.0
initial,153,0.0,0.0,0.0,0.0,0.0,0.0,0.0,0.0,0.0,1.1102230246251565e-16,0.0,-2.220446049250313e-16,0.0,-4.440892098500626e-16,0.0,0.0,0.0,1.1102230246251565e-16,0.0
initial,154,0.0,0.0,0.0,0.0,0.0,0.0,0.0,0.0,0.0,0.0,0.0,0.0,0.0,0.0,0.0,0.0,0.0,0.0,0.0
initial,155,0.0,0.0,0.0,4.440892098500626e-16,-4.440892098500626e-16,-1.1102230246251565e-15,-2.220446049250313e-16,0.0,-8.881784197001252e-16,-6.661338147750939e-16,-3.552713678800501e-15,-6.661338147750939e-16,0.0,-3.552713678800501e-15,0.0,0.0,0.0,-6.661338147750939e-16,0.0
initial,156,0.0,0.0,0.0,0.0,0.0,0.0,0.0,0.0,0.0,0.0,0.0,0.0,0.0,0.0,0.0,0.0,0.0,0.0,0.0
initial,157,0.0,0.0,0.0,0.0,0.0,0.0,0.0,0.0,0.0,0.0,0.0,0.0,0.0,0.0,0.0,0.0,0.0,0.0,0.0
initial,158,0.0,0.0,0.0,0.0,0.0,0.0,0.0,0.0,0.0,0.0,0.0,0.0,0.0,0.0,0.0,0.0,0.0,0.0,0.0
initial,159,0.0,0.0,0.0,0.0,0.0,0.0,0.0,0.0,0.0,0.0,0.0,0.0,0.0,0.0,0.0,0.0,0.0,0.0,0.0
initial,160,0.0,0.0,0.0,0.0,0.0,0.0,0.0,0.0,0.0,0.0,0.0,0.0,0.0,0.0,0.0,0.0,0.0,0.0,0.0
initial,161,0.0,0.0,0.0,0.0,0.0,0.0,0.0,0.0,0.0,0.0,0.0,0.0,0.0,-4.440892098500626e-16,0.0,-1.1102230246251565e-16,0.0,0.0,-1.1102230246251565e-16
initial,162,0.0,0.0,0.0,0.0,0.0,0.0,0.0,0.0,0.0,0.0,0.0,0.0,0.0,0.0,0.0,0.0,0.0,0.0,0.0
initial,163,0.0,0.0,0.0,0.0,0.0,0.0,0.0,0.0,0.0,0.0,0.0,0.0,0.0,0.0,0.0,0.0,0.0,0.0,0.0
initial,164,0.0,0.0,0.0,0.0,0.0,0.0,0.0,0.0,0.0,0.0,0.0,0.0,0.0,0.0,0.0,0.0,0.0,0.0,0.0
initial,165,0.0,0.0,0.0,2.220446049250313e-16,5.551115123125783e-16,-6.661338147750939e-16,-1.1102230246251565e-16,0.0,3.9968028886505635e-15,6.661338147750939e-16,-8.881784197001252e-16,-2.220446049250313e-16,0.0,3.9968028886505635e-15,0.0,2.3314683517128287e-15,0.0,6.661338147750939e-16,2.3314683517128287e-15
initial,166,0.0,0.0,0.0,0.0,1.5543122344752192e-15,-1.1102230246251565e-15,-2.220446049250313e-16,0.0,8.43769498715119e-15,1.5543122344752192e-15,-1.1102230246251565e-15,-1.1102230246251565e-16,0.0,9.325873406851315e-15,0.0,4.884981308350689e-15,0.0,1.5543122344752192e-15,4.884981308350689e-15
initial,167,0.0,0.0,0.0,0.0,0.0,0.0,0.0,0.0,0.0,0.0,0.0,0.0,0.0,0.0,0.0,0.0,0.0,0.0,0.0
initial,168,0.0,0.0,0.0,0.0,0.0,0.0,0.0,0.0,0.0,0.0,0.0,0.0,0.0,0.0,0.0,0.0,0.0,0.0,0.0
initial,169,0.0,0.0,0.0,0.0,0.0,0.0,0.0,0.0,0.0,0.0,0.0,0.0,0.0,0.0,0.0,0.0,0.0,0.0,0.0
initial,170,0.0,0.0,0.0,0.0,0.0,0.0,0.0,0.0,0.0,0.0,0.0,0.0,0.0,0.0,0.0,0.0,0.0,0.0,0.0
initial,171,0.0,0.0,0.0,-1.1102230246251565e-16,1.1102230246251565e-16,-3.3306690738754696e-16,-6.661338147750939e-16,0.0,4.440892098500626e-16,0.0,-4.440892098500626e-16,-4.440892098500626e-16,0.0,4.440892098500626e-16,0.0,5.551115123125783e-16,0.0,0.0,5.551115123125783e-16
initial,172,0.0,0.0,0.0,1.1102230246251565e-16,1.1102230246251565e-16,4.440892098500626e-16,-8.881784197001252e-16,0.0,1.3322676295501878e-15,2.220446049250313e-16,4.440892098500626e-16,-6.661338147750939e-16,0.0,1.7763568394002505e-15,0.0,9.992007221626409e-16,0.0,2.220446049250313e-16,9.992007221626409e-16
initial,173,0.0,0.0,0.0,0.0,0.0,0.0,0.0,0.0,0.0,0.0,0.0,0.0,0.0,0.0,0.0,0.0,0.0,0.0,0.0
initial,174,0.0,0.0,0.0,0.0,0.0,0.0,0.0,0.0,0.0,0.0,0.0,0.0,0.0,-4.440892098500626e-16,0.0,-2.220446049250313e-16,0.0,0.0,-2.220446049250313e-16
initial,175,0.0,0.0,0.0,0.0,0.0,0.0,0.0,0.0,0.0,0.0,0.0,0.0,0.0,0.0,0.0,0.0,0.0,0.0,0.0
initial,176,0.0,0.0,0.0,0.0,0.0,0.0,0.0,0.0,0.0,0.0,0.0,0.0,0.0,0.0,0.0,0.0,0.0,0.0,0.0
initial,177,0.0,0.0,0.0,0.0,0.0,0.0,0.0,0.0,0.0,0.0,0.0,1.1102230246251565e-16,0.0,0.0,0.0,0.0,0.0,0.0,0.0
initial,178,0.0,0.0,0.0,0.0,0.0,0.0,0.0,0.0,0.0,0.0,0.0,0.0,0.0,0.0,0.0,0.0,0.0,0.0,0.0
initial,179,0.0,0.0,0.0,0.0,0.0,0.0,0.0,0.0,0.0,0.0,0.0,0.0,0.0,0.0,0.0,0.0,0.0,0.0,0.0
initial,180,0.0,0.0,0.0,0.0,0.0,0.0,0.0,0.0,0.0,0.0,0.0,0.0,0.0,0.0,0.0,0.0,0.0,0.0,0.0
initial,181,0.0,0.0,0.0,3.3306690738754696e-16,0.0,1.1102230246251565e-16,7.771561172376096e-16,0.0,-3.1086244689504383e-15,0.0,2.220446049250313e-16,1.1102230246251565e-15,0.0,-3.1086244689504383e-15,0.0,-1.7763568394002505e-15,0.0,0.0,-1.7763568394002505e-15
initial,182,0.0,0.0,0.0,0.0,0.0,0.0,0.0,0.0,0.0,0.0,0.0,0.0,0.0,0.0,0.0,0.0,0.0,0.0,0.0
initial,183,0.0,0.0,0.0,0.0,0.0,0.0,0.0,0.0,0.0,0.0,0.0,0.0,0.0,0.0,0.0,0.0,0.0,0.0,0.0
initial,184,0.0,0.0,0.0,0.0,0.0,0.0,0.0,0.0,0.0,0.0,0.0,0.0,0.0,0.0,0.0,0.0,0.0,0.0,0.0
initial,185,0.0,0.0,0.0,0.0,0.0,0.0,0.0,0.0,0.0,0.0,0.0,0.0,0.0,0.0,0.0,0.0,0.0,0.0,0.0
initial,186,0.0,0.0,0.0,0.0,0.0,0.0,0.0,0.0,0.0,-2.220446049250313e-16,0.0,-1.1102230246251565e-16,0.0,0.0,0.0,0.0,0.0,-2.220446049250313e-16,0.0
initial,187,0.0,0.0,0.0,0.0,0.0,0.0,0.0,0.0,0.0,0.0,0.0,0.0,0.0,0.0,0.0,0.0,0.0,0.0,0.0
initial,188,0.0,0.0,0.0,0.0,0.0,0.0,0.0,0.0,0.0,0.0,0.0,0.0,0.0,0.0,0.0,0.0,0.0,0.0,0.0
initial,189,0.0,0.0,0.0,0.0,0.0,0.0,0.0,0.0,0.0,0.0,0.0,0.0,0.0,0.0,0.0,0.0,0.0,0.0,0.0
initial,190,0.0,0.0,0.0,4.440892098500626e-16,-1.1102230246251565e-15,7.771561172376096e-16,-2.220446049250313e-16,0.0,6.661338147750939e-15,-1.9984014443252818e-15,-1.3433698597964394e-14,-1.7763568394002505e-15,0.0,-7.549516567451064e-15,0.0,2.1094237467877974e-15,0.0,-1.9984014443252818e-15,2.1094237467877974e-15
initial,191,0.0,0.0,0.0,0.0,0.0,0.0,0.0,0.0,0.0,0.0,1.1102230246251565e-16,0.0,0.0,0.0,0.0,0.0,0.0,0.0,0.0
initial,192,0.0,0.0,0.0,0.0,0.0,0.0,0.0,0.0,0.0,0.0,0.0,0.0,0.0,0.0,0.0,0.0,0.0,0.0,0.0
initial,193,0.0,0.0,0.0,0.0,0.0,0.0,0.0,0.0,0.0,0.0,0.0,0.0,0.0,0.0,0.0,0.0,0.0,0.0,0.0
initial,194,0.0,0.0,0.0,0.0,0.0,0.0,0.0,0.0,0.0,0.0,0.0,0.0,0.0,0.0,0.0,0.0,0.0,0.0,0.0
initial,195,0.0,0.0,0.0,0.0,0.0,0.0,0.0,0.0,0.0,0.0,0.0,0.0,0.0,0.0,0.0,0.0,0.0,0.0,0.0
initial,196,0.0,0.0,0.0,0.0,0.0,0.0,0.0,0.0,0.0,0.0,0.0,0.0,0.0,0.0,0.0,0.0,0.0,0.0,0.0
initial,197,0.0,0.0,0.0,0.0,0.0,0.0,0.0,0.0,0.0,0.0,0.0,0.0,0.0,0.0,0.0,0.0,0.0,0.0,0.0
initial,198,0.0,0.0,0.0,0.0,-2.220446049250313e-16,2.220446049250313e-16,-1.7763568394002505e-15,0.0,-2.6645352591003757e-15,0.0,-1.7763568394002505e-15,-1.9984014443252818e-15,0.0,-4.884981308350689e-15,0.0,-2.220446049250313e-16,0.0,0.0,-2.220446049250313e-16
initial,199,0.0,0.0,0.0,0.0,0.0,0.0,0.0,0.0,0.0,0.0,0.0,0.0,0.0,0.0,0.0,0.0,0.0,0.0,0.0
initial,200,0.0,0.0,0.0,0.0,0.0,0.0,0.0,0.0,0.0,2.220446049250313e-16,2.220446049250313e-16,0.0,0.0,4.440892098500626e-16,0.0,0.0,0.0,2.220446049250313e-16,0.0
initial,201,0.0,0.0,0.0,0.0,0.0,0.0,0.0,0.0,0.0,0.0,0.0,0.0,0.0,0.0,0.0,0.0,0.0,0.0,0.0
initial,202,0.0,0.0,0.0,0.0,0.0,0.0,0.0,0.0,0.0,0.0,0.0,0.0,0.0,0.0,0.0,0.0,0.0,0.0,0.0
initial,203,0.0,0.0,0.0,0.0,0.0,0.0,0.0,0.0,0.0,0.0,0.0,2.220446049250313e-16,0.0,4.440892098500626e-16,0.0,0.0,0.0,0.0,0.0
initial,204,0.0,0.0,0.0,0.0,0.0,0.0,0.0,0.0,0.0,0.0,0.0,0.0,0.0,0.0,0.0,0.0,0.0,0.0,0.0
initial,205,0.0,0.0,0.0,0.0,0.0,0.0,0.0,0.0,0.0,0.0,0.0,0.0,0.0,0.0,0.0,0.0,0.0,0.0,0.0
initial,206,0.0,0.0,0.0,0.0,0.0,0.0,0.0,0.0,0.0,0.0,0.0,0.0,0.0,0.0,0.0,0.0,0.0,0.0,0.0
initial,207,0.0,0.0,0.0,0.0,0.0,0.0,0.0,0.0,0.0,0.0,1.1102230246251565e-16,1.1102230246251565e-16,0.0,0.0,0.0,0.0,0.0,0.0,0.0
initial,208,0.0,0.0,0.0,0.0,0.0,0.0,0.0,0.0,0.0,0.0,0.0,0.0,0.0,0.0,0.0,0.0,0.0,0.0,0.0
initial,209,0.0,0.0,0.0,0.0,0.0,0.0,0.0,0.0,0.0,0.0,0.0,0.0,0.0,0.0,0.0,0.0,0.0,0.0,0.0
initial,210,0.0,0.0,0.0,0.0,0.0,0.0,0.0,0.0,0.0,0.0,0.0,0.0,0.0,0.0,0.0,0.0,0.0,0.0,0.0
initial,211,0.0,0.0,0.0,0.0,0.0,0.0,0.0,0.0,0.0,0.0,0.0,0.0,0.0,-4.440892098500626e-16,0.0,-2.220446049250313e-16,0.0,0.0,-2.220446049250313e-16
initial,212,0.0,0.0,0.0,0.0,0.0,0.0,0.0,0.0,0.0,0.0,0.0,0.0,0.0,0.0,0.0,0.0,0.0,0.0,0.0
initial,213,0.0,0.0,0.0,0.0,0.0,0.0,0.0,0.0,0.0,0.0,0.0,0.0,0.0,0.0,0.0,0.0,0.0,0.0,0.0
initial,214,0.0,0.0,0.0,0.0,0.0,0.0,0.0,0.0,0.0,0.0,0.0,0.0,0.0,0.0,0.0,0.0,0.0,0.0,0.0
initial,215,0.0,0.0,0.0,0.0,0.0,0.0,0.0,0.0,0.0,0.0,0.0,0.0,0.0,0.0,0.0,0.0,0.0,0.0,0.0
initial,216,0.0,0.0,0.0,0.0,0.0,0.0,0.0,0.0,0.0,0.0,0.0,0.0,0.0,0.0,0.0,0.0,0.0,0.0,0.0
initial,217,0.0,0.0,0.0,0.0,0.0,0.0,0.0,0.0,0.0,0.0,0.0,1.1102230246251565e-16,0.0,0.0,0.0,0.0,0.0,0.0,0.0
initial,218,0.0,0.0,0.0,0.0,0.0,0.0,0.0,0.0,0.0,2.220446049250313e-16,1.1102230246251565e-16,0.0,0.0,4.440892098500626e-16,0.0,0.0,0.0,2.220446049250313e-16,0.0
initial,219,0.0,0.0,0.0,0.0,0.0,0.0,0.0,0.0,0.0,0.0,0.0,0.0,0.0,-4.440892098500626e-16,0.0,0.0,0.0,0.0,0.0
initial,220,0.0,0.0,0.0,0.0,0.0,0.0,0.0,0.0,0.0,0.0,1.1102230246251565e-16,-2.220446049250313e-16,0.0,0.0,0.0,0.0,0.0,0.0,0.0
initial,221,0.0,0.0,0.0,0.0,0.0,0.0,0.0,0.0,0.0,0.0,1.1102230246251565e-16,0.0,0.0,0.0,0.0,0.0,0.0,0.0,0.0
initial,222,0.0,0.0,0.0,0.0,0.0,0.0,0.0,0.0,0.0,0.0,0.0,0.0,0.0,0.0,0.0,0.0,0.0,0.0,0.0
initial,223,0.0,0.0,0.0,0.0,0.0,0.0,0.0,0.0,0.0,0.0,0.0,0.0,0.0,0.0,0.0,0.0,0.0,0.0,0.0
initial,224,0.0,0.0,0.0,3.885780586188048e-15,-5.773159728050814e-15,-5.773159728050814e-15,-5.10702591327572e-15,0.0,-1.7763568394002505e-14,-7.771561172376096e-15,-5.10702591327572e-15,-4.884981308350689e-15,0.0,-1.9984014443252818e-14,0.0,-7.105427357601002e-15,0.0,-7.771561172376096e-15,-7.105427357601002e-15
initial,225,0.0,0.0,0.0,0.0,0.0,0.0,0.0,0.0,0.0,1.1102230246251565e-16,0.0,5.551115123125783e-16,0.0,8.881784197001252e-16,0.0,3.3306690738754696e-16,0.0,1.1102230246251565e-16,3.3306690738754696e-16
initial,226,0.0,0.0,0.0,3.3306690738754696e-16,-3.3306690738754696e-16,-1.4432899320127035e-15,6.661338147750939e-16,0.0,-3.9968028886505635e-15,-5.662137425588298e-15,-1.6542323066914832e-14,7.771561172376096e-15,0.0,-1.9095836023552692e-14,0.0,-7.327471962526033e-15,0.0,-5.662137425588298e-15,-7.327471962526033e-15
initial,227,0.0,0.0,0.0,0.0,0.0,0.0,0.0,0.0,0.0,0.0,0.0,2.220446049250313e-16,0.0,4.440892098500626e-16,0.0,2.220446049250313e-16,0.0,0.0,2.220446049250313e-16
initial,228,0.0,0.0,0.0,0.0,0.0,0.0,0.0,0.0,0.0,0.0,0.0,0.0,0.0,0.0,0.0,0.0,0.0,0.0,0.0
initial,229,0.0,0.0,0.0,0.0,0.0,0.0,0.0,0.0,0.0,0.0,0.0,0.0,0.0,0.0,0.0,0.0,0.0,0.0,0.0
initial,230,0.0,0.0,0.0,0.0,0.0,0.0,0.0,0.0,0.0,0.0,0.0,0.0,0.0,0.0,0.0,0.0,0.0,0.0,0.0
initial,231,0.0,0.0,0.0,0.0,0.0,0.0,0.0,0.0,0.0,0.0,0.0,0.0,0.0,0.0,0.0,0.0,0.0,0.0,0.0
initial,232,0.0,0.0,0.0,0.0,0.0,0.0,0.0,0.0,0.0,0.0,0.0,0.0,0.0,0.0,0.0,0.0,0.0,0.0,0.0
initial,233,0.0,0.0,0.0,6.106226635438361e-15,-6.994405055138486e-15,-1.2434497875801753e-14,-9.992007221626409e-15,0.0,-2.7533531010703882e-14,-1.509903313490213e-14,1.0658141036401503e-14,2.398081733190338e-14,0.0,2.4868995751603507e-14,0.0,-1.865174681370263e-14,0.0,-1.509903313490213e-14,-1.865174681370263e-14
initial,234,0.0,0.0,0.0,0.0,0.0,0.0,0.0,0.0,0.0,0.0,0.0,1.1102230246251565e-16,0.0,0.0,0.0,0.0,0.0,0.0,0.0
initial,235,0.0,0.0,0.0,0.0,0.0,0.0,0.0,0.0,0.0,1.1102230246251565e-16,0.0,-2.220446049250313e-16,0.0,0.0,0.0,0.0,0.0,1.1102230246251565e-16,0.0
initial,236,0.0,0.0,0.0,0.0,0.0,0.0,0.0,0.0,0.0,0.0,-2.220446049250313e-16,2.220446049250313e-16,0.0,0.0,0.0,0.0,0.0,0.0,0.0
initial,237,0.0,0.0,0.0,0.0,0.0,0.0,0.0,0.0,0.0,0.0,0.0,0.0,0.0,0.0,0.0,0.0,0.0,0.0,0.0
initial,238,0.0,0.0,0.0,-2.7755575615628914e-15,4.218847493575595e-15,1.3322676295501878e-15,3.1086244689504383e-15,0.0,1.7319479184152442e-14,-2.120525977034049e-14,5.140332604014475e-14,-5.007105841059456e-14,0.0,-5.684341886080802e-14,0.0,-1.5987211554602254e-14,0.0,-2.120525977034049e-14,-1.5987211554602254e-14
initial,239,0.0,0.0,0.0,0.0,0.0,0.0,0.0,0.0,0.0,6.661338147750939e-16,-4.440892098500626e-16,6.661338147750939e-16,0.0,1.7763568394002505e-15,0.0,7.771561172376096e-16,0.0,6.661338147750939e-16,7.771561172376096e-16
initial,240,0.0,0.0,0.0,0.0,0.0,0.0,0.0,0.0,0.0,0.0,2.220446049250313e-16,0.0,0.0,4.440892098500626e-16,0.0,2.220446049250313e-16,0.0,0.0,2.220446049250313e-16
initial,241,0.0,0.0,0.0,0.0,0.0,0.0,0.0,0.0,0.0,0.0,-8.881784197001252e-16,1.1102230246251565e-16,0.0,-4.440892098500626e-16,0.0,0.0,0.0,0.0,0.0
initial,242,0.0,0.0,0.0,0.0,0.0,0.0,0.0,0.0,0.0,-1.1102230246251565e-16,3.3306690738754696e-16,-8.881784197001252e-16,0.0,-8.881784197001252e-16,0.0,0.0,0.0,-1.1102230246251565e-16,0.0
initial,243,0.0,0.0,0.0,0.0,0.0,0.0,0.0,0.0,0.0,0.0,0.0,2.220446049250313e-16,0.0,-8.881784197001252e-16,0.0,-3.3306690738754696e-16,0.0,0.0,-3.3306690738754696e-16
initial,244,0.0,0.0,0.0,0.0,0.0,0.0,0.0,0.0,0.0,2.220446049250313e-16,6.661338147750939e-16,-8.881784197001252e-16,0.0,4.440892098500626e-16,0.0,5.551115123125783e-16,0.0,2.220446049250313e-16,5.551115123125783e-16
initial,245,0.0,0.0,0.0,0.0,0.0,0.0,0.0,0.0,0.0,0.0,0.0,-1.1102230246251565e-16,0.0,0.0,0.0,0.0,0.0,0.0,0.0
initial,246,0.0,0.0,0.0,0.0,0.0,0.0,0.0,0.0,0.0,0.0,0.0,0.0,0.0,-4.440892098500626e-16,0.0,-2.220446049250313e-16,0.0,0.0,-2.220446049250313e-16
initial,247,0.0,0.0,0.0,0.0,0.0,0.0,0.0,0.0,0.0,0.0,0.0,5.551115123125783e-17,0.0,0.0,0.0,0.0,0.0,0.0,0.0
initial,248,0.0,0.0,0.0,0.0,0.0,0.0,0.0,0.0,0.0,0.0,-1.1102230246251565e-16,-1.6653345369377348e-16,0.0,-4.440892098500626e-16,0.0,-1.1102230246251565e-16,0.0,0.0,-1.1102230246251565e-16
initial,249,0.0,0.0,0.0,-1.3322676295501878e-15,1.2212453270876722e-15,1.1102230246251565e-15,6.661338147750939e-16,0.0,8.43769498715119e-15,1.5543122344752192e-15,6.8833827526759706e-15,-4.551914400963142e-15,0.0,1.1546319456101628e-14,0.0,2.220446049250313e-15,0.0,1.5543122344752192e-15,2.220446049250313e-15
initial,250,0.0,0.0,0.0,8.326672684688674e-16,-1.7763568394002505e-15,-3.774758283725532e-15,-2.6645352591003757e-15,0.0,-1.3322676295501878e-15,-7.105427357601002e-15,0.0,-1.454392162258955e-14,0.0,-1.8207657603852567e-14,0.0,-6.661338147750939e-15,0.0,-7.105427357601002e-15,-6.661338147750939e-15
initial,251,0.0,0.0,0.0,0.0,0.0,0.0,0.0,0.0,0.0,-1.1102230246251565e-16,-2.220446049250313e-16,1.942890293094024e-16,0.0,0.0,0.0,0.0,0.0,-1.1102230246251565e-16,0.0
initial,252,0.0,0.0,0.0,-8.881784197001252e-16,2.3314683517128287e-15,4.718447854656915e-16,9.992007221626409e-16,0.0,1.7763568394002505e-15,1.887379141862766e-15,-2.6728619317850644e-14,-1.9984014443252818e-15,0.0,-2.4646951146678475e-14,0.0,-5.995204332975845e-15,0.0,1.887379141862766e-15,-5.995204332975845e-15
initial,253,0.0,0.0,0.0,0.0,0.0,0.0,0.0,0.0,0.0,-2.220446049250313e-16,-1.3877787807814457e-15,6.661338147750939e-16,0.0,-8.881784197001252e-16,0.0,-4.440892098500626e-16,0.0,-2.220446049250313e-16,-4.440892098500626e-16
initial,254,0.0,0.0,0.0,0.0,0.0,0.0,0.0,0.0,0.0,-1.1102230246251565e-16,1.1102230246251565e-16,0.0,0.0,-4.440892098500626e-16,0.0,-3.3306690738754696e-16,0.0,-1.1102230246251565e-16,-3.3306690738754696e-16
initial,255,0.0,0.0,0.0,-2.9976021664879227e-15,1.6653345369377348e-15,2.3314683517128287e-15,4.107825191113079e-15,0.0,1.0880185641326534e-14,2.375877272697835e-14,2.964295475749168e-14,2.0761170560490427e-14,0.0,1.099120794378905e-13,0.0,3.314015728506092e-14,0.0,2.375877272697835e-14,3.314015728506092e-14
initial,256,0.0,0.0,0.0,-2.220446049250313e-15,-5.551115123125783e-15,9.992007221626409e-16,1.9984014443252818e-15,0.0,1.1102230246251565e-14,-5.995204332975845e-15,1.1102230246251565e-15,2.220446049250313e-15,0.0,1.199040866595169e-14,0.0,1.1102230246251565e-15,0.0,-5.995204332975845e-15,1.1102230246251565e-15
initial,257,0.0,0.0,0.0,0.0,0.0,0.0,0.0,0.0,0.0,0.0,0.0,0.0,0.0,4.440892098500626e-16,0.0,2.220446049250313e-16,0.0,0.0,2.220446049250313e-16
initial,258,0.0,0.0,0.0,0.0,0.0,0.0,0.0,0.0,0.0,2.220446049250313e-16,0.0,0.0,0.0,0.0,0.0,2.220446049250313e-16,0.0,2.220446049250313e-16,2.220446049250313e-16
initial,259,0.0,0.0,0.0,0.0,0.0,0.0,0.0,0.0,0.0,0.0,0.0,0.0,0.0,0.0,0.0,0.0,0.0,0.0,0.0
initial,260,0.0,0.0,0.0,0.0,1.1102230246251565e-16,8.881784197001252e-16,3.3306690738754696e-16,0.0,2.6645352591003757e-15,0.0,1.1102230246251565e-15,4.440892098500626e-16,0.0,2.6645352591003757e-15,0.0,5.551115123125783e-16,0.0,0.0,5.551115123125783e-16
initial,261,0.0,0.0,0.0,0.0,0.0,0.0,0.0,0.0,0.0,0.0,0.0,0.0,0.0,-4.440892098500626e-16,0.0,-1.1102230246251565e-16,0.0,0.0,-1.1102230246251565e-16
initial,262,0.0,0.0,0.0,0.0,0.0,0.0,0.0,0.0,0.0,0.0,0.0,0.0,0.0,0.0,0.0,0.0,0.0,0.0,0.0
initial,263,0.0,0.0,0.0,0.0,0.0,0.0,0.0,0.0,0.0,0.0,0.0,0.0,0.0,0.0,0.0,0.0,0.0,0.0,0.0
initial,264,0.0,0.0,0.0,0.0,0.0,0.0,0.0,0.0,0.0,2.220446049250313e-16,0.0,0.0,0.0,0.0,0.0,0.0,0.0,2.220446049250313e-16,0.0
initial,265,0.0,0.0,0.0,0.0,0.0,0.0,0.0,0.0,0.0,2.220446049250313e-16,0.0,0.0,0.0,0.0,0.0,2.220446049250313e-16,0.0,2.220446049250313e-16,2.220446049250313e-16
initial,266,0.0,0.0,0.0,1.6653345369377348e-15,-3.1086244689504383e-15,-1.9984014443252818e-15,-4.6629367034256575e-15,0.0,-6.661338147750939e-15,-3.1086244689504383e-15,-1.9984014443252818e-15,-4.773959005888173e-15,0.0,-6.661338147750939e-15,0.0,-1.3322676295501878e-15,0.0,-3.1086244689504383e-15,-1.3322676295501878e-15
initial,267,0.0,0.0,0.0,-9.992007221626409e-16,1.2212453270876722e-15,3.3306690738754696e-16,8.881784197001252e-16,0.0,8.881784197001252e-16,1.3322676295501878e-15,4.440892098500626e-16,9.992007221626409e-16,0.0,1.3322676295501878e-15,0.0,3.3306690738754696e-16,0.0,1.3322676295501878e-15,3.3306690738754696e-16
initial,268,0.0,0.0,0.0,1.1102230246251565e-16,1.2212453270876722e-15,-1.1102230246251565e-16,0.0,0.0,4.440892098500626e-16,1.3322676295501878e-15,0.0,1.1102230246251565e-16,0.0,4.440892098500626e-16,0.0,5.551115123125783e-16,0.0,1.3322676295501878e-15,5.551115123125783e-16
initial,269,0.0,0.0,0.0,0.0,0.0,0.0,0.0,0.0,0.0,0.0,0.0,0.0,0.0,0.0,0.0,0.0,0.0,0.0,0.0
initial,270,0.0,0.0,0.0,0.0,0.0,0.0,0.0,0.0,0.0,0.0,0.0,0.0,0.0,0.0,0.0,0.0,0.0,0.0,0.0
initial,271,0.0,0.0,0.0,2.220446049250313e-16,-4.440892098500626e-16,-8.881784197001252e-16,1.1102230246251565e-16,0.0,3.1086244689504383e-15,-4.440892098500626e-16,-9.992007221626409e-16,2.220446049250313e-16,0.0,3.1086244689504383e-15,0.0,1.4432899320127035e-15,0.0,-4.440892098500626e-16,1.4432899320127035e-15
initial,272,0.0,0.0,0.0,0.0,3.3306690738754696e-16,0.0,0.0,0.0,1.3322676295501878e-15,2.220446049250313e-16,0.0,0.0,0.0,1.3322676295501878e-15,0.0,7.771561172376096e-16,0.0,2.220446049250313e-16,7.771561172376096e-16
initial,273,0.0,0.0,0.0,-8.881784197001252e-16,-4.551914400963142e-15,1.1102230246251565e-15,1.3322676295501878e-15,0.0,1.7763568394002505e-15,-4.6629367034256575e-15,1.1102230246251565e-15,1.3322676295501878e-15,0.0,1.7763568394002505e-15,0.0,-2.1094237467877974e-15,0.0,-4.6629367034256575e-15,-2.1094237467877974e-15
initial,274,0.0,0.0,0.0,-3.3306690738754696e-16,3.3306690738754696e-15,1.5543122344752192e-15,-3.3306690738754696e-16,0.0,-2.220446049250313e-15,3.552713678800501e-15,1.6653345369377348e-15,-4.440892098500626e-16,0.0,-2.220446049250313e-15,0.0,0.0,0.0,3.552713678800501e-15,0.0
initial,275,0.0,0.0,0.0,0.0,0.0,0.0,0.0,0.0,0.0,0.0,0.0,0.0,0.0,-4.440892098500626e-16,0.0,-2.220446049250313e-16,0.0,0.0,-2.220446049250313e-16
initial,276,0.0,0.0,0.0,0.0,0.0,0.0,0.0,0.0,0.0,1.1102230246251565e-16,0.0,-1.1102230246251565e-16,0.0,-4.440892098500626e-16,0.0,0.0,0.0,1.1102230246251565e-16,0.0
initial,277,0.0,0.0,0.0,0.0,0.0,0.0,0.0,0.0,0.0,0.0,-2.220446049250313e-16,0.0,0.0,0.0,0.0,0.0,0.0,0.0,0.0
initial,278,0.0,0.0,0.0,0.0,0.0,0.0,0.0,0.0,0.0,0.0,1.1102230246251565e-16,0.0,0.0,0.0,0.0,0.0,0.0,0.0,0.0
initial,279,0.0,0.0,0.0,0.0,0.0,0.0,0.0,0.0,0.0,0.0,0.0,0.0,0.0,0.0,0.0,0.0,0.0,0.0,0.0
initial,280,0.0,0.0,0.0,0.0,0.0,0.0,0.0,0.0,0.0,0.0,0.0,0.0,0.0,0.0,0.0,0.0,0.0,0.0,0.0
initial,281,0.0,0.0,0.0,0.0,0.0,0.0,0.0,0.0,0.0,1.1102230246251565e-16,0.0,-2.220446049250313e-16,0.0,-4.440892098500626e-16,0.0,0.0,0.0,1.1102230246251565e-16,0.0
initial,282,0.0,0.0,0.0,0.0,0.0,0.0,0.0,0.0,0.0,0.0,0.0,0.0,0.0,0.0,0.0,0.0,0.0,0.0,0.0
initial,283,0.0,0.0,0.0,3.3306690738754696e-16,-3.3306690738754696e-16,-6.661338147750939e-16,-3.3306690738754696e-16,0.0,-4.440892098500626e-16,-4.440892098500626e-16,1.1102230246251565e-16,-2.220446049250313e-16,0.0,4.440892098500626e-16,0.0,0.0,0.0,-4.440892098500626e-16,0.0
initial,284,0.0,0.0,0.0,0.0,0.0,0.0,0.0,0.0,0.0,0.0,0.0,0.0,0.0,0.0,0.0,0.0,0.0,0.0,0.0
initial,285,0.0,0.0,0.0,0.0,0.0,0.0,0.0,0.0,0.0,0.0,0.0,0.0,0.0,0.0,0.0,0.0,0.0,0.0,0.0
initial,286,0.0,0.0,0.0,0.0,0.0,0.0,0.0,0.0,0.0,0.0,0.0,0.0,0.0,0.0,0.0,0.0,0.0,0.0,0.0
initial,287,0.0,0.0,0.0,0.0,0.0,0.0,0.0,0.0,0.0,0.0,0.0,0.0,0.0,0.0,0.0,0.0,0.0,0.0,0.0
initial,288,0.0,0.0,0.0,0.0,0.0,0.0,0.0,0.0,0.0,0.0,0.0,0.0,0.0,0.0,0.0,0.0,0.0,0.0,0.0
initial,289,0.0,0.0,0.0,0.0,0.0,0.0,0.0,0.0,0.0,0.0,0.0,0.0,0.0,0.0,0.0,0.0,0.0,0.0,0.0
initial,290,0.0,0.0,0.0,0.0,0.0,0.0,0.0,0.0,0.0,0.0,0.0,0.0,0.0,-4.440892098500626e-16,0.0,-1.1102230246251565e-16,0.0,0.0,-1.1102230246251565e-16
initial,291,0.0,0.0,0.0,0.0,0.0,0.0,0.0,0.0,0.0,0.0,0.0,0.0,0.0,0.0,0.0,0.0,0.0,0.0,0.0
initial,292,0.0,0.0,0.0,0.0,0.0,0.0,0.0,0.0,0.0,0.0,0.0,0.0,0.0,0.0,0.0,0.0,0.0,0.0,0.0
initial,293,0.0,0.0,0.0,2.220446049250313e-16,5.551115123125783e-16,-8.881784197001252e-16,0.0,0.0,4.440892098500626e-15,4.440892098500626e-16,-6.661338147750939e-16,-2.220446049250313e-16,0.0,4.884981308350689e-15,0.0,2.55351295663786e-15,0.0,4.440892098500626e-16,2.55351295663786e-15
initial,294,0.0,0.0,0.0,1.1102230246251565e-16,1.4432899320127035e-15,-1.5543122344752192e-15,-4.440892098500626e-16,0.0,7.549516567451064e-15,1.5543122344752192e-15,-1.5543122344752192e-15,-4.440892098500626e-16,0.0,7.993605777301127e-15,0.0,4.551914400963142e-15,0.0,1.5543122344752192e-15,4.551914400963142e-15
initial,295,0.0,0.0,0.0,0.0,0.0,0.0,0.0,0.0,0.0,0.0,0.0,0.0,0.0,0.0,0.0,0.0,0.0,0.0,0.0
initial,296,0.0,0.0,0.0,0.0,0.0,0.0,0.0,0.0,0.0,-2.220446049250313e-16,0.0,0.0,0.0,-4.440892098500626e-16,0.0,-2.220446049250313e-16,0.0,-2.220446049250313e-16,-2.220446049250313e-16
initial,297,0.0,0.0,0.0,0.0,0.0,0.0,0.0,0.0,0.0,0.0,1.1102230246251565e-16,1.1102230246251565e-16,0.0,0.0,0.0,0.0,0.0,0.0,0.0
initial,298,0.0,0.0,0.0,0.0,0.0,0.0,0.0,0.0,0.0,0.0,0.0,0.0,0.0,0.0,0.0,0.0,0.0,0.0,0.0
initial,299,0.0,0.0,0.0,-1.1102230246251565e-16,3.3306690738754696e-16,-7.771561172376096e-16,-8.881784197001252e-16,0.0,-4.440892098500626e-16,2.220446049250313e-16,-7.771561172376096e-16,-1.1102230246251565e-15,0.0,-4.440892098500626e-16,0.0,6.661338147750939e-16,0.0,2.220446049250313e-16,6.661338147750939e-16
initial,300,0.0,0.0,0.0,1.1102230246251565e-16,2.220446049250313e-16,4.440892098500626e-16,-6.661338147750939e-16,0.0,3.1086244689504383e-15,2.220446049250313e-16,5.551115123125783e-16,-8.881784197001252e-16,0.0,3.1086244689504383e-15,0.0,1.4432899320127035e-15,0.0,2.220446049250313e-16,1.4432899320127035e-15
initial,301,0.0,0.0,0.0,0.0,0.0,0.0,0.0,0.0,0.0,0.0,0.0,0.0,0.0,0.0,0.0,0.0,0.0,0.0,0.0
initial,302,0.0,0.0,0.0,0.0,0.0,0.0,0.0,0.0,0.0,0.0,0.0,0.0,0.0,0.0,0.0,0.0,0.0,0.0,0.0
initial,303,0.0,0.0,0.0,0.0,0.0,0.0,0.0,0.0,0.0,0.0,0.0,0.0,0.0,0.0,0.0,0.0,0.0,0.0,0.0
initial,304,0.0,0.0,0.0,0.0,0.0,0.0,0.0,0.0,0.0,0.0,0.0,0.0,0.0,0.0,0.0,0.0,0.0,0.0,0.0
initial,305,0.0,0.0,0.0,0.0,0.0,0.0,0.0,0.0,0.0,0.0,0.0,1.1102230246251565e-16,0.0,0.0,0.0,0.0,0.0,0.0,0.0
initial,306,0.0,0.0,0.0,0.0,0.0,0.0,0.0,0.0,0.0,0.0,0.0,-1.1102230246251565e-16,0.0,0.0,0.0,2.220446049250313e-16,0.0,0.0,2.220446049250313e-16
initial,307,0.0,0.0,0.0,0.0,0.0,0.0,0.0,0.0,0.0,0.0,0.0,0.0,0.0,0.0,0.0,0.0,0.0,0.0,0.0
initial,308,0.0,0.0,0.0,0.0,0.0,0.0,0.0,0.0,0.0,0.0,0.0,0.0,0.0,4.440892098500626e-16,0.0,2.220446049250313e-16,0.0,0.0,2.220446049250313e-16
initial,309,0.0,0.0,0.0,3.3306690738754696e-16,1.1102230246251565e-16,0.0,5.551115123125783e-16,0.0,-4.440892098500626e-15,0.0,0.0,6.661338147750939e-16,0.0,-4.884981308350689e-15,0.0,-2.1094237467877974e-15,0.0,0.0,-2.1094237467877974e-15
initial,310,0.0,0.0,0.0,0.0,0.0,0.0,0.0,0.0,0.0,0.0,0.0,0.0,0.0,0.0,0.0,0.0,0.0,0.0,0.0
initial,311,0.0,0.0,0.0,0.0,0.0,0.0,0.0,0.0,0.0,0.0,0.0,0.0,0.0,0.0,0.0,0.0,0.0,0.0,0.0
initial,312,0.0,0.0,0.0,0.0,0.0,0.0,0.0,0.0,0.0,0.0,0.0,0.0,0.0,0.0,0.0,0.0,0.0,0.0,0.0
initial,313,0.0,0.0,0.0,0.0,0.0,0.0,0.0,0.0,0.0,0.0,1.1102230246251565e-16,0.0,0.0,0.0,0.0,0.0,0.0,0.0,0.0
initial,314,0.0,0.0,0.0,0.0,0.0,0.0,0.0,0.0,0.0,0.0,0.0,0.0,0.0,4.440892098500626e-16,0.0,0.0,0.0,0.0,0.0
initial,315,0.0,0.0,0.0,0.0,0.0,0.0,0.0,0.0,0.0,0.0,1.1102230246251565e-16,0.0,0.0,0.0,0.0,-2.220446049250313e-16,0.0,0.0,-2.220446049250313e-16
initial,316,0.0,0.0,0.0,0.0,0.0,0.0,0.0,0.0,0.0,0.0,0.0,0.0,0.0,0.0,0.0,0.0,0.0,0.0,0.0
initial,317,0.0,0.0,0.0,0.0,0.0,0.0,0.0,0.0,0.0,0.0,0.0,0.0,0.0,0.0,0.0,0.0,0.0,0.0,0.0
initial,318,0.0,0.0,0.0,5.551115123125783e-16,-1.1102230246251565e-15,6.661338147750939e-16,-2.220446049250313e-16,0.0,6.661338147750939e-15,-1.7763568394002505e-15,-1.2323475573339238e-14,-6.661338147750939e-16,0.0,-5.329070518200751e-15,0.0,2.3314683517128287e-15,0.0,-1.7763568394002505e-15,2.3314683517128287e-15
initial,319,0.0,0.0,0.0,0.0,0.0,0.0,0.0,0.0,0.0,0.0,1.1102230246251565e-16,-2.220446049250313e-16,0.0,0.0,0.0,0.0,0.0,0.0,0.0
initial,320,0.0,0.0,0.0,0.0,0.0,0.0,0.0,0.0,0.0,0.0,0.0,0.0,0.0,0.0,0.0,0.0,0.0,0.0,0.0
initial,321,0.0,0.0,0.0,0.0,0.0,0.0,0.0,0.0,0.0,0.0,0.0,0.0,0.0,0.0,0.0,0.0,0.0,0.0,0.0
initial,322,0.0,0.0,0.0,0.0,0.0,0.0,0.0,0.0,0.0,0.0,0.0,0.0,0.0,0.0,0.0,0.0,0.0,0.0,0.0
initial,323,0.0,0.0,0.0,0.0,0.0,0.0,0.0,0.0,0.0,0.0,0.0,0.0,0.0,0.0,0.0,0.0,0.0,0.0,0.0
initial,324,0.0,0.0,0.0,0.0,0.0,0.0,0.0,0.0,0.0,0.0,0.0,0.0,0.0,0.0,0.0,0.0,0.0,0.0,0.0
initial,325,0.0,0.0,0.0,0.0,0.0,0.0,0.0,0.0,0.0,0.0,2.220446049250313e-16,0.0,0.0,0.0,0.0,0.0,0.0,0.0,0.0
initial,326,0.0,0.0,0.0,0.0,-2.220446049250313e-16,2.220446049250313e-16,-1.7763568394002505e-15,0.0,-3.1086244689504383e-15,0.0,-1.1102230246251565e-15,-2.220446049250313e-15,0.0,-5.329070518200751e-15,0.0,-6.661338147750939e-16,0.0,0.0,-6.661338147750939e-16
initial,327,0.0,0.0,0.0,0.0,0.0,0.0,0.0,0.0,0.0,0.0,0.0,-1.1102230246251565e-16,0.0,0.0,0.0,0.0,0.0,0.0,0.0
initial,328,0.0,0.0,0.0,0.0,0.0,0.0,0.0,0.0,0.0,2.220446049250313e-16,2.220446049250313e-16,0.0,0.0,4.440892098500626e-16,0.0,3.3306690738754696e-16,0.0,2.220446049250313e-16,3.3306690738754696e-16
initial,329,0.0,0.0,0.0,0.0,0.0,0.0,0.0,0.0,0.0,0.0,-1.1102230246251565e-16,0.0,0.0,0.0,0.0,0.0,0.0,0.0,0.0
initial,330,0.0,0.0,0.0,0.0,0.0,0.0,0.0,0.0,0.0,0.0,0.0,0.0,0.0,0.0,0.0,0.0,0.0,0.0,0.0
initial,331,0.0,0.0,0.0,0.0,0.0,0.0,0.0,0.0,0.0,2.220446049250313e-16,2.220446049250313e-16,0.0,0.0,0.0,0.0,0.0,0.0,2.220446049250313e-16,0.0
initial,332,0.0,0.0,0.0,0.0,0.0,0.0,0.0,0.0,0.0,0.0,0.0,0.0,0.0,0.0,0.0,0.0,0.0,0.0,0.0
initial,333,0.0,0.0,0.0,0.0,0.0,0.0,0.0,0.0,0.0,0.0,0.0,0.0,0.0,0.0,0.0,0.0,0.0,0.0,0.0
initial,334,0.0,0.0,0.0,0.0,0.0,0.0,0.0,0.0,0.0,0.0,0.0,0.0,0.0,0.0,0.0,0.0,0.0,0.0,0.0
initial,335,0.0,0.0,0.0,0.0,0.0,0.0,0.0,0.0,0.0,0.0,0.0,1.1102230246251565e-16,0.0,0.0,0.0,0.0,0.0,0.0,0.0
initial,336,0.0,0.0,0.0,0.0,0.0,0.0,0.0,0.0,0.0,0.0,0.0,0.0,0.0,0.0,0.0,0.0,0.0,0.0,0.0
initial,337,0.0,0.0,0.0,0.0,0.0,0.0,0.0,0.0,0.0,0.0,0.0,1.1102230246251565e-16,0.0,0.0,0.0,0.0,0.0,0.0,0.0
initial,338,0.0,0.0,0.0,0.0,0.0,0.0,0.0,0.0,0.0,0.0,0.0,0.0,0.0,0.0,0.0,0.0,0.0,0.0,0.0
initial,339,0.0,0.0,0.0,0.0,0.0,0.0,0.0,0.0,0.0,0.0,0.0,0.0,0.0,0.0,0.0,0.0,0.0,0.0,0.0
initial,340,0.0,0.0,0.0,0.0,0.0,0.0,0.0,0.0,0.0,0.0,0.0,0.0,0.0,0.0,0.0,0.0,0.0,0.0,0.0
initial,341,0.0,0.0,0.0,0.0,0.0,0.0,0.0,0.0,0.0,0.0,0.0,0.0,0.0,0.0,0.0,0.0,0.0,0.0,0.0
initial,342,0.0,0.0,0.0,0.0,0.0,0.0,0.0,0.0,0.0,0.0,0.0,0.0,0.0,0.0,0.0,0.0,0.0,0.0,0.0
initial,343,0.0,0.0,0.0,0.0,0.0,0.0,0.0,0.0,0.0,0.0,0.0,0.0,0.0,0.0,0.0,0.0,0.0,0.0,0.0
initial,344,0.0,0.0,0.0,0.0,0.0,0.0,0.0,0.0,0.0,0.0,0.0,0.0,0.0,0.0,0.0,0.0,0.0,0.0,0.0
initial,345,0.0,0.0,0.0,0.0,0.0,0.0,0.0,0.0,0.0,0.0,2.220446049250313e-16,0.0,0.0,0.0,0.0,-2.220446049250313e-16,0.0,0.0,-2.220446049250313e-16
initial,346,0.0,0.0,0.0,0.0,0.0,0.0,0.0,0.0,0.0,2.220446049250313e-16,1.1102230246251565e-16,1.1102230246251565e-16,0.0,0.0,0.0,0.0,0.0,2.220446049250313e-16,0.0
initial,347,0.0,0.0,0.0,0.0,0.0,0.0,0.0,0.0,0.0,0.0,0.0,0.0,0.0,0.0,0.0,0.0,0.0,0.0,0.0
initial,348,0.0,0.0,0.0,0.0,0.0,0.0,0.0,0.0,0.0,0.0,1.1102230246251565e-16,0.0,0.0,0.0,0.0,0.0,0.0,0.0,0.0
initial,349,0.0,0.0,0.0,0.0,0.0,0.0,0.0,0.0,0.0,0.0,1.1102230246251565e-16,0.0,0.0,0.0,0.0,0.0,0.0,0.0,0.0
initial,350,0.0,0.0,0.0,0.0,0.0,0.0,0.0,0.0,0.0,0.0,0.0,0.0,0.0,0.0,0.0,0.0,0.0,0.0,0.0
initial,351,0.0,0.0,0.0,0.0,0.0,0.0,0.0,0.0,0.0,0.0,0.0,0.0,0.0,0.0,0.0,0.0,0.0,0.0,0.0
initial,352,0.0,0.0,0.0,3.885780586188048e-15,-5.88418203051333e-15,-6.217248937900877e-15,-5.10702591327572e-15,0.0,-1.687538997430238e-14,-9.769962616701378e-15,-7.771561172376096e-15,-9.325873406851315e-15,0.0,-2.930988785010413e-14,0.0,-8.881784197001252e-15,0.0,-9.769962616701378e-15,-8.881784197001252e-15
initial,353,0.0,0.0,0.0,0.0,0.0,0.0,0.0,0.0,0.0,1.1102230246251565e-16,1.1102230246251565e-16,4.440892098500626e-16,0.0,8.881784197001252e-16,0.0,2.220446049250313e-16,0.0,1.1102230246251565e-16,2.220446049250313e-16
initial,354,0.0,0.0,0.0,3.3306690738754696e-16,-2.220446049250313e-16,-1.3322676295501878e-15,6.661338147750939e-16,0.0,-6.217248937900877e-15,-6.328271240363392e-15,-1.965094753586527e-14,6.8833827526759706e-15,0.0,-2.531308496145357e-14,0.0,-8.659739592076221e-15,0.0,-6.328271240363392e-15,-8.659739592076221e-15
initial,355,0.0,0.0,0.0,0.0,0.0,0.0,0.0,0.0,0.0,0.0,-2.220446049250313e-16,0.0,0.0,0.0,0.0,2.220446049250313e-16,0.0,0.0,2.220446049250313e-16
initial,356,0.0,0.0,0.0,0.0,0.0,0.0,0.0,0.0,0.0,0.0,0.0,0.0,0.0,0.0,0.0,0.0,0.0,0.0,0.0
initial,357,0.0,0.0,0.0,0.0,0.0,0.0,0.0,0.0,0.0,-2.220446049250313e-16,0.0,0.0,0.0,0.0,0.0,0.0,0.0,-2.220446049250313e-16,0.0
initial,358,0.0,0.0,0.0,0.0,0.0,0.0,0.0,0.0,0.0,0.0,0.0,0.0,0.0,0.0,0.0,0.0,0.0,0.0,0.0
initial,359,0.0,0.0,0.0,0.0,0.0,0.0,0.0,0.0,0.0,0.0,0.0,0.0,0.0,0.0,0.0,0.0,0.0,0.0,0.0
initial,360,0.0,0.0,0.0,0.0,0.0,0.0,0.0,0.0,0.0,0.0,0.0,0.0,0.0,0.0,0.0,0.0,0.0,0.0,0.0
initial,361,0.0,0.0,0.0,6.106226635438361e-15,-6.994405055138486e-15,-1.2656542480726785e-14,-9.992007221626409e-15,0.0,-2.7533531010703882e-14,-2.020605904817785e-14,-7.771561172376096e-15,3.6193270602780103e-14,0.0,6.217248937900877e-15,0.0,-2.531308496145357e-14,0.0,-2.020605904817785e-14,-2.531308496145357e-14
initial,362,0.0,0.0,0.0,0.0,0.0,0.0,0.0,0.0,0.0,0.0,0.0,1.1102230246251565e-16,0.0,0.0,0.0,0.0,0.0,0.0,0.0
initial,363,0.0,0.0,0.0,0.0,0.0,0.0,0.0,0.0,0.0,1.1102230246251565e-16,2.220446049250313e-16,0.0,0.0,0.0,0.0,-2.220446049250313e-16,0.0,1.1102230246251565e-16,-2.220446049250313e-16
initial,364,0.0,0.0,0.0,0.0,0.0,0.0,0.0,0.0,0.0,0.0,-4.440892098500626e-16,2.220446049250313e-16,0.0,0.0,0.0,1.1102230246251565e-16,0.0,0.0,1.1102230246251565e-16
initial,365,0.0,0.0,0.0,0.0,0.0,0.0,0.0,0.0,0.0,1.1102230246251565e-16,0.0,0.0,0.0,0.0,0.0,1.1102230246251565e-16,0.0,1.1102230246251565e-16,1.1102230246251565e-16
initial,366,0.0,0.0,0.0,-2.7755575615628914e-15,4.440892098500626e-15,1.4988010832439613e-15,3.1086244689504383e-15,0.0,1.687538997430238e-14,-1.687538997430238e-14,4.3798298321462426e-14,-4.551914400963142e-14,0.0,-4.884981308350689e-14,0.0,-1.2434497875801753e-14,0.0,-1.687538997430238e-14,-1.2434497875801753e-14
initial,367,0.0,0.0,0.0,0.0,0.0,0.0,0.0,0.0,0.0,6.661338147750939e-16,-2.220446049250313e-16,4.440892098500626e-16,0.0,1.3322676295501878e-15,0.0,6.661338147750939e-16,0.0,6.661338147750939e-16,6.661338147750939e-16
initial,368,0.0,0.0,0.0,0.0,0.0,0.0,0.0,0.0,0.0,0.0,2.220446049250313e-16,0.0,0.0,4.440892098500626e-16,0.0,0.0,0.0,0.0,0.0
initial,369,0.0,0.0,0.0,0.0,0.0,0.0,0.0,0.0,0.0,0.0,-8.881784197001252e-16,1.1102230246251565e-16,0.0,-4.440892098500626e-16,0.0,0.0,0.0,0.0,0.0
initial,370,0.0,0.0,0.0,0.0,0.0,0.0,0.0,0.0,0.0,-2.220446049250313e-16,6.661338147750939e-16,-8.881784197001252e-16,0.0,-4.440892098500626e-16,0.0,0.0,0.0,-2.220446049250313e-16,0.0
initial,371,0.0,0.0,0.0,0.0,0.0,0.0,0.0,0.0,0.0,-1.1102230246251565e-16,-6.661338147750939e-16,0.0,0.0,-1.7763568394002505e-15,0.0,-3.3306690738754696e-16,0.0,-1.1102230246251565e-16,-3.3306690738754696e-16
initial,372,0.0,0.0,0.0,0.0,0.0,0.0,0.0,0.0,0.0,-2.220446049250313e-16,0.0,-1.5543122344752192e-15,0.0,-2.220446049250313e-15,0.0,0.0,0.0,-2.220446049250313e-16,0.0
initial,373,0.0,0.0,0.0,0.0,0.0,0.0,0.0,0.0,0.0,-1.1102230246251565e-16,2.220446049250313e-16,1.1102230246251565e-16,0.0,0.0,0.0,-3.3306690738754696e-16,0.0,-1.1102230246251565e-16,-3.3306690738754696e-16
initial,374,0.0,0.0,0.0,0.0,0.0,0.0,0.0,0.0,0.0,0.0,0.0,0.0,0.0,0.0,0.0,0.0,0.0,0.0,0.0
initial,375,0.0,0.0,0.0,0.0,0.0,0.0,0.0,0.0,0.0,0.0,0.0,1.6653345369377348e-16,0.0,4.440892098500626e-16,0.0,0.0,0.0,0.0,0.0
initial,376,0.0,0.0,0.0,0.0,0.0,0.0,0.0,0.0,0.0,0.0,-1.1102230246251565e-16,-1.1102230246251565e-16,0.0,-6.661338147750939e-16,0.0,-3.3306690738754696e-16,0.0,0.0,-3.3306690738754696e-16
initial,377,0.0,0.0,0.0,-1.3322676295501878e-15,1.4432899320127035e-15,1.7763568394002505e-15,6.661338147750939e-16,0.0,8.43769498715119e-15,1.0325074129013956e-14,2.1538326677728037e-14,3.3861802251067274e-15,0.0,5.46229728115577e-14,0.0,1.3211653993039363e-14,0.0,1.0325074129013956e-14,1.3211653993039363e-14
initial,378,0.0,0.0,0.0,8.326672684688674e-16,-1.887379141862766e-15,-3.774758283725532e-15,-2.55351295663786e-15,0.0,8.881784197001252e-16,-9.992007221626409e-15,-4.6629367034256575e-15,-1.4432899320127035e-14,0.0,-2.886579864025407e-14,0.0,-1.0325074129013956e-14,0.0,-9.992007221626409e-15,-1.0325074129013956e-14
initial,379,0.0,0.0,0.0,0.0,0.0,0.0,0.0,0.0,0.0,0.0,-1.1102230246251565e-16,1.942890293094024e-16,0.0,0.0,0.0,2.220446049250313e-16,0.0,0.0,2.220446049250313e-16
initial,380,0.0,0.0,0.0,-7.771561172376096e-16,2.1094237467877974e-15,4.163336342344337e-16,6.661338147750939e-16,0.0,1.5543122344752192e-15,-6.328271240363392e-15,-2.6478819137309983e-14,-1.609823385706477e-14,0.0,-6.23945339839338e-14,0.0,-1.7763568394002505e-14,0.0,-6.328271240363392e-15,-1.7763568394002505e-14
initial,381,0.0,0.0,0.0,0.0,0.0,0.0,0.0,0.0,0.0,-2.220446049250313e-16,-1.27675647831893e-15,4.440892098500626e-16,0.0,-1.3322676295501878e-15,0.0,-6.661338147750939e-16,0.0,-2.220446049250313e-16,-6.661338147750939e-16
initial,382,0.0,0.0,0.0,0.0,0.0,0.0,0.0,0.0,0.0,-3.3306690738754696e-16,2.220446049250313e-16,-6.661338147750939e-16,0.0,-1.3322676295501878e-15,0.0,-4.440892098500626e-16,0.0,-3.3306690738754696e-16,-4.440892098500626e-16
initial,383,0.0,0.0,0.0,-2.9976021664879227e-15,1.6653345369377348e-15,2.55351295663786e-15,3.885780586188048e-15,0.0,1.0436096431476471e-14,2.7200464103316335e-14,4.707345624410664e-14,1.2212453270876722e-14,0.0,1.2967404927621828e-13,0.0,3.8469227803261674e-14,0.0,2.7200464103316335e-14,3.8469227803261674e-14
initial,384,0.0,0.0,0.0,-2.6645352591003757e-15,-5.551115123125783e-15,1.7763568394002505e-15,2.6645352591003757e-15,0.0,1.2434497875801753e-14,-5.995204332975845e-15,1.7763568394002505e-15,2.886579864025407e-15,0.0,1.3766765505351941e-14,0.0,1.2212453270876722e-15,0.0,-5.995204332975845e-15,1.2212453270876722e-15
initial,385,0.0,0.0,0.0,0.0,0.0,0.0,0.0,0.0,0.0,0.0,0.0,0.0,0.0,0.0,0.0,0.0,0.0,0.0,0.0
initial,386,0.0,0.0,0.0,0.0,0.0,0.0,0.0,0.0,0.0,0.0,0.0,0.0,0.0,0.0,0.0,0.0,0.0,0.0,0.0
initial,387,0.0,0.0,0.0,0.0,0.0,0.0,0.0,0.0,0.0,0.0,0.0,0.0,0.0,0.0,0.0,0.0,0.0,0.0,0.0
initial,388,0.0,0.0,0.0,1.1102230246251565e-16,-2.220446049250313e-16,7.771561172376096e-16,2.220446049250313e-16,0.0,2.6645352591003757e-15,-4.440892098500626e-16,8.881784197001252e-16,2.220446049250313e-16,0.0,2.6645352591003757e-15,0.0,4.440892098500626e-16,0.0,-4.440892098500626e-16,4.440892098500626e-16
initial,389,0.0,0.0,0.0,0.0,0.0,0.0,0.0,0.0,0.0,0.0,0.0,1.1102230246251565e-16,0.0,0.0,0.0,0.0,0.0,0.0,0.0
initial,390,0.0,0.0,0.0,0.0,0.0,0.0,0.0,0.0,0.0,0.0,0.0,0.0,0.0,0.0,0.0,0.0,0.0,0.0,0.0
initial,391,0.0,0.0,0.0,0.0,0.0,0.0,0.0,0.0,0.0,0.0,0.0,0.0,0.0,0.0,0.0,0.0,0.0,0.0,0.0
initial,392,0.0,0.0,0.0,0.0,0.0,0.0,0.0,0.0,0.0,0.0,0.0,0.0,0.0,0.0,0.0,0.0,0.0,0.0,0.0
initial,393,0.0,0.0,0.0,0.0,0.0,0.0,0.0,0.0,0.0,2.220446049250313e-16,1.1102230246251565e-16,0.0,0.0,0.0,0.0,1.1102230246251565e-16,0.0,2.220446049250313e-16,1.1102230246251565e-16
initial,394,0.0,0.0,0.0,1.5543122344752192e-15,-3.1086244689504383e-15,-1.887379141862766e-15,-4.884981308350689e-15,0.0,-6.661338147750939e-15,-3.1086244689504383e-15,-1.9984014443252818e-15,-4.9960036108132044e-15,0.0,-6.661338147750939e-15,0.0,-1.1102230246251565e-15,0.0,-3.1086244689504383e-15,-1.1102230246251565e-15
initial,395,0.0,0.0,0.0,-7.771561172376096e-16,8.881784197001252e-16,3.3306690738754696e-16,6.661338147750939e-16,0.0,0.0,1.1102230246251565e-15,4.440892098500626e-16,7.771561172376096e-16,0.0,4.440892098500626e-16,0.0,0.0,0.0,1.1102230246251565e-15,0.0
initial,396,0.0,0.0,0.0,1.1102230246251565e-16,1.3322676295501878e-15,-2.220446049250313e-16,0.0,0.0,1.3322676295501878e-15,1.5543122344752192e-15,-2.220446049250313e-16,0.0,0.0,1.3322676295501878e-15,0.0,1.4432899320127035e-15,0.0,1.5543122344752192e-15,1.4432899320127035e-15
initial,397,0.0,0.0,0.0,0.0,0.0,0.0,0.0,0.0,0.0,0.0,0.0,0.0,0.0,0.0,0.0,0.0,0.0,0.0,0.0
initial,398,0.0,0.0,0.0,0.0,0.0,0.0,0.0,0.0,0.0,0.0,0.0,0.0,0.0,0.0,0.0,0.0,0.0,0.0,0.0
initial,399,0.0,0.0,0.0,2.220446049250313e-16,-4.440892098500626e-16,-1.1102230246251565e-15,0.0,0.0,4.440892098500626e-15,-4.440892098500626e-16,-1.2212453270876722e-15,0.0,0.0,4.440892098500626e-15,0.0,2.1094237467877974e-15,0.0,-4.440892098500626e-16,2.1094237467877974e-15
initial,400,0.0,0.0,0.0,0.0,2.220446049250313e-16,0.0,0.0,0.0,2.220446049250313e-15,4.440892098500626e-16,0.0,0.0,0.0,2.220446049250313e-15,0.0,1.1102230246251565e-15,0.0,4.440892098500626e-16,1.1102230246251565e-15
initial,401,0.0,0.0,0.0,-8.881784197001252e-16,-5.10702591327572e-15,1.3322676295501878e-15,1.2212453270876722e-15,0.0,1.7763568394002505e-15,-5.551115123125783e-15,1.4432899320127035e-15,1.3322676295501878e-15,0.0,1.7763568394002505e-15,0.0,-2.6645352591003757e-15,0.0,-5.551115123125783e-15,-2.6645352591003757e-15
initial,402,0.0,0.0,0.0,-4.440892098500626e-16,3.3306690738754696e-15,1.7763568394002505e-15,3.3306690738754696e-16,0.0,-1.3322676295501878e-15,3.552713678800501e-15,1.887379141862766e-15,4.440892098500626e-16,0.0,-1.7763568394002505e-15,0.0,-3.3306690738754696e-16,0.0,3.552713678800501e-15,-3.3306690738754696e-16
initial,403,0.0,0.0,0.0,0.0,0.0,0.0,0.0,0.0,0.0,1.1102230246251565e-16,0.0,-2.220446049250313e-16,0.0,-4.440892098500626e-16,0.0,-2.220446049250313e-16,0.0,1.1102230246251565e-16,-2.220446049250313e-16
initial,404,0.0,0.0,0.0,0.0,0.0,0.0,0.0,0.0,0.0,0.0,-1.1102230246251565e-16,-1.1102230246251565e-16,0.0,0.0,0.0,0.0,0.0,0.0,0.0
initial,405,0.0,0.0,0.0,0.0,0.0,0.0,0.0,0.0,0.0,0.0,0.0,-1.1102230246251565e-16,0.0,0.0,0.0,2.220446049250313e-16,0.0,0.0,2.220446049250313e-16
initial,406,0.0,0.0,0.0,0.0,0.0,0.0,0.0,0.0,0.0,0.0,1.1102230246251565e-16,0.0,0.0,0.0,0.0,0.0,0.0,0.0,0.0
initial,407,0.0,0.0,0.0,0.0,0.0,0.0,0.0,0.0,0.0,0.0,0.0,0.0,0.0,0.0,0.0,0.0,0.0,0.0,0.0
initial,408,0.0,0.0,0.0,0.0,0.0,0.0,0.0,0.0,0.0,0.0,0.0,0.0,0.0,0.0,0.0,0.0,0.0,0.0,0.0
initial,409,0.0,0.0,0.0,0.0,0.0,0.0,0.0,0.0,0.0,1.1102230246251565e-16,-1.1102230246251565e-16,-2.220446049250313e-16,0.0,-4.440892098500626e-16,0.0,0.0,0.0,1.1102230246251565e-16,0.0
initial,410,0.0,0.0,0.0,0.0,0.0,0.0,0.0,0.0,0.0,0.0,0.0,0.0,0.0,0.0,0.0,0.0,0.0,0.0,0.0
initial,411,0.0,0.0,0.0,4.440892098500626e-16,-2.220446049250313e-16,-9.992007221626409e-16,-1.1102230246251565e-16,0.0,-1.3322676295501878e-15,-2.220446049250313e-16,-4.440892098500626e-15,-8.881784197001252e-16,0.0,-5.773159728050814e-15,0.0,-2.220446049250313e-16,0.0,-2.220446049250313e-16,-2.220446049250313e-16
initial,412,0.0,0.0,0.0,0.0,0.0,0.0,0.0,0.0,0.0,0.0,0.0,0.0,0.0,0.0,0.0,0.0,0.0,0.0,0.0
initial,413,0.0,0.0,0.0,0.0,0.0,0.0,0.0,0.0,0.0,0.0,0.0,0.0,0.0,-4.440892098500626e-16,0.0,0.0,0.0,0.0,0.0
initial,414,0.0,0.0,0.0,0.0,0.0,0.0,0.0,0.0,0.0,0.0,0.0,0.0,0.0,0.0,0.0,0.0,0.0,0.0,0.0
initial,415,0.0,0.0,0.0,0.0,0.0,0.0,0.0,0.0,0.0,2.220446049250313e-16,0.0,0.0,0.0,0.0,0.0,0.0,0.0,2.220446049250313e-16,0.0
initial,416,0.0,0.0,0.0,0.0,0.0,0.0,0.0,0.0,0.0,2.220446049250313e-16,0.0,0.0,0.0,0.0,0.0,0.0,0.0,2.220446049250313e-16,0.0
initial,417,0.0,0.0,0.0,0.0,0.0,0.0,0.0,0.0,0.0,0.0,0.0,0.0,0.0,0.0,0.0,0.0,0.0,0.0,0.0
initial,418,0.0,0.0,0.0,0.0,0.0,0.0,0.0,0.0,0.0,0.0,0.0,0.0,0.0,0.0,0.0,0.0,0.0,0.0,0.0
initial,419,0.0,0.0,0.0,0.0,0.0,0.0,0.0,0.0,0.0,0.0,0.0,0.0,0.0,0.0,0.0,0.0,0.0,0.0,0.0
initial,420,0.0,0.0,0.0,0.0,0.0,0.0,0.0,0.0,0.0,0.0,0.0,0.0,0.0,4.440892098500626e-16,0.0,1.1102230246251565e-16,0.0,0.0,1.1102230246251565e-16
initial,421,0.0,0.0,0.0,2.220446049250313e-16,4.440892098500626e-16,-6.661338147750939e-16,-1.1102230246251565e-16,0.0,3.552713678800501e-15,4.440892098500626e-16,-8.881784197001252e-16,0.0,0.0,3.9968028886505635e-15,0.0,2.1094237467877974e-15,0.0,4.440892098500626e-16,2.1094237467877974e-15
initial,422,0.0,0.0,0.0,0.0,1.4432899320127035e-15,-1.3322676295501878e-15,-2.220446049250313e-16,0.0,8.43769498715119e-15,1.5543122344752192e-15,-1.1102230246251565e-15,-1.1102230246251565e-16,0.0,9.769962616701378e-15,0.0,5.218048215738236e-15,0.0,1.5543122344752192e-15,5.218048215738236e-15
initial,423,0.0,0.0,0.0,0.0,0.0,0.0,0.0,0.0,0.0,0.0,0.0,0.0,0.0,0.0,0.0,0.0,0.0,0.0,0.0
initial,424,0.0,0.0,0.0,0.0,0.0,0.0,0.0,0.0,0.0,0.0,0.0,0.0,0.0,0.0,0.0,0.0,0.0,0.0,0.0
initial,425,0.0,0.0,0.0,0.0,0.0,0.0,0.0,0.0,0.0,0.0,0.0,1.1102230246251565e-16,0.0,0.0,0.0,-1.1102230246251565e-16,0.0,0.0,-1.1102230246251565e-16
initial,426,0.0,0.0,0.0,0.0,0.0,0.0,0.0,0.0,0.0,0.0,0.0,0.0,0.0,0.0,0.0,0.0,0.0,0.0,0.0
initial,427,0.0,0.0,0.0,-1.1102230246251565e-16,1.1102230246251565e-16,-4.440892098500626e-16,-7.771561172376096e-16,0.0,8.881784197001252e-16,0.0,-3.3306690738754696e-16,-1.2212453270876722e-15,0.0,4.440892098500626e-16,0.0,6.661338147750939e-16,0.0,0.0,6.661338147750939e-16
initial,428,0.0,0.0,0.0,1.1102230246251565e-16,0.0,4.440892098500626e-16,-8.881784197001252e-16,0.0,8.881784197001252e-16,0.0,5.551115123125783e-16,-1.1102230246251565e-15,0.0,8.881784197001252e-16,0.0,5.551115123125783e-16,0.0,0.0,5.551115123125783e-16
initial,429,0.0,0.0,0.0,0.0,0.0,0.0,0.0,0.0,0.0,0.0,0.0,0.0,0.0,-4.440892098500626e-16,0.0,-2.220446049250313e-16,0.0,0.0,-2.220446049250313e-16
initial,430,0.0,0.0,0.0,0.0,0.0,0.0,0.0,0.0,0.0,0.0,0.0,0.0,0.0,0.0,0.0,0.0,0.0,0.0,0.0
initial,431,0.0,0.0,0.0,0.0,0.0,0.0,0.0,0.0,0.0,0.0,0.0,0.0,0.0,0.0,0.0,0.0,0.0,0.0,0.0
initial,432,0.0,0.0,0.0,0.0,0.0,0.0,0.0,0.0,0.0,0.0,0.0,0.0,0.0,0.0,0.0,0.0,0.0,0.0,0.0
initial,433,0.0,0.0,0.0,0.0,0.0,0.0,0.0,0.0,0.0,0.0,0.0,0.0,0.0,0.0,0.0,0.0,0.0,0.0,0.0
initial,434,0.0,0.0,0.0,0.0,0.0,0.0,0.0,0.0,0.0,0.0,0.0,-1.1102230246251565e-16,0.0,-4.440892098500626e-16,0.0,-2.220446049250313e-16,0.0,0.0,-2.220446049250313e-16
initial,435,0.0,0.0,0.0,0.0,0.0,0.0,0.0,0.0,0.0,0.0,0.0,0.0,0.0,0.0,0.0,0.0,0.0,0.0,0.0
initial,436,0.0,0.0,0.0,0.0,0.0,0.0,0.0,0.0,0.0,-2.220446049250313e-16,0.0,0.0,0.0,0.0,0.0,-2.220446049250313e-16,0.0,-2.220446049250313e-16,-2.220446049250313e-16
initial,437,0.0,0.0,0.0,3.3306690738754696e-16,1.1102230246251565e-16,2.220446049250313e-16,9.992007221626409e-16,0.0,-3.552713678800501e-15,0.0,2.220446049250313e-16,1.1102230246251565e-15,0.0,-3.552713678800501e-15,0.0,-1.9984014443252818e-15,0.0,0.0,-1.9984014443252818e-15
initial,438,0.0,0.0,0.0,0.0,0.0,0.0,0.0,0.0,0.0,0.0,0.0,0.0,0.0,0.0,0.0,0.0,0.0,0.0,0.0
initial,439,0.0,0.0,0.0,0.0,0.0,0.0,0.0,0.0,0.0,0.0,0.0,0.0,0.0,0.0,0.0,0.0,0.0,0.0,0.0
initial,440,0.0,0.0,0.0,0.0,0.0,0.0,0.0,0.0,0.0,0.0,0.0,0.0,0.0,0.0,0.0,0.0,0.0,0.0,0.0
initial,441,0.0,0.0,0.0,0.0,0.0,0.0,0.0,0.0,0.0,0.0,1.1102230246251565e-16,1.1102230246251565e-16,0.0,0.0,0.0,0.0,0.0,0.0,0.0
initial,442,0.0,0.0,0.0,0.0,0.0,0.0,0.0,0.0,0.0,0.0,0.0,0.0,0.0,0.0,0.0,0.0,0.0,0.0,0.0
initial,443,0.0,0.0,0.0,0.0,0.0,0.0,0.0,0.0,0.0,0.0,0.0,0.0,0.0,0.0,0.0,0.0,0.0,0.0,0.0
initial,444,0.0,0.0,0.0,0.0,0.0,0.0,0.0,0.0,0.0,0.0,0.0,0.0,0.0,0.0,0.0,0.0,0.0,0.0,0.0
initial,445,0.0,0.0,0.0,0.0,0.0,0.0,0.0,0.0,0.0,0.0,0.0,0.0,0.0,0.0,0.0,0.0,0.0,0.0,0.0
initial,446,0.0,0.0,0.0,4.440892098500626e-16,-1.1102230246251565e-15,7.771561172376096e-16,-1.1102230246251565e-16,0.0,6.661338147750939e-15,-2.220446049250313e-15,-1.4876988529977098e-14,-3.1086244689504383e-15,0.0,-1.021405182655144e-14,0.0,2.220446049250313e-15,0.0,-2.220446049250313e-15,2.220446049250313e-15
initial,447,0.0,0.0,0.0,0.0,0.0,0.0,0.0,0.0,0.0,0.0,2.220446049250313e-16,0.0,0.0,0.0,0.0,-1.1102230246251565e-16,0.0,0.0,-1.1102230246251565e-16
initial,448,0.0,0.0,0.0,0.0,0.0,0.0,0.0,0.0,0.0,0.0,0.0,0.0,0.0,0.0,0.0,0.0,0.0,0.0,0.0
initial,449,0.0,0.0,0.0,0.0,0.0,0.0,0.0,0.0,0.0,0.0,0.0,0.0,0.0,0.0,0.0,0.0,0.0,0.0,0.0
initial,450,0.0,0.0,0.0,0.0,0.0,0.0,0.0,0.0,0.0,0.0,0.0,0.0,0.0,0.0,0.0,0.0,0.0,0.0,0.0
initial,451,0.0,0.0,0.0,0.0,0.0,0.0,0.0,0.0,0.0,0.0,0.0,0.0,0.0,0.0,0.0,0.0,0.0,0.0,0.0
initial,452,0.0,0.0,0.0,0.0,0.0,0.0,0.0,0.0,0.0,0.0,0.0,1.1102230246251565e-16,0.0,0.0,0.0,0.0,0.0,0.0,0.0
initial,453,0.0,0.0,0.0,0.0,0.0,0.0,0.0,0.0,0.0,0.0,0.0,0.0,0.0,0.0,0.0,0.0,0.0,0.0,0.0
initial,454,0.0,0.0,0.0,0.0,-3.3306690738754696e-16,0.0,-1.7763568394002505e-15,0.0,-2.220446049250313e-15,0.0,-1.9984014443252818e-15,-1.9984014443252818e-15,0.0,-4.440892098500626e-15,0.0,-2.220446049250313e-16,0.0,0.0,-2.220446049250313e-16
initial,455,0.0,0.0,0.0,0.0,0.0,0.0,0.0,0.0,0.0,0.0,0.0,0.0,0.0,0.0,0.0,0.0,0.0,0.0,0.0
initial,456,0.0,0.0,0.0,0.0,0.0,0.0,0.0,0.0,0.0,0.0,0.0,0.0,0.0,0.0,0.0,0.0,0.0,0.0,0.0
initial,457,0.0,0.0,0.0,0.0,0.0,0.0,0.0,0.0,0.0,0.0,0.0,0.0,0.0,0.0,0.0,0.0,0.0,0.0,0.0
initial,458,0.0,0.0,0.0,0.0,0.0,0.0,0.0,0.0,0.0,0.0,0.0,0.0,0.0,0.0,0.0,0.0,0.0,0.0,0.0
initial,459,0.0,0.0,0.0,0.0,0.0,0.0,0.0,0.0,0.0,2.220446049250313e-16,2.220446049250313e-16,0.0,0.0,0.0,0.0,0.0,0.0,2.220446049250313e-16,0.0
initial,460,0.0,0.0,0.0,0.0,0.0,0.0,0.0,0.0,0.0,0.0,0.0,0.0,0.0,0.0,0.0,0.0,0.0,0.0,0.0
initial,461,0.0,0.0,0.0,0.0,0.0,0.0,0.0,0.0,0.0,0.0,0.0,0.0,0.0,0.0,0.0,0.0,0.0,0.0,0.0
initial,462,0.0,0.0,0.0,0.0,0.0,0.0,0.0,0.0,0.0,0.0,1.1102230246251565e-16,0.0,0.0,0.0,0.0,0.0,0.0,0.0,0.0
initial,463,0.0,0.0,0.0,0.0,0.0,0.0,0.0,0.0,0.0,0.0,1.1102230246251565e-16,0.0,0.0,0.0,0.0,0.0,0.0,0.0,0.0
initial,464,0.0,0.0,0.0,0.0,0.0,0.0,0.0,0.0,0.0,0.0,0.0,0.0,0.0,0.0,0.0,0.0,0.0,0.0,0.0
initial,465,0.0,0.0,0.0,0.0,0.0,0.0,0.0,0.0,0.0,0.0,0.0,0.0,0.0,0.0,0.0,0.0,0.0,0.0,0.0
initial,466,0.0,0.0,0.0,0.0,0.0,0.0,0.0,0.0,0.0,0.0,0.0,0.0,0.0,0.0,0.0,0.0,0.0,0.0,0.0
initial,467,0.0,0.0,0.0,0.0,0.0,0.0,0.0,0.0,0.0,0.0,0.0,0.0,0.0,0.0,0.0,0.0,0.0,0.0,0.0
initial,468,0.0,0.0,0.0,0.0,0.0,0.0,0.0,0.0,0.0,0.0,0.0,0.0,0.0,0.0,0.0,0.0,0.0,0.0,0.0
initial,469,0.0,0.0,0.0,0.0,0.0,0.0,0.0,0.0,0.0,0.0,0.0,0.0,0.0,0.0,0.0,0.0,0.0,0.0,0.0
initial,470,0.0,0.0,0.0,0.0,0.0,0.0,0.0,0.0,0.0,0.0,0.0,0.0,0.0,0.0,0.0,0.0,0.0,0.0,0.0
initial,471,0.0,0.0,0.0,0.0,0.0,0.0,0.0,0.0,0.0,0.0,0.0,0.0,0.0,0.0,0.0,0.0,0.0,0.0,0.0
initial,472,0.0,0.0,0.0,0.0,0.0,0.0,0.0,0.0,0.0,0.0,0.0,0.0,0.0,0.0,0.0,0.0,0.0,0.0,0.0
initial,473,0.0,0.0,0.0,0.0,0.0,0.0,0.0,0.0,0.0,0.0,0.0,0.0,0.0,0.0,0.0,0.0,0.0,0.0,0.0
initial,474,0.0,0.0,0.0,0.0,0.0,0.0,0.0,0.0,0.0,0.0,1.1102230246251565e-16,1.1102230246251565e-16,0.0,4.440892098500626e-16,0.0,0.0,0.0,0.0,0.0
initial,475,0.0,0.0,0.0,0.0,0.0,0.0,0.0,0.0,0.0,0.0,0.0,0.0,0.0,0.0,0.0,0.0,0.0,0.0,0.0
initial,476,0.0,0.0,0.0,0.0,0.0,0.0,0.0,0.0,0.0,2.220446049250313e-16,1.1102230246251565e-16,0.0,0.0,0.0,0.0,2.220446049250313e-16,0.0,2.220446049250313e-16,2.220446049250313e-16
initial,477,0.0,0.0,0.0,0.0,0.0,0.0,0.0,0.0,0.0,0.0,1.1102230246251565e-16,0.0,0.0,0.0,0.0,0.0,0.0,0.0,0.0
initial,478,0.0,0.0,0.0,0.0,0.0,0.0,0.0,0.0,0.0,0.0,0.0,0.0,0.0,0.0,0.0,0.0,0.0,0.0,0.0
initial,479,0.0,0.0,0.0,0.0,0.0,0.0,0.0,0.0,0.0,0.0,0.0,0.0,0.0,0.0,0.0,0.0,0.0,0.0,0.0
initial,480,0.0,0.0,0.0,3.885780586188048e-15,-5.773159728050814e-15,-5.773159728050814e-15,-5.10702591327572e-15,0.0,-1.8207657603852567e-14,-9.103828801926284e-15,-5.995204332975845e-15,-8.881784197001252e-15,0.0,-2.842170943040401e-14,0.0,-9.103828801926284e-15,0.0,-9.103828801926284e-15,-9.103828801926284e-15
initial,481,0.0,0.0,0.0,0.0,0.0,0.0,0.0,0.0,0.0,1.1102230246251565e-16,0.0,5.551115123125783e-16,0.0,8.881784197001252e-16,0.0,1.1102230246251565e-16,0.0,1.1102230246251565e-16,1.1102230246251565e-16
initial,482,0.0,0.0,0.0,3.3306690738754696e-16,-2.220446049250313e-16,-1.5543122344752192e-15,6.661338147750939e-16,0.0,-4.440892098500626e-15,-5.10702591327572e-15,-2.020605904817785e-14,7.549516567451064e-15,0.0,-2.042810365310288e-14,0.0,-6.439293542825908e-15,0.0,-5.10702591327572e-15,-6.439293542825908e-15
initial,483,0.0,0.0,0.0,0.0,0.0,0.0,0.0,0.0,0.0,0.0,-2.220446049250313e-16,2.220446049250313e-16,0.0,0.0,0.0,0.0,0.0,0.0,0.0
initial,484,0.0,0.0,0.0,0.0,0.0,0.0,0.0,0.0,0.0,0.0,0.0,0.0,0.0,0.0,0.0,0.0,0.0,0.0,0.0
initial,485,0.0,0.0,0.0,0.0,0.0,0.0,0.0,0.0,0.0,0.0,0.0,0.0,0.0,0.0,0.0,0.0,0.0,0.0,0.0
initial,486,0.0,0.0,0.0,0.0,0.0,0.0,0.0,0.0,0.0,0.0,0.0,0.0,0.0,0.0,0.0,0.0,0.0,0.0,0.0
initial,487,0.0,0.0,0.0,0.0,0.0,0.0,0.0,0.0,0.0,0.0,0.0,0.0,0.0,0.0,0.0,0.0,0.0,0.0,0.0
initial,488,0.0,0.0,0.0,0.0,0.0,0.0,0.0,0.0,0.0,0.0,0.0,0.0,0.0,0.0,0.0,0.0,0.0,0.0,0.0
initial,489,0.0,0.0,0.0,6.106226635438361e-15,-6.8833827526759706e-15,-1.2212453270876722e-14,-1.021405182655144e-14,0.0,-2.7533531010703882e-14,-2.353672812205332e-14,-2.042810365310288e-14,4.951594689828198e-14,0.0,-3.552713678800501e-15,0.0,-3.1308289294429414e-14,0.0,-2.353672812205332e-14,-3.1308289294429414e-14
initial,490,0.0,0.0,0.0,0.0,0.0,0.0,0.0,0.0,0.0,0.0,0.0,0.0,0.0,0.0,0.0,0.0,0.0,0.0,0.0
initial,491,0.0,0.0,0.0,0.0,0.0,0.0,0.0,0.0,0.0,2.220446049250313e-16,0.0,-2.220446049250313e-16,0.0,0.0,0.0,4.440892098500626e-16,0.0,2.220446049250313e-16,4.440892098500626e-16
initial,492,0.0,0.0,0.0,0.0,0.0,0.0,0.0,0.0,0.0,0.0,-2.220446049250313e-16,3.3306690738754696e-16,0.0,0.0,0.0,0.0,0.0,0.0,0.0
initial,493,0.0,0.0,0.0,0.0,0.0,0.0,0.0,0.0,0.0,0.0,0.0,0.0,0.0,4.440892098500626e-16,0.0,2.220446049250313e-16,0.0,0.0,2.220446049250313e-16
initial,494,0.0,0.0,0.0,-2.3314683517128287e-15,3.9968028886505635e-15,1.2212453270876722e-15,2.7755575615628914e-15,0.0,1.5987211554602254e-14,-1.765254609153999e-14,3.8968828164342995e-14,-3.7192471324942744e-14,0.0,-4.440892098500626e-14,0.0,-1.3322676295501878e-14,0.0,-1.765254609153999e-14,-1.3322676295501878e-14
initial,495,0.0,0.0,0.0,0.0,0.0,0.0,0.0,0.0,0.0,6.661338147750939e-16,-3.3306690738754696e-16,4.440892098500626e-16,0.0,1.3322676295501878e-15,0.0,5.551115123125783e-16,0.0,6.661338147750939e-16,5.551115123125783e-16
initial,496,0.0,0.0,0.0,0.0,0.0,0.0,0.0,0.0,0.0,0.0,2.220446049250313e-16,2.220446049250313e-16,0.0,4.440892098500626e-16,0.0,0.0,0.0,0.0,0.0
initial,497,0.0,0.0,0.0,0.0,0.0,0.0,0.0,0.0,0.0,-1.1102230246251565e-16,-7.771561172376096e-16,2.220446049250313e-16,0.0,-8.881784197001252e-16,0.0,-1.1102230246251565e-16,0.0,-1.1102230246251565e-16,-1.1102230246251565e-16
initial,498,0.0,0.0,0.0,0.0,0.0,0.0,0.0,0.0,0.0,-3.3306690738754696e-16,7.771561172376096e-16,-6.661338147750939e-16,0.0,-8.881784197001252e-16,0.0,-5.551115123125783e-16,0.0,-3.3306690738754696e-16,-5.551115123125783e-16
initial,499,0.0,0.0,0.0,0.0,0.0,0.0,0.0,0.0,0.0,-3.3306690738754696e-16,-1.5543122344752192e-15,-2.220446049250313e-16,0.0,-2.6645352591003757e-15,0.0,-5.551115123125783e-16,0.0,-3.3306690738754696e-16,-5.551115123125783e-16
initial,500,0.0,0.0,0.0,0.0,0.0,0.0,0.0,0.0,0.0,-3.3306690738754696e-16,-4.440892098500626e-16,-1.9984014443252818e-15,0.0,-3.552713678800501e-15,0.0,-3.3306690738754696e-16,0.0,-3.3306690738754696e-16,-3.3306690738754696e-16
initial,501,0.0,0.0,0.0,0.0,0.0,0.0,0.0,0.0,0.0,0.0,2.220446049250313e-16,0.0,0.0,0.0,0.0,0.0,0.0,0.0,0.0
initial,502,0.0,0.0,0.0,0.0,0.0,0.0,0.0,0.0,0.0,0.0,-1.1102230246251565e-16,-1.1102230246251565e-16,0.0,0.0,0.0,0.0,0.0,0.0,0.0
initial,503,0.0,0.0,0.0,0.0,0.0,0.0,0.0,0.0,0.0,0.0,1.1102230246251565e-16,1.6653345369377348e-16,0.0,4.440892098500626e-16,0.0,1.1102230246251565e-16,0.0,0.0,1.1102230246251565e-16
initial,504,0.0,0.0,0.0,0.0,0.0,0.0,0.0,0.0,0.0,-1.1102230246251565e-16,-5.551115123125783e-17,-1.6653345369377348e-16,0.0,-4.440892098500626e-16,0.0,-2.220446049250313e-16,0.0,-1.1102230246251565e-16,-2.220446049250313e-16
initial,505,0.0,0.0,0.0,-1.3322676295501878e-15,1.4432899320127035e-15,1.3322676295501878e-15,6.661338147750939e-16,0.0,8.43769498715119e-15,4.884981308350689e-15,1.1546319456101628e-14,1.1102230246251565e-16,0.0,2.7977620220553945e-14,0.0,6.5503158452884236e-15,0.0,4.884981308350689e-15,6.5503158452884236e-15
initial,506,0.0,0.0,0.0,8.326672684688674e-16,-1.7763568394002505e-15,-3.774758283725532e-15,-2.4424906541753444e-15,0.0,-4.440892098500626e-16,-1.3766765505351941e-14,-1.0880185641326534e-14,-1.3988810110276972e-14,0.0,-4.75175454539567e-14,0.0,-1.6986412276764895e-14,0.0,-1.3766765505351941e-14,-1.6986412276764895e-14
initial,507,0.0,0.0,0.0,0.0,0.0,0.0,0.0,0.0,0.0,0.0,1.1102230246251565e-16,2.220446049250313e-16,0.0,4.440892098500626e-16,0.0,1.1102230246251565e-16,0.0,0.0,1.1102230246251565e-16
initial,508,0.0,0.0,0.0,-8.881784197001252e-16,2.1094237467877974e-15,3.608224830031759e-16,9.992007221626409e-16,0.0,1.9984014443252818e-15,4.773959005888173e-15,-2.2037927038809357e-14,2.1094237467877974e-15,0.0,-7.105427357601002e-15,0.0,-3.3306690738754696e-16,0.0,4.773959005888173e-15,-3.3306690738754696e-16
initial,509,0.0,0.0,0.0,0.0,0.0,0.0,0.0,0.0,0.0,-3.3306690738754696e-16,-1.0547118733938987e-15,4.440892098500626e-16,0.0,-1.7763568394002505e-15,0.0,-8.881784197001252e-16,0.0,-3.3306690738754696e-16,-8.881784197001252e-16
initial,510,0.0,0.0,0.0,0.0,0.0,0.0,0.0,0.0,0.0,-4.440892098500626e-16,4.440892098500626e-16,-1.1102230246251565e-15,0.0,-1.7763568394002505e-15,0.0,-5.551115123125783e-16,0.0,-4.440892098500626e-16,-5.551115123125783e-16
initial,511,0.0,0.0,0.0,-2.9976021664879227e-15,1.7763568394002505e-15,2.3314683517128287e-15,3.9968028886505635e-15,0.0,1.0880185641326534e-14,2.731148640577885e-14,5.362377208939506e-14,4.3298697960381105e-15,0.0,1.3034018309099338e-13,0.0,3.9190872769268026e-14,0.0,2.731148640577885e-14,3.9190872769268026e-14
final,0,0.0,0.0,0.0,-2.220446049250313e-15,-8.881784197001252e-16,9.992007221626409e-16,1.3322676295501878e-15,-9.073416930988065e-17,2.220446049250313e-15,-9.992007221626409e-16,9.992007221626409e-16,1.3322676295501878e-15,-9.873016033196125e-17,2.220446049250313e-15,0.0,-5.551115123125783e-16,0.0,-9.992007221626409e-16,-5.551115123125783e-16
final,1,0.0,0.0,0.0,0.0,-6.661338147750939e-16,-2.220446049250313e-16,0.0,-2.3027183594171233e-16,4.440892098500626e-16,-6.661338147750939e-16,-3.3306690738754696e-16,-1.1102230246251565e-16,-2.564172019246108e-16,4.440892098500626e-16,0.0,1.1102230246251565e-16,0.0,-6.661338147750939e-16,1.1102230246251565e-16
final,2,0.0,0.0,0.0,0.0,-2.220446049250313e-16,-4.440892098500626e-16,4.440892098500626e-16,-3.153673069217211e-16,-4.440892098500626e-16,0.0,-4.440892098500626e-16,6.661338147750939e-16,-3.494790177735463e-16,0.0,0.0,0.0,0.0,0.0,0.0
final,3,0.0,0.0,0.0,0.0,-1.1102230246251565e-15,-1.3322676295501878e-15,-1.4432899320127035e-15,-1.7096513007380798e-16,-4.440892098500626e-15,-1.2212453270876722e-15,-1.5543122344752192e-15,-1.4432899320127035e-15,-1.8956597359551242e-16,-4.440892098500626e-15,0.0,-1.1102230246251565e-15,0.0,-1.2212453270876722e-15,-1.1102230246251565e-15
final,4,0.0,0.0,0.0,1.1102230246251565e-16,-1.4432899320127035e-15,-8.881784197001252e-16,-3.4416913763379853e-15,-2.5898879395247487e-17,-7.549516567451064e-15,-1.5543122344752192e-15,-6.661338147750939e-16,-3.6637359812630166e-15,-2.279535067650773e-17,-7.549516567451064e-15,0.0,-1.9984014443252818e-15,0.0,-1.5543122344752192e-15,-1.9984014443252818e-15
final,5,0.0,0.0,0.0,0.0,-4.440892098500626e-16,-5.551115123125783e-16,-2.886579864025407e-15,6.830473686658678e-17,-4.440892098500626e-15,-4.440892098500626e-16,-6.661338147750939e-16,-3.1086244689504383e-15,7.45524518855345e-17,-4.884981308350689e-15,0.0,-6.661338147750939e-16,0.0,-4.440892098500626e-16,-6.661338147750939e-16
final,6,0.0,0.0,0.0,0.0,2.220446049250313e-16,1.2212453270876722e-15,3.3306690738754696e-16,2.0261028098322864e-16,3.9968028886505635e-15,2.220446049250313e-16,1.2212453270876722e-15,3.3306690738754696e-16,2.1976439223102273e-16,3.9968028886505635e-15,0.0,9.992007221626409e-16,0.0,2.220446049250313e-16,9.992007221626409e-16
final,7,0.0,0.0,0.0,0.0,9.992007221626409e-16,2.886579864025407e-15,2.4424906541753444e-15,2.7224316551111016e-16,1.1102230246251565e-14,9.992007221626409e-16,2.886579864025407e-15,2.55351295663786e-15,2.9081012771492443e-16,1.1546319456101628e-14,0.0,2.9976021664879227e-15,0.0,9.992007221626409e-16,2.9976021664879227e-15
final,8,0.0,0.0,0.0,0.0,1.1102230246251565e-15,2.9976021664879227e-15,3.1086244689504383e-15,1.4316889687671086e-16,9.325873406851315e-15,1.1102230246251565e-15,2.9976021664879227e-15,3.219646771412954e-15,1.5542038142579706e-16,9.325873406851315e-15,0.0,1.7763568394002505e-15,0.0,1.1102230246251565e-15,1.7763568394002505e-15
final,9,0.0,0.0,0.0,0.0,1.5543122344752192e-15,2.6645352591003757e-15,3.1086244689504383e-15,2.3907335529663176e-16,7.549516567451064e-15,1.5543122344752192e-15,2.6645352591003757e-15,3.1086244689504383e-15,2.5683394213465993e-16,7.549516567451064e-15,0.0,1.2212453270876722e-15,0.0,1.5543122344752192e-15,1.2212453270876722e-15
final,10,0.0,0.0,0.0,1.6653345369377348e-15,7.771561172376096e-16,2.55351295663786e-15,3.1086244689504383e-15,1.3942839938163587e-16,6.217248937900877e-15,7.771561172376096e-16,2.220446049250313e-15,2.4424906541753444e-15,1.4075654704293061e-16,4.884981308350689e-15,0.0,3.3306690738754696e-16,0.0,7.771561172376096e-16,3.3306690738754696e-16
final,11,0.0,0.0,0.0,-1.1102230246251565e-15,1.3322676295501878e-15,1.3322676295501878e-15,2.6645352591003757e-15,2.1537337343245644e-16,4.884981308350689e-15,1.4432899320127035e-15,1.7763568394002505e-15,6.661338147750939e-16,2.2530737583785487e-16,2.6645352591003757e-15,0.0,4.440892098500626e-16,0.0,1.4432899320127035e-15,4.440892098500626e-16
final,12,0.0,0.0,0.0,2.220446049250313e-16,4.440892098500626e-16,1.5543122344752192e-15,-4.440892098500626e-16,6.746990119377294e-16,3.552713678800501e-15,4.440892098500626e-16,1.5543122344752192e-15,-2.220446049250313e-16,7.458226744527785e-16,3.552713678800501e-15,0.0,9.992007221626409e-16,0.0,4.440892098500626e-16,9.992007221626409e-16
final,13,0.0,0.0,0.0,0.0,-8.881784197001252e-16,-3.3306690738754696e-16,-1.9984014443252818e-15,4.1738395508902904e-16,0.0,-9.992007221626409e-16,-4.440892098500626e-16,-2.220446049250313e-15,4.572825950364956e-16,0.0,0.0,4.440892098500626e-16,0.0,-9.992007221626409e-16,4.440892098500626e-16
final,14,0.0,0.0,0.0,0.0,0.0,4.440892098500626e-16,-1.7763568394002505e-15,1.3810025172034113e-16,0.0,0.0,6.661338147750939e-16,-1.7763568394002505e-15,1.4994516045474526e-16,0.0,0.0,3.3306690738754696e-16,0.0,0.0,3.3306690738754696e-16
final,15,0.0,0.0,0.0,2.220446049250313e-16,-1.1102230246251565e-15,-1.3322676295501878e-15,-8.881784197001252e-16,8.189792160412379e-17,-8.881784197001252e-16,-1.3322676295501878e-15,-1.3322676295501878e-15,-1.3322676295501878e-15,8.736297817980854e-17,-8.881784197001252e-16,0.0,2.220446049250313e-16,0.0,-1.3322676295501878e-15,2.220446049250313e-16
final,16,0.0,0.0,0.0,0.0,-4.440892098500626e-16,-4.440892098500626e-16,-9.992007221626409e-16,7.151329767078607e-17,-2.6645352591003757e-15,-2.220446049250313e-16,-4.440892098500626e-16,-1.2212453270876722e-15,7.853689486941873e-17,-2.6645352591003757e-15,0.0,-4.440892098500626e-16,0.0,-2.220446049250313e-16,-4.440892098500626e-16
final,17,0.0,0.0,0.0,-8.881784197001252e-16,-8.881784197001252e-16,-2.220446049250313e-16,-2.220446049250313e-16,-4.48690292819548e-17,-2.220446049250313e-15,-1.1102230246251565e-15,-4.440892098500626e-16,-2.220446049250313e-16,-4.7027269231558755e-17,-2.220446049250313e-15,0.0,-1.1102230246251565e-15,0.0,-1.1102230246251565e-15,-1.1102230246251565e-15
final,18,0.0,0.0,0.0,-3.3306690738754696e-16,-1.3322676295501878e-15,-3.3306690738754696e-16,1.1102230246251565e-16,-2.929107694241151e-16,4.440892098500626e-16,-1.4432899320127035e-15,-2.220446049250313e-16,1.1102230246251565e-16,-3.242916460539924e-16,4.440892098500626e-16,0.0,-4.440892098500626e-16,0.0,-1.4432899320127035e-15,-4.440892098500626e-16
final,19,0.0,0.0,0.0,0.0,0.0,1.2212453270876722e-15,1.3322676295501878e-15,1.5536617131717279e-16,3.9968028886505635e-15,1.1102230246251565e-16,1.3322676295501878e-15,1.4432899320127035e-15,1.9774492373419994e-16,4.440892098500626e-15,0.0,7.771561172376096e-16,0.0,1.1102230246251565e-16,7.771561172376096e-16
final,20,0.0,0.0,0.0,0.0,6.661338147750939e-16,1.2212453270876722e-15,1.7763568394002505e-15,-5.2993769312018046e-17,4.884981308350689e-15,7.771561172376096e-16,1.3322676295501878e-15,1.9984014443252818e-15,-3.5514397412478305e-17,5.329070518200751e-15,0.0,1.1102230246251565e-15,0.0,7.771561172376096e-16,1.1102230246251565e-15
final,21,0.0,0.0,0.0,0.0,-1.5543122344752192e-15,-8.881784197001252e-16,-1.3322676295501878e-15,-3.401277740358588e-16,-8.881784197001252e-16,-1.5543122344752192e-15,-8.881784197001252e-16,-1.5543122344752192e-15,-3.742056035697938e-16,-1.3322676295501878e-15,0.0,0.0,0.0,-1.5543122344752192e-15,0.0
final,22,0.0,0.0,0.0,0.0,8.881784197001252e-16,3.9968028886505635e-15,1.887379141862766e-15,-7.171997370991612e-17,7.993605777301127e-15,9.992007221626409e-16,4.218847493575595e-15,1.9984014443252818e-15,-8.020385570961519e-17,8.43769498715119e-15,0.0,1.4432899320127035e-15,0.0,9.992007221626409e-16,1.4432899320127035e-15
final,23,0.0,0.0,0.0,0.0,1.6653345369377348e-15,5.329070518200751e-15,2.9976021664879227e-15,2.8262440131265887e-16,1.2878587085651816e-14,1.7763568394002505e-15,5.551115123125783e-15,3.219646771412954e-15,3.112744437205883e-16,1.3322676295501878e-14,0.0,2.886579864025407e-15,0.0,1.7763568394002505e-15,2.886579864025407e-15
final,24,0.0,0.0,0.0,0.0,1.6653345369377348e-15,4.6629367034256575e-15,1.7763568394002505e-15,2.5348646792711094e-16,1.1546319456101628e-14,1.6653345369377348e-15,4.773959005888173e-15,1.7763568394002505e-15,2.7376104855258987e-16,1.199040866595169e-14,0.0,3.219646771412954e-15,0.0,1.6653345369377348e-15,3.219646771412954e-15
final,25,0.0,0.0,0.0,0.0,9.992007221626409e-16,3.1086244689504383e-15,3.1086244689504383e-15,3.23620795959767e-16,7.549516567451064e-15,9.992007221626409e-16,3.1086244689504383e-15,3.1086244689504383e-15,3.563772540959853e-16,7.549516567451064e-15,0.0,8.881784197001252e-16,0.0,9.992007221626409e-16,8.881784197001252e-16
final,26,0.0,0.0,0.0,0.0,-8.881784197001252e-16,-1.3322676295501878e-15,-4.440892098500626e-16,-3.5124762256741326e-16,-2.6645352591003757e-15,-8.881784197001252e-16,-1.3322676295501878e-15,-4.440892098500626e-16,-3.8421753300633965e-16,-2.6645352591003757e-15,0.0,-6.661338147750939e-16,0.0,-8.881784197001252e-16,-6.661338147750939e-16
final,27,0.0,0.0,0.0,4.440892098500626e-16,-8.881784197001252e-16,-3.3306690738754696e-16,-4.107825191113079e-15,-3.3224020323102676e-16,-6.217248937900877e-15,-9.992007221626409e-16,-7.771561172376096e-16,-2.220446049250313e-15,-3.715069565998416e-16,-5.773159728050814e-15,0.0,-1.5543122344752192e-15,0.0,-9.992007221626409e-16,-1.5543122344752192e-15
final,28,0.0,0.0,0.0,0.0,-1.2212453270876722e-15,0.0,-1.4432899320127035e-15,-1.939773211848128e-16,-5.329070518200751e-15,-1.3322676295501878e-15,0.0,-1.5543122344752192e-15,-2.1230033789981784e-16,-5.773159728050814e-15,0.0,-2.3314683517128287e-15,0.0,-1.3322676295501878e-15,-2.3314683517128287e-15
final,29,0.0,0.0,0.0,0.0,9.992007221626409e-16,6.661338147750939e-16,1.3322676295501878e-15,-1.7661653389788867e-16,3.552713678800501e-15,1.1102230246251565e-15,6.661338147750939e-16,1.3322676295501878e-15,-1.81603863891322e-16,3.9968028886505635e-15,0.0,9.992007221626409e-16,0.0,1.1102230246251565e-15,9.992007221626409e-16
final,30,0.0,0.0,0.0,0.0,1.1102230246251565e-16,-6.661338147750939e-16,0.0,8.700722434196173e-18,-2.6645352591003757e-15,2.220446049250313e-16,-6.661338147750939e-16,0.0,1.734723475976807e-17,-2.6645352591003757e-15,0.0,-6.661338147750939e-16,0.0,2.220446049250313e-16,-6.661338147750939e-16
final,31,0.0,0.0,0.0,0.0,-2.6645352591003757e-15,-1.3322676295501878e-15,-1.5543122344752192e-15,-3.5772573054801415e-16,-1.7763568394002505e-15,-2.6645352591003757e-15,-1.3322676295501878e-15,-1.7763568394002505e-15,-3.8697208415081064e-16,-1.7763568394002505e-15,0.0,-6.661338147750939e-16,0.0,-2.6645352591003757e-15,-6.661338147750939e-16
final,32,0.0,0.0,0.0,0.0,-2.220446049250313e-16,-4.440892098500626e-16,0.0,-8.704788192342994e-17,0.0,-2.220446049250313e-16,-4.440892098500626e-16,0.0,-9.509130679055677e-17,0.0,0.0,0.0,0.0,-2.220446049250313e-16,0.0
final,33,0.0,0.0,0.0,0.0,-1.9984014443252818e-15,-2.220446049250313e-15,-1.6653345369377348e-15,-1.1279429538817165e-16,-3.1086244689504383e-15,-2.220446049250313e-15,-2.4424906541753444e-15,-1.7763568394002505e-15,-1.232839514069689e-16,-3.552713678800501e-15,0.0,-8.881784197001252e-16,0.0,-2.220446049250313e-15,-8.881784197001252e-16
final,34,0.0,0.0,0.0,0.0,4.440892098500626e-16,-4.440892098500626e-16,0.0,-3.4497957875773144e-17,1.3322676295501878e-15,4.440892098500626e-16,-4.440892098500626e-16,0.0,-3.955305050498681e-17,1.7763568394002505e-15,0.0,1.1102230246251565e-15,0.0,4.440892098500626e-16,1.1102230246251565e-15
final,35,0.0,0.0,0.0,0.0,-6.661338147750939e-16,-1.5543122344752192e-15,-8.881784197001252e-16,2.882080425009592e-16,-2.6645352591003757e-15,-7.771561172376096e-16,-1.7763568394002505e-15,-8.881784197001252e-16,3.2237396346140867e-16,-2.6645352591003757e-15,0.0,-3.3306690738754696e-16,0.0,-7.771561172376096e-16,-3.3306690738754696e-16
final,36,0.0,0.0,0.0,0.0,-9.992007221626409e-16,-1.9984014443252818e-15,-2.4424906541753444e-15,2.4118077326940046e-16,-4.884981308350689e-15,-9.992007221626409e-16,-2.220446049250313e-15,-2.4424906541753444e-15,2.7332736768359567e-16,-5.329070518200751e-15,0.0,-5.551115123125783e-16,0.0,-9.992007221626409e-16,-5.551115123125783e-16
final,37,0.0,0.0,0.0,1.1102230246251565e-16,-1.9984014443252818e-15,-3.3306690738754696e-16,-3.219646771412954e-15,1.6758377454836881e-16,-4.440892098500626e-15,-2.220446049250313e-15,-4.440892098500626e-16,-3.3306690738754696e-15,1.811905118130619e-16,-4.440892098500626e-15,0.0,-1.2212453270876722e-15,0.0,-2.220446049250313e-15,-1.2212453270876722e-15
final,38,0.0,0.0,0.0,0.0,-6.661338147750939e-16,-1.9984014443252818e-15,-1.7763568394002505e-15,1.5787338884104551e-16,-2.220446049250313e-15,-5.551115123125783e-16,-1.3322676295501878e-15,-1.887379141862766e-15,1.723068302622588e-16,-1.3322676295501878e-15,0.0,5.551115123125783e-16,0.0,-5.551115123125783e-16,5.551115123125783e-16
final,39,0.0,0.0,0.0,0.0,-8.881784197001252e-16,-4.440892098500626e-16,-2.3314683517128287e-15,-8.268396817917578e-17,-3.552713678800501e-15,-8.881784197001252e-16,-4.440892098500626e-16,-2.4424906541753444e-15,-9.427137889761461e-17,-3.552713678800501e-15,0.0,-4.440892098500626e-16,0.0,-8.881784197001252e-16,-4.440892098500626e-16
final,40,0.0,0.0,0.0,0.0,3.3306690738754696e-16,2.220446049250313e-16,1.1102230246251565e-16,2.703220947867374e-16,2.220446049250313e-15,3.3306690738754696e-16,2.220446049250313e-16,1.1102230246251565e-16,2.9248555888459343e-16,1.7763568394002505e-15,0.0,6.661338147750939e-16,0.0,3.3306690738754696e-16,6.661338147750939e-16
final,41,0.0,0.0,0.0,0.0,3.3306690738754696e-16,1.1102230246251565e-16,9.992007221626409e-16,2.6942423986264785e-16,5.329070518200751e-15,3.3306690738754696e-16,0.0,9.992007221626409e-16,2.907626938698782e-16,5.773159728050814e-15,0.0,1.9984014443252818e-15,0.0,3.3306690738754696e-16,1.9984014443252818e-15
final,42,0.0,0.0,0.0,0.0,-1.5543122344752192e-15,-2.3314683517128287e-15,-3.1086244689504383e-15,1.3877787807814457e-17,-3.1086244689504383e-15,-1.6653345369377348e-15,-2.55351295663786e-15,-3.3306690738754696e-15,2.439454888092385e-17,-3.1086244689504383e-15,0.0,6.661338147750939e-16,0.0,-1.6653345369377348e-15,6.661338147750939e-16
final,43,0.0,0.0,0.0,-1.1102230246251565e-16,3.3306690738754696e-16,3.3306690738754696e-16,0.0,4.662069341687669e-17,8.881784197001252e-16,4.440892098500626e-16,8.881784197001252e-16,-1.3322676295501878e-15,3.5128150388530344e-17,4.440892098500626e-16,0.0,3.3306690738754696e-16,0.0,4.440892098500626e-16,3.3306690738754696e-16
final,44,0.0,0.0,0.0,1.1102230246251565e-16,2.220446049250313e-16,-4.440892098500626e-16,-1.3322676295501878e-15,-5.5185890579512176e-17,4.440892098500626e-16,2.220446049250313e-16,-4.440892098500626e-16,-1.3322676295501878e-15,-6.993104012531504e-17,4.440892098500626e-16,0.0,8.881784197001252e-16,0.0,2.220446049250313e-16,8.881784197001252e-16
final,45,0.0,0.0,0.0,0.0,0.0,-2.220446049250313e-16,-1.1102230246251565e-16,2.0710294373546545e-16,8.881784197001252e-16,0.0,0.0,-1.1102230246251565e-16,2.278383102842507e-16,8.881784197001252e-16,0.0,4.440892098500626e-16,0.0,0.0,4.440892098500626e-16
final,46,0.0,0.0,0.0,0.0,-3.3306690738754696e-16,1.2212453270876722e-15,1.1102230246251565e-15,3.015979393311552e-16,4.884981308350689e-15,-4.440892098500626e-16,1.2212453270876722e-15,9.992007221626409e-16,3.215743643592006e-16,4.884981308350689e-15,0.0,1.1102230246251565e-15,0.0,-4.440892098500626e-16,1.1102230246251565e-15
final,47,0.0,0.0,0.0,0.0,0.0,6.661338147750939e-16,8.881784197001252e-16,5.4047478298402396e-17,1.7763568394002505e-15,2.220446049250313e-16,6.661338147750939e-16,8.881784197001252e-16,6.831828939374285e-17,1.7763568394002505e-15,0.0,2.220446049250313e-16,0.0,2.220446049250313e-16,2.220446049250313e-16
final,48,0.0,0.0,0.0,0.0,1.3322676295501878e-15,-3.3306690738754696e-16,-1.7763568394002505e-15,5.4047478298402396e-17,0.0,1.4432899320127035e-15,-4.440892098500626e-16,-1.9984014443252818e-15,5.919743861770854e-17,0.0,0.0,1.7763568394002505e-15,0.0,1.4432899320127035e-15,1.7763568394002505e-15
final,49,0.0,0.0,0.0,0.0,1.1102230246251565e-15,1.887379141862766e-15,1.7763568394002505e-15,1.7198156961051314e-16,5.329070518200751e-15,1.1102230246251565e-15,1.887379141862766e-15,1.9984014443252818e-15,1.9287956648517124e-16,5.329070518200751e-15,0.0,8.881784197001252e-16,0.0,1.1102230246251565e-15,8.881784197001252e-16
final,50,0.0,0.0,0.0,0.0,1.887379141862766e-15,4.3298697960381105e-15,3.1086244689504383e-15,2.2063514210080015e-16,1.1102230246251565e-14,1.887379141862766e-15,4.440892098500626e-15,3.1086244689504383e-15,2.4040827922150454e-16,1.1102230246251565e-14,0.0,2.4424906541753444e-15,0.0,1.887379141862766e-15,2.4424906541753444e-15
final,51,0.0,0.0,0.0,0.0,6.661338147750939e-16,1.4432899320127035e-15,1.7763568394002505e-15,3.262432099644663e-17,3.552713678800501e-15,6.661338147750939e-16,1.4432899320127035e-15,1.7763568394002505e-15,3.089298565225884e-17,3.552713678800501e-15,0.0,4.440892098500626e-16,0.0,6.661338147750939e-16,4.440892098500626e-16
final,52,0.0,0.0,0.0,0.0,1.6653345369377348e-15,2.3314683517128287e-15,2.4424906541753444e-15,3.073713158996405e-16,5.329070518200751e-15,1.6653345369377348e-15,2.3314683517128287e-15,2.6645352591003757e-15,3.363195139050035e-16,5.329070518200751e-15,0.0,8.881784197001252e-16,0.0,1.6653345369377348e-15,8.881784197001252e-16
final,53,0.0,0.0,0.0,4.440892098500626e-16,0.0,1.5543122344752192e-15,-2.220446049250313e-16,4.0145295941707015e-16,4.440892098500626e-15,-5.551115123125783e-16,8.881784197001252e-16,2.220446049250313e-16,4.347650711666873e-16,3.1086244689504383e-15,0.0,5.551115123125783e-16,0.0,-5.551115123125783e-16,5.551115123125783e-16
final,54,0.0,0.0,0.0,0.0,1.9984014443252818e-15,1.7763568394002505e-15,1.5543122344752192e-15,1.1063605543856769e-16,4.884981308350689e-15,2.1094237467877974e-15,1.6653345369377348e-15,1.5543122344752192e-15,1.1176769145609944e-16,4.884981308350689e-15,0.0,1.6653345369377348e-15,0.0,2.1094237467877974e-15,1.6653345369377348e-15
final,55,0.0,0.0,0.0,0.0,1.1102230246251565e-15,1.3322676295501878e-15,7.771561172376096e-16,5.3478272157847506e-17,3.1086244689504383e-15,1.1102230246251565e-15,1.3322676295501878e-15,8.881784197001252e-16,6.003769530138481e-17,3.1086244689504383e-15,0.0,7.771561172376096e-16,0.0,1.1102230246251565e-15,7.771561172376096e-16
final,56,0.0,0.0,0.0,0.0,-8.881784197001252e-16,-1.3322676295501878e-15,-2.220446049250313e-16,2.6633426367106416e-16,-2.6645352591003757e-15,-1.1102230246251565e-15,-1.3322676295501878e-15,-2.220446049250313e-16,2.886417233699534e-16,-2.6645352591003757e-15,0.0,-6.661338147750939e-16,0.0,-1.1102230246251565e-15,-6.661338147750939e-16
final,57,0.0,0.0,0.0,0.0,-6.661338147750939e-16,2.220446049250313e-16,-2.220446049250313e-16,8.086792954026256e-17,-2.220446049250313e-15,-7.771561172376096e-16,2.220446049250313e-16,-3.3306690738754696e-16,9.654820345983417e-17,-2.220446049250313e-15,0.0,-1.1102230246251565e-15,0.0,-7.771561172376096e-16,-1.1102230246251565e-15
final,58,0.0,0.0,0.0,0.0,0.0,7.771561172376096e-16,-2.220446049250313e-16,7.16386585469797e-17,1.3322676295501878e-15,0.0,7.771561172376096e-16,-2.220446049250313e-16,7.795413620170777e-17,1.3322676295501878e-15,0.0,3.3306690738754696e-16,0.0,0.0,3.3306690738754696e-16
final,59,0.0,0.0,0.0,0.0,0.0,-1.1102230246251565e-16,-4.440892098500626e-16,-3.198396408832238e-18,2.220446049250313e-15,0.0,-2.220446049250313e-16,-4.440892098500626e-16,-5.637851296924623e-18,2.220446049250313e-15,0.0,1.3322676295501878e-15,0.0,0.0,1.3322676295501878e-15
final,60,0.0,0.0,0.0,0.0,-2.220446049250313e-15,-8.881784197001252e-16,-1.1102230246251565e-15,1.1835083152215986e-16,-2.220446049250313e-15,-2.4424906541753444e-15,-8.881784197001252e-16,-1.1102230246251565e-15,1.2043453257240544e-16,-2.6645352591003757e-15,0.0,-1.1102230246251565e-15,0.0,-2.4424906541753444e-15,-1.1102230246251565e-15
final,61,0.0,0.0,0.0,0.0,8.881784197001252e-16,2.6645352591003757e-15,-2.220446049250313e-16,7.589415207398531e-19,2.6645352591003757e-15,8.881784197001252e-16,2.7755575615628914e-15,0.0,1.1167282376600696e-17,2.6645352591003757e-15,0.0,6.661338147750939e-16,0.0,8.881784197001252e-16,6.661338147750939e-16
final,62,0.0,0.0,0.0,4.440892098500626e-16,1.7763568394002505e-15,5.218048215738236e-15,1.2989609388114332e-14,-6.565928356572215e-16,1.509903313490213e-14,2.220446049250313e-16,8.215650382226158e-15,6.772360450213455e-15,-6.67922748359695e-16,1.1102230246251565e-14,0.0,-5.551115123125783e-16,0.0,2.220446049250313e-16,-5.551115123125783e-16
final,63,0.0,0.0,0.0,0.0,2.6645352591003757e-15,5.88418203051333e-15,3.1086244689504383e-15,-9.421716878899034e-17,1.199040866595169e-14,2.886579864025407e-15,6.439293542825908e-15,3.3306690738754696e-15,-9.362085759412331e-17,1.2878587085651816e-14,0.0,2.9976021664879227e-15,0.0,2.886579864025407e-15,2.9976021664879227e-15
final,64,0.0,0.0,0.0,0.0,-8.881784197001252e-16,-3.6637359812630166e-15,-5.10702591327572e-15,-2.922466955934677e-16,-1.2434497875801753e-14,-8.881784197001252e-16,-3.774758283725532e-15,-5.329070518200751e-15,-3.13768108717305e-16,-1.2878587085651816e-14,0.0,-1.887379141862766e-15,0.0,-8.881784197001252e-16,-1.887379141862766e-15
final,65,0.0,0.0,0.0,0.0,1.1102230246251565e-15,0.0,-1.5543122344752192e-15,2.439454888092385e-17,-1.7763568394002505e-15,1.2212453270876722e-15,2.220446049250313e-16,-1.3322676295501878e-15,4.0549161250957866e-17,-1.3322676295501878e-15,0.0,5.551115123125783e-16,0.0,1.2212453270876722e-15,5.551115123125783e-16
final,66,0.0,0.0,0.0,0.0,-1.2212453270876722e-15,-3.4416913763379853e-15,-3.552713678800501e-15,-6.40546643504436e-16,-9.769962616701378e-15,-1.2212453270876722e-15,-3.6637359812630166e-15,-3.552713678800501e-15,-6.988767203841562e-16,-1.021405182655144e-14,0.0,-1.4432899320127035e-15,0.0,-1.2212453270876722e-15,-1.4432899320127035e-15
final,67,0.0,0.0,0.0,0.0,-1.6653345369377348e-15,-5.329070518200751e-15,-3.1086244689504383e-15,-2.632442874794805e-16,-1.1102230246251565e-14,-1.6653345369377348e-15,-5.551115123125783e-15,-3.1086244689504383e-15,-2.8124204354273985e-16,-1.1546319456101628e-14,0.0,-1.4432899320127035e-15,0.0,-1.6653345369377348e-15,-1.4432899320127035e-15
final,68,0.0,0.0,0.0,0.0,-5.551115123125783e-16,-2.220446049250313e-16,-1.7763568394002505e-15,3.263990640267611e-16,-2.220446049250313e-15,-5.551115123125783e-16,-2.220446049250313e-16,-1.9984014443252818e-15,3.538700365721126e-16,-2.220446049250313e-15,0.0,-2.220446049250313e-16,0.0,-5.551115123125783e-16,-2.220446049250313e-16
final,69,0.0,0.0,0.0,0.0,-1.3322676295501878e-15,0.0,-2.6645352591003757e-15,6.749158523722265e-17,-3.9968028886505635e-15,-1.3322676295501878e-15,1.1102230246251565e-16,-2.886579864025407e-15,6.31276714929685e-17,-4.440892098500626e-15,0.0,-8.881784197001252e-16,0.0,-1.3322676295501878e-15,-8.881784197001252e-16
final,70,0.0,0.0,0.0,0.0,-1.1102230246251565e-15,-1.2212453270876722e-15,-1.7763568394002505e-15,4.7135689448807305e-17,-3.1086244689504383e-15,-1.1102230246251565e-15,-1.1102230246251565e-15,-1.9984014443252818e-15,4.575333167888829e-17,-3.552713678800501e-15,0.0,-6.661338147750939e-16,0.0,-1.1102230246251565e-15,-6.661338147750939e-16
final,71,0.0,0.0,0.0,0.0,-6.661338147750939e-16,0.0,-1.5543122344752192e-15,6.735605996566196e-17,-1.3322676295501878e-15,-6.661338147750939e-16,0.0,-1.5543122344752192e-15,6.88603904799856e-17,-1.3322676295501878e-15,0.0,0.0,0.0,-6.661338147750939e-16,0.0
final,72,0.0,0.0,0.0,0.0,-8.881784197001252e-16,-4.440892098500626e-16,-4.440892098500626e-16,1.0549287138283958e-16,-1.7763568394002505e-15,-8.881784197001252e-16,-4.440892098500626e-16,-5.551115123125783e-16,1.2248096417297183e-16,-1.7763568394002505e-15,0.0,-6.661338147750939e-16,0.0,-8.881784197001252e-16,-6.661338147750939e-16
final,73,0.0,0.0,0.0,0.0,-4.440892098500626e-16,0.0,4.440892098500626e-16,3.188503064008308e-16,2.220446049250313e-15,-4.440892098500626e-16,0.0,4.440892098500626e-16,3.396534355853964e-16,2.220446049250313e-15,0.0,4.440892098500626e-16,0.0,-4.440892098500626e-16,4.440892098500626e-16
final,74,0.0,0.0,0.0,0.0,-4.440892098500626e-16,-1.1102230246251565e-15,2.220446049250313e-16,5.977477627455707e-16,-4.440892098500626e-16,-4.440892098500626e-16,-1.1102230246251565e-15,2.220446049250313e-16,6.564573103856608e-16,0.0,0.0,2.220446049250313e-16,0.0,-4.440892098500626e-16,2.220446049250313e-16
final,75,0.0,0.0,0.0,0.0,-1.3322676295501878e-15,-1.2212453270876722e-15,-1.5543122344752192e-15,-5.860112742284151e-17,-3.552713678800501e-15,-1.5543122344752192e-15,-1.3322676295501878e-15,-1.7763568394002505e-15,-7.860465750519907e-17,-3.9968028886505635e-15,0.0,-1.1102230246251565e-15,0.0,-1.5543122344752192e-15,-1.1102230246251565e-15
final,76,0.0,0.0,0.0,0.0,0.0,2.220446049250313e-16,6.661338147750939e-16,-1.519238294195313e-16,1.7763568394002505e-15,0.0,2.220446049250313e-16,6.661338147750939e-16,-1.7103289270958832e-16,1.7763568394002505e-15,0.0,2.220446049250313e-16,0.0,0.0,2.220446049250313e-16
final,77,0.0,0.0,0.0,0.0,-2.220446049250313e-16,-1.5543122344752192e-15,6.661338147750939e-16,2.61184303351758e-16,-3.552713678800501e-15,-1.1102230246251565e-16,-1.5543122344752192e-15,6.661338147750939e-16,2.846572803860692e-16,-3.552713678800501e-15,0.0,-1.2212453270876722e-15,0.0,-1.1102230246251565e-16,-1.2212453270876722e-15
final,78,0.0,0.0,0.0,0.0,8.881784197001252e-16,3.9968028886505635e-15,-7.771561172376096e-16,-2.1738253558334364e-16,3.552713678800501e-15,8.881784197001252e-16,3.9968028886505635e-15,-9.992007221626409e-16,-2.3971710033654503e-16,3.1086244689504383e-15,0.0,8.881784197001252e-16,0.0,8.881784197001252e-16,8.881784197001252e-16
final,79,0.0,0.0,0.0,0.0,-2.220446049250313e-16,1.1102230246251565e-15,1.6653345369377348e-15,-4.4137870441884886e-16,-4.440892098500626e-16,-2.220446049250313e-16,1.1102230246251565e-15,1.6653345369377348e-15,-4.834321961841304e-16,-8.881784197001252e-16,0.0,-1.4432899320127035e-15,0.0,-2.220446049250313e-16,-1.4432899320127035e-15
final,80,0.0,0.0,0.0,0.0,4.440892098500626e-16,8.881784197001252e-16,2.220446049250313e-16,-1.1691765177540558e-16,1.3322676295501878e-15,4.440892098500626e-16,8.881784197001252e-16,2.220446049250313e-16,-1.3438685927957827e-16,1.3322676295501878e-15,0.0,2.220446049250313e-16,0.0,4.440892098500626e-16,2.220446049250313e-16
final,81,0.0,0.0,0.0,0.0,-1.3322676295501878e-15,-5.551115123125783e-16,0.0,1.8484291788162244e-16,-1.3322676295501878e-15,-1.5543122344752192e-15,-5.551115123125783e-16,0.0,2.0079424234431542e-16,-1.3322676295501878e-15,0.0,-8.881784197001252e-16,0.0,-1.5543122344752192e-15,-8.881784197001252e-16
final,82,0.0,0.0,0.0,0.0,4.440892098500626e-16,1.3322676295501878e-15,6.661338147750939e-16,5.114723748700367e-17,2.6645352591003757e-15,4.440892098500626e-16,1.3322676295501878e-15,6.661338147750939e-16,5.471155212904977e-17,2.6645352591003757e-15,0.0,3.3306690738754696e-16,0.0,4.440892098500626e-16,3.3306690738754696e-16
final,83,0.0,0.0,0.0,0.0,-1.1102230246251565e-15,-1.1102230246251565e-15,-4.440892098500626e-16,5.539775469544416e-17,-1.3322676295501878e-15,-1.3322676295501878e-15,-1.1102230246251565e-15,-6.661338147750939e-16,6.302433347340347e-17,-1.3322676295501878e-15,0.0,-2.220446049250313e-16,0.0,-1.3322676295501878e-15,-2.220446049250313e-16
final,84,0.0,0.0,0.0,0.0,2.220446049250313e-16,0.0,0.0,-3.0682921481339775e-17,1.3322676295501878e-15,2.220446049250313e-16,0.0,0.0,-3.038476588390626e-17,1.7763568394002505e-15,0.0,8.881784197001252e-16,0.0,2.220446049250313e-16,8.881784197001252e-16
final,85,0.0,0.0,0.0,0.0,-9.992007221626409e-16,-3.9968028886505635e-15,-1.7763568394002505e-15,9.432558900623889e-17,-7.105427357601002e-15,-9.992007221626409e-16,-4.218847493575595e-15,-1.7763568394002505e-15,1.1445109183300106e-16,-7.105427357601002e-15,0.0,-5.551115123125783e-16,0.0,-9.992007221626409e-16,-5.551115123125783e-16
final,86,0.0,0.0,0.0,0.0,3.3306690738754696e-16,8.881784197001252e-16,3.3306690738754696e-16,1.2426142742810037e-16,1.7763568394002505e-15,2.220446049250313e-16,8.881784197001252e-16,2.220446049250313e-16,1.3837807852704054e-16,1.7763568394002505e-15,0.0,3.3306690738754696e-16,0.0,2.220446049250313e-16,3.3306690738754696e-16
final,87,0.0,0.0,0.0,0.0,0.0,-3.3306690738754696e-16,-4.440892098500626e-16,-1.522761951255891e-16,1.7763568394002505e-15,0.0,-4.440892098500626e-16,-4.440892098500626e-16,-1.6883738331030518e-16,1.7763568394002505e-15,0.0,1.1102230246251565e-15,0.0,0.0,1.1102230246251565e-15
final,88,0.0,0.0,0.0,0.0,-3.3306690738754696e-16,5.551115123125783e-16,0.0,-1.1709383462843448e-16,2.6645352591003757e-15,-3.3306690738754696e-16,6.661338147750939e-16,0.0,-1.3422422895370545e-16,2.6645352591003757e-15,0.0,5.551115123125783e-16,0.0,-3.3306690738754696e-16,5.551115123125783e-16
final,89,0.0,0.0,0.0,0.0,2.220446049250313e-16,5.551115123125783e-16,4.440892098500626e-16,-1.370702596564799e-16,2.6645352591003757e-15,2.220446049250313e-16,5.551115123125783e-16,4.440892098500626e-16,-1.475870207295893e-16,2.6645352591003757e-15,0.0,6.661338147750939e-16,0.0,2.220446049250313e-16,6.661338147750939e-16
final,90,0.0,0.0,0.0,0.0,0.0,4.440892098500626e-16,1.3322676295501878e-15,-1.4213890481284963e-16,-4.440892098500626e-16,-1.1102230246251565e-16,4.440892098500626e-16,1.2212453270876722e-15,-1.4289784633358948e-16,-4.440892098500626e-16,0.0,-8.881784197001252e-16,0.0,-1.1102230246251565e-16,-8.881784197001252e-16
final,91,0.0,0.0,0.0,0.0,-1.1102230246251565e-16,0.0,-4.440892098500626e-16,-8.326672684688674e-17,0.0,-1.1102230246251565e-16,0.0,-6.661338147750939e-16,-9.012430558785756e-17,0.0,0.0,3.3306690738754696e-16,0.0,-1.1102230246251565e-16,3.3306690738754696e-16
final,92,0.0,0.0,0.0,0.0,-1.1102230246251565e-16,-3.9968028886505635e-15,-3.1086244689504383e-15,-3.67544536472586e-16,-1.3322676295501878e-14,-1.1102230246251565e-16,-4.3298697960381105e-15,-3.4416913763379853e-15,-4.0462425077159025e-16,-1.4210854715202004e-14,0.0,-3.3306690738754696e-15,0.0,-1.1102230246251565e-16,-3.3306690738754696e-15
final,93,0.0,0.0,0.0,0.0,-3.885780586188048e-15,-9.325873406851315e-15,-5.218048215738236e-15,-5.919743861770854e-16,-2.708944180085382e-14,-3.9968028886505635e-15,-9.658940314238862e-15,-5.218048215738236e-15,-6.44883452194378e-16,-2.7977620220553945e-14,0.0,-6.661338147750939e-15,0.0,-3.9968028886505635e-15,-6.661338147750939e-15
final,94,0.0,0.0,0.0,0.0,-2.7755575615628914e-15,-6.8833827526759706e-15,-5.995204332975845e-15,-8.402566836762659e-16,-1.9539925233402755e-14,-2.886579864025407e-15,-7.105427357601002e-15,-6.217248937900877e-15,-9.098624631498353e-16,-2.042810365310288e-14,0.0,-3.552713678800501e-15,0.0,-2.886579864025407e-15,-3.552713678800501e-15
final,95,0.0,0.0,0.0,0.0,-1.2212453270876722e-15,-3.552713678800501e-15,-2.220446049250313e-15,-7.882149793969617e-16,-8.43769498715119e-15,-1.1102230246251565e-15,-3.552713678800501e-15,-2.220446049250313e-15,-8.570618173497913e-16,-8.43769498715119e-15,0.0,-1.1102230246251565e-15,0.0,-1.1102230246251565e-15,-1.1102230246251565e-15
final,96,0.0,0.0,0.0,3.885780586188048e-15,-8.881784197001252e-16,-1.1102230246251565e-16,6.661338147750939e-16,-2.649790109554573e-16,-8.881784197001252e-16,-6.661338147750939e-16,0.0,-2.220446049250313e-16,-2.7842311789427754e-16,-1.3322676295501878e-15,0.0,-6.661338147750939e-16,0.0,-6.661338147750939e-16,-6.661338147750939e-16
final,97,0.0,0.0,0.0,0.0,2.7755575615628914e-15,1.1102230246251565e-16,4.884981308350689e-15,-2.614011437862551e-16,9.769962616701378e-15,2.9976021664879227e-15,2.220446049250313e-16,5.218048215738236e-15,-2.8189256484623115e-16,1.0658141036401503e-14,0.0,3.3306690738754696e-15,0.0,2.9976021664879227e-15,3.3306690738754696e-15
final,98,0.0,0.0,0.0,1.1102230246251565e-16,4.3298697960381105e-15,-9.880984919163893e-15,1.0658141036401503e-14,1.9147010366094008e-16,5.329070518200751e-15,3.219646771412954e-15,-3.774758283725532e-15,3.1086244689504383e-15,1.8800065670898647e-16,1.7763568394002505e-15,0.0,2.1094237467877974e-15,0.0,3.219646771412954e-15,2.1094237467877974e-15
final,99,0.0,0.0,0.0,0.0,0.0,-7.771561172376096e-16,-4.440892098500626e-16,-1.7214419993638597e-16,-1.3322676295501878e-15,0.0,-8.881784197001252e-16,-4.440892098500626e-16,-1.954545466448243e-16,-1.3322676295501878e-15,0.0,0.0,0.0,0.0,0.0
final,100,0.0,0.0,0.0,0.0,0.0,0.0,-2.220446049250313e-16,3.043762073981493e-16,-1.3322676295501878e-15,0.0,0.0,-2.220446049250313e-16,3.2990916856018293e-16,-1.7763568394002505e-15,0.0,-6.661338147750939e-16,0.0,0.0,-6.661338147750939e-16
final,101,0.0,0.0,0.0,0.0,-4.440892098500626e-16,-1.1102230246251565e-16,-6.661338147750939e-16,2.0913582280887577e-16,4.440892098500626e-16,-4.440892098500626e-16,0.0,-6.661338147750939e-16,2.2106882296979435e-16,8.881784197001252e-16,0.0,6.661338147750939e-16,0.0,-4.440892098500626e-16,6.661338147750939e-16
final,102,0.0,0.0,0.0,0.0,1.1102230246251565e-15,4.440892098500626e-16,4.440892098500626e-16,9.619753181967089e-17,3.552713678800501e-15,1.1102230246251565e-15,4.440892098500626e-16,6.661338147750939e-16,1.0033952293174442e-16,3.9968028886505635e-15,0.0,1.7763568394002505e-15,0.0,1.1102230246251565e-15,1.7763568394002505e-15
final,103,0.0,0.0,0.0,0.0,-3.3306690738754696e-16,-1.1102230246251565e-15,0.0,3.448305009590147e-16,-5.329070518200751e-15,-2.220446049250313e-16,-1.1102230246251565e-15,0.0,3.7751919645945264e-16,-5.329070518200751e-15,0.0,-1.7763568394002505e-15,0.0,-2.220446049250313e-16,-1.7763568394002505e-15
final,104,0.0,0.0,0.0,0.0,-1.2212453270876722e-15,-3.1086244689504383e-15,-8.881784197001252e-16,-1.9895109865109006e-16,-7.105427357601002e-15,-1.2212453270876722e-15,-3.3306690738754696e-15,-8.881784197001252e-16,-2.0903417885520525e-16,-7.549516567451064e-15,0.0,-1.7763568394002505e-15,0.0,-1.2212453270876722e-15,-1.7763568394002505e-15
final,105,0.0,0.0,0.0,6.106226635438361e-15,6.994405055138486e-15,-4.440892098500626e-15,1.2434497875801753e-14,9.489750565222499e-16,2.3092638912203256e-14,6.8833827526759706e-15,-3.774758283725532e-15,5.551115123125783e-15,9.899850036965141e-16,1.554312234475219e-14,0.0,8.43769498715119e-15,0.0,6.8833827526759706e-15,8.43769498715119e-15
final,106,0.0,0.0,0.0,0.0,6.661338147750939e-16,0.0,6.661338147750939e-16,-4.2934406030425976e-17,2.6645352591003757e-15,6.661338147750939e-16,0.0,7.771561172376096e-16,-4.466912950640278e-17,2.6645352591003757e-15,0.0,9.992007221626409e-16,0.0,6.661338147750939e-16,9.992007221626409e-16
final,107,0.0,0.0,0.0,0.0,-2.220446049250313e-16,-8.881784197001252e-16,6.661338147750939e-16,2.1624412330223386e-16,-3.552713678800501e-15,-1.1102230246251565e-16,-8.881784197001252e-16,8.881784197001252e-16,2.3548871186385156e-16,-3.9968028886505635e-15,0.0,-1.5543122344752192e-15,0.0,-1.1102230246251565e-16,-1.5543122344752192e-15
final,108,0.0,0.0,0.0,0.0,1.7763568394002505e-15,4.440892098500626e-16,6.661338147750939e-16,2.8785567679490143e-16,3.1086244689504383e-15,1.7763568394002505e-15,5.551115123125783e-16,6.661338147750939e-16,3.000800562896755e-16,3.1086244689504383e-15,0.0,1.5543122344752192e-15,0.0,1.7763568394002505e-15,1.5543122344752192e-15
final,109,0.0,0.0,0.0,0.0,0.0,4.440892098500626e-16,4.440892098500626e-16,5.412879346133881e-17,3.1086244689504383e-15,0.0,4.440892098500626e-16,4.440892098500626e-16,6.430674135554648e-17,3.1086244689504383e-15,0.0,1.1102230246251565e-15,0.0,0.0,1.1102230246251565e-15
final,110,0.0,0.0,0.0,-2.886579864025407e-15,-4.440892098500626e-16,-1.099120794378905e-14,-3.697042672001771e-14,2.8362728832220796e-16,-3.419486915845482e-14,1.2212453270876722e-15,-2.398081733190338e-14,-2.55351295663786e-15,1.0863705768304754e-16,-1.7319479184152442e-14,0.0,3.9968028886505635e-15,0.0,1.2212453270876722e-15,3.9968028886505635e-15
final,111,0.0,0.0,0.0,0.0,-5.551115123125783e-15,-1.2212453270876722e-14,-1.5543122344752192e-15,-8.044780119842443e-16,-2.930988785010413e-14,-6.217248937900877e-15,-1.2878587085651816e-14,-1.9984014443252818e-15,-9.102961440188295e-16,-3.197442310920451e-14,0.0,-8.548717289613705e-15,0.0,-6.217248937900877e-15,-8.548717289613705e-15
final,112,0.0,0.0,0.0,0.0,-3.1086244689504383e-15,-3.9968028886505635e-15,-2.3314683517128287e-15,-1.3493980238754588e-15,-1.4654943925052066e-14,-3.219646771412954e-15,-4.218847493575595e-15,-2.4424906541753444e-15,-1.4716960289318237e-15,-1.554312234475219e-14,0.0,-4.773959005888173e-15,0.0,-3.219646771412954e-15,-4.773959005888173e-15
final,113,0.0,0.0,0.0,0.0,1.3322676295501878e-15,1.5543122344752192e-15,-1.1102230246251565e-16,2.844404399515721e-16,2.6645352591003757e-15,1.5543122344752192e-15,2.220446049250313e-15,2.220446049250313e-16,3.2189962501094627e-16,3.552713678800501e-15,0.0,8.881784197001252e-16,0.0,1.5543122344752192e-15,8.881784197001252e-16
final,114,0.0,0.0,0.0,0.0,-4.440892098500626e-16,-8.881784197001252e-16,2.220446049250313e-16,-8.925965435530037e-16,0.0,-4.440892098500626e-16,-8.881784197001252e-16,3.3306690738754696e-16,-1.001585966942109e-15,0.0,0.0,2.220446049250313e-16,0.0,-4.440892098500626e-16,2.220446049250313e-16
final,115,0.0,0.0,0.0,0.0,-4.440892098500626e-16,-1.5543122344752192e-15,1.9984014443252818e-15,-1.2468324983583301e-17,-2.6645352591003757e-15,-3.3306690738754696e-16,-1.5543122344752192e-15,2.220446049250313e-15,9.486769009248164e-18,-2.6645352591003757e-15,0.0,-1.4432899320127035e-15,0.0,-3.3306690738754696e-16,-1.4432899320127035e-15
final,116,0.0,0.0,0.0,0.0,1.6653345369377348e-15,6.661338147750939e-16,4.551914400963142e-15,-3.743750101592447e-16,1.021405182655144e-14,1.6653345369377348e-15,6.661338147750939e-16,4.773959005888173e-15,-3.981732478453015e-16,1.1102230246251565e-14,0.0,2.9976021664879227e-15,0.0,1.6653345369377348e-15,2.9976021664879227e-15
final,117,0.0,0.0,0.0,0.0,1.3322676295501878e-15,2.220446049250313e-16,4.440892098500626e-16,2.3315767719300773e-16,3.552713678800501e-15,1.3322676295501878e-15,2.220446049250313e-16,6.661338147750939e-16,2.500170209751573e-16,3.552713678800501e-15,0.0,1.7763568394002505e-15,0.0,1.3322676295501878e-15,1.7763568394002505e-15
final,118,0.0,0.0,0.0,0.0,-1.1102230246251565e-16,-2.220446049250313e-16,-2.220446049250313e-16,-1.5417354892743873e-16,0.0,-1.1102230246251565e-16,-2.220446049250313e-16,-2.220446049250313e-16,-1.5981140022436335e-16,0.0,0.0,1.1102230246251565e-16,0.0,-1.1102230246251565e-16,1.1102230246251565e-16
final,119,0.0,0.0,0.0,0.0,0.0,-1.1102230246251565e-16,6.661338147750939e-16,-2.1684043449710089e-16,1.7763568394002505e-15,0.0,-1.1102230246251565e-16,6.661338147750939e-16,-2.3787395664331967e-16,1.7763568394002505e-15,0.0,4.440892098500626e-16,0.0,0.0,4.440892098500626e-16
final,120,0.0,0.0,0.0,0.0,4.440892098500626e-16,1.1102230246251565e-15,-6.661338147750939e-16,-7.892991815694472e-17,3.1086244689504383e-15,4.440892098500626e-16,1.1102230246251565e-15,-5.551115123125783e-16,-8.521829075736065e-17,3.1086244689504383e-15,0.0,1.1102230246251565e-15,0.0,4.440892098500626e-16,1.1102230246251565e-15
final,121,0.0,0.0,0.0,-1.3322676295501878e-15,1.7763568394002505e-15,1.1102230246251565e-15,2.9976021664879227e-15,5.212844045310305e-16,4.440892098500626e-15,1.5543122344752192e-15,1.5543122344752192e-15,9.992007221626409e-16,5.635682892579652e-16,2.6645352591003757e-15,0.0,8.881784197001252e-16,0.0,1.5543122344752192e-15,8.881784197001252e-16
final,122,0.0,0.0,0.0,7.771561172376096e-16,2.220446049250313e-15,2.6645352591003757e-15,8.992806499463768e-15,3.171833455606343e-16,1.8207657603852567e-14,2.7755575615628914e-15,1.5543122344752192e-15,6.217248937900877e-15,3.7112240364178817e-16,1.509903313490213e-14,0.0,4.218847493575595e-15,0.0,2.7755575615628914e-15,4.218847493575595e-15
final,123,0.0,0.0,0.0,0.0,2.220446049250313e-16,0.0,1.4432899320127035e-15,3.957337929572091e-18,2.6645352591003757e-15,2.220446049250313e-16,0.0,1.4432899320127035e-15,-4.119968255444917e-18,2.6645352591003757e-15,0.0,4.440892098500626e-16,0.0,2.220446049250313e-16,4.440892098500626e-16
final,124,0.0,0.0,0.0,-8.881784197001252e-16,-4.551914400963142e-15,-7.549516567451064e-15,2.55351295663786e-15,-1.0798653637955624e-16,-1.9095836023552692e-14,-3.6637359812630166e-15,3.3306690738754696e-15,3.774758283725532e-15,-1.1058862159352145e-16,-5.329070518200751e-15,0.0,-5.995204332975845e-15,0.0,-3.6637359812630166e-15,-5.995204332975845e-15
final,125,0.0,0.0,0.0,0.0,-3.9968028886505635e-15,-1.1102230246251565e-15,1.7763568394002505e-15,-8.532128996374677e-16,-1.199040866595169e-14,-4.218847493575595e-15,-2.220446049250313e-16,2.1094237467877974e-15,-9.185360805297194e-16,-1.1546319456101628e-14,0.0,-6.772360450213455e-15,0.0,-4.218847493575595e-15,-6.772360450213455e-15
final,126,0.0,0.0,0.0,0.0,-1.887379141862766e-15,2.220446049250313e-16,-1.1102230246251565e-16,-1.2825569599417275e-15,-3.552713678800501e-15,-1.887379141862766e-15,4.440892098500626e-16,2.220446049250313e-16,-1.3643600138557588e-15,-3.1086244689504383e-15,0.0,-2.55351295663786e-15,0.0,-1.887379141862766e-15,-2.55351295663786e-15
final,127,0.0,0.0,0.0,-3.6637359812630166e-15,2.1094237467877974e-15,1.021405182655144e-14,-2.886579864025407e-15,-1.8366384801904445e-16,1.554312234475219e-14,7.771561172376096e-16,4.884981308350689e-15,-1.6653345369377348e-15,-3.0075768264747893e-16,9.769962616701378e-15,0.0,2.4424906541753444e-15,0.0,7.771561172376096e-16,2.4424906541753444e-15
final,128,0.0,0.0,0.0,-2.4424906541753444e-15,-5.551115123125783e-16,7.771561172376096e-16,1.3322676295501878e-15,-2.892651396191326e-16,1.7763568394002505e-15,-6.661338147750939e-16,7.771561172376096e-16,1.3322676295501878e-15,-3.1768478906540887e-16,1.3322676295501878e-15,0.0,-5.551115123125783e-16,0.0,-6.661338147750939e-16,-5.551115123125783e-16
final,129,0.0,0.0,0.0,0.0,-6.661338147750939e-16,-1.3322676295501878e-15,-2.220446049250313e-16,2.2897248740062423e-16,-4.440892098500626e-16,-6.661338147750939e-16,-1.4432899320127035e-15,-3.3306690738754696e-16,2.4531937624968497e-16,-4.440892098500626e-16,0.0,2.220446049250313e-16,0.0,-6.661338147750939e-16,2.220446049250313e-16
final,130,0.0,0.0,0.0,0.0,-6.661338147750939e-16,-8.881784197001252e-16,-8.881784197001252e-16,2.329001791770424e-16,-1.3322676295501878e-15,-6.661338147750939e-16,-8.881784197001252e-16,-1.1102230246251565e-15,2.514942464351688e-16,-1.3322676295501878e-15,0.0,0.0,0.0,-6.661338147750939e-16,0.0
final,131,0.0,0.0,0.0,0.0,-6.661338147750939e-16,8.881784197001252e-16,-1.3322676295501878e-15,1.0799331264313428e-16,-3.552713678800501e-15,-6.661338147750939e-16,8.881784197001252e-16,-1.3322676295501878e-15,1.1389543821960224e-16,-3.552713678800501e-15,0.0,-1.6653345369377348e-15,0.0,-6.661338147750939e-16,-1.6653345369377348e-15
final,132,0.0,0.0,0.0,1.1102230246251565e-16,-2.1094237467877974e-15,1.5543122344752192e-15,-1.9984014443252818e-15,2.729614494503818e-16,-7.105427357601002e-15,-2.220446049250313e-15,1.9984014443252818e-15,-2.1094237467877974e-15,2.992397996059992e-16,-7.549516567451064e-15,0.0,-3.774758283725532e-15,0.0,-2.220446049250313e-15,-3.774758283725532e-15
final,133,0.0,0.0,0.0,0.0,-9.992007221626409e-16,9.992007221626409e-16,-1.9984014443252818e-15,8.036648603548802e-17,-1.3322676295501878e-15,-1.1102230246251565e-15,9.992007221626409e-16,-2.1094237467877974e-15,8.403922089478266e-17,-1.3322676295501878e-15,0.0,-5.551115123125783e-16,0.0,-1.1102230246251565e-15,-5.551115123125783e-16
final,134,0.0,0.0,0.0,0.0,6.661338147750939e-16,2.220446049250313e-15,1.1102230246251565e-15,8.42831663835919e-17,7.105427357601002e-15,6.661338147750939e-16,2.3314683517128287e-15,1.1102230246251565e-15,9.687346411157982e-17,7.549516567451064e-15,0.0,1.7763568394002505e-15,0.0,6.661338147750939e-16,1.7763568394002505e-15
final,135,0.0,0.0,0.0,0.0,1.5543122344752192e-15,3.6637359812630166e-15,2.7755575615628914e-15,2.9197564505034634e-16,1.2434497875801753e-14,1.6653345369377348e-15,3.774758283725532e-15,2.7755575615628914e-15,3.2737484598199806e-16,1.2878587085651816e-14,0.0,3.3306690738754696e-15,0.0,1.6653345369377348e-15,3.3306690738754696e-15
final,136,0.0,0.0,0.0,0.0,1.6653345369377348e-15,3.3306690738754696e-15,3.4416913763379853e-15,-4.575333167888829e-17,1.0658141036401503e-14,1.7763568394002505e-15,3.4416913763379853e-15,3.552713678800501e-15,-4.3747557659790104e-17,1.1102230246251565e-14,0.0,2.3314683517128287e-15,0.0,1.7763568394002505e-15,2.3314683517128287e-15
final,137,0.0,0.0,0.0,0.0,1.7763568394002505e-15,2.4424906541753444e-15,2.6645352591003757e-15,-2.276553511676438e-16,7.993605777301127e-15,1.7763568394002505e-15,2.4424906541753444e-15,2.886579864025407e-15,-2.3983907308094965e-16,7.993605777301127e-15,0.0,1.7763568394002505e-15,0.0,1.7763568394002505e-15,1.7763568394002505e-15
final,138,0.0,0.0,0.0,1.5543122344752192e-15,1.3322676295501878e-15,2.220446049250313e-15,1.7763568394002505e-15,-4.0454293560865384e-16,5.329070518200751e-15,1.4432899320127035e-15,2.4424906541753444e-15,1.7763568394002505e-15,-4.299403714991268e-16,5.773159728050814e-15,0.0,9.992007221626409e-16,0.0,1.4432899320127035e-15,9.992007221626409e-16
final,139,0.0,0.0,0.0,-1.2212453270876722e-15,2.220446049250313e-15,3.3306690738754696e-15,3.552713678800501e-15,-3.0174362899808294e-16,1.199040866595169e-14,2.4424906541753444e-15,3.9968028886505635e-15,1.9984014443252818e-15,-3.3189800192033603e-16,1.1102230246251565e-14,0.0,3.219646771412954e-15,0.0,2.4424906541753444e-15,3.219646771412954e-15
final,140,0.0,0.0,0.0,1.1102230246251565e-16,1.2212453270876722e-15,3.1086244689504383e-15,2.220446049250313e-15,-2.491496592371689e-16,6.661338147750939e-15,1.3322676295501878e-15,3.6637359812630166e-15,1.9984014443252818e-15,-2.595037899844055e-16,6.661338147750939e-15,0.0,6.661338147750939e-16,0.0,1.3322676295501878e-15,6.661338147750939e-16
final,141,0.0,0.0,0.0,0.0,3.3306690738754696e-16,1.7763568394002505e-15,4.440892098500626e-16,-2.402592014227878e-16,2.220446049250313e-15,3.3306690738754696e-16,1.887379141862766e-15,4.440892098500626e-16,-2.5322896991114563e-16,2.220446049250313e-15,0.0,2.220446049250313e-16,0.0,3.3306690738754696e-16,2.220446049250313e-16
final,142,0.0,0.0,0.0,0.0,0.0,-4.440892098500626e-16,-1.1102230246251565e-15,-1.9550875675344859e-16,1.3322676295501878e-15,0.0,-4.440892098500626e-16,-1.1102230246251565e-15,-2.08193922171529e-16,1.3322676295501878e-15,0.0,1.3322676295501878e-15,0.0,0.0,1.3322676295501878e-15
final,143,0.0,0.0,0.0,2.220446049250313e-16,0.0,-4.440892098500626e-16,-4.440892098500626e-16,-1.7880357296769928e-16,-1.3322676295501878e-15,0.0,-2.220446049250313e-16,-6.661338147750939e-16,-1.9154125442850944e-16,-1.7763568394002505e-15,0.0,-2.220446049250313e-16,0.0,0.0,-2.220446049250313e-16
final,144,0.0,0.0,0.0,0.0,0.0,4.440892098500626e-16,-7.771561172376096e-16,-4.2316071978930336e-17,-1.3322676295501878e-15,0.0,6.661338147750939e-16,-8.881784197001252e-16,-4.1494450020093665e-17,-1.3322676295501878e-15,0.0,-6.661338147750939e-16,0.0,0.0,-6.661338147750939e-16
final,145,0.0,0.0,0.0,-8.881784197001252e-16,-6.661338147750939e-16,0.0,-4.440892098500626e-16,-1.134922505367092e-16,-2.6645352591003757e-15,-8.881784197001252e-16,-2.220446049250313e-16,-4.440892098500626e-16,-1.2482555137097173e-16,-3.1086244689504383e-15,0.0,-1.3322676295501878e-15,0.0,-8.881784197001252e-16,-1.3322676295501878e-15
final,146,0.0,0.0,0.0,-4.440892098500626e-16,4.440892098500626e-16,8.881784197001252e-16,2.220446049250313e-16,-7.001913155182948e-17,1.3322676295501878e-15,6.661338147750939e-16,8.881784197001252e-16,2.220446049250313e-16,-7.560277274012983e-17,1.3322676295501878e-15,0.0,3.3306690738754696e-16,0.0,6.661338147750939e-16,3.3306690738754696e-16
final,147,0.0,0.0,0.0,0.0,8.881784197001252e-16,2.220446049250313e-15,1.887379141862766e-15,1.0966704974690877e-16,4.440892098500626e-15,9.992007221626409e-16,2.4424906541753444e-15,2.1094237467877974e-15,1.1848974492550957e-16,5.329070518200751e-15,0.0,7.771561172376096e-16,0.0,9.992007221626409e-16,7.771561172376096e-16
final,148,0.0,0.0,0.0,0.0,3.3306690738754696e-16,1.3322676295501878e-15,8.881784197001252e-16,2.2090619264392153e-17,3.552713678800501e-15,3.3306690738754696e-16,1.5543122344752192e-15,1.1102230246251565e-15,8.673617379884035e-19,3.9968028886505635e-15,0.0,6.661338147750939e-16,0.0,3.3306690738754696e-16,6.661338147750939e-16
final,149,0.0,0.0,0.0,0.0,-1.1102230246251565e-15,-4.440892098500626e-16,0.0,4.749483141844313e-17,-1.3322676295501878e-15,-1.1102230246251565e-15,-6.661338147750939e-16,-1.1102230246251565e-16,6.656323712703194e-17,-1.7763568394002505e-15,0.0,-6.661338147750939e-16,0.0,-1.1102230246251565e-15,-6.661338147750939e-16
final,150,0.0,0.0,0.0,0.0,1.1102230246251565e-15,4.551914400963142e-15,1.9984014443252818e-15,8.771195575407731e-17,7.993605777301127e-15,1.2212453270876722e-15,4.773959005888173e-15,2.220446049250313e-15,9.633136302533707e-17,8.43769498715119e-15,0.0,1.4432899320127035e-15,0.0,1.2212453270876722e-15,1.4432899320127035e-15
final,151,0.0,0.0,0.0,0.0,1.5543122344752192e-15,5.329070518200751e-15,2.886579864025407e-15,2.4909544912854464e-17,1.1546319456101628e-14,1.5543122344752192e-15,5.551115123125783e-15,2.9976021664879227e-15,2.8324781756183803e-17,1.199040866595169e-14,0.0,2.4424906541753444e-15,0.0,1.5543122344752192e-15,2.4424906541753444e-15
final,152,0.0,0.0,0.0,0.0,1.2212453270876722e-15,4.551914400963142e-15,1.7763568394002505e-15,1.0646865333807654e-16,8.881784197001252e-15,1.3322676295501878e-15,4.6629367034256575e-15,1.7763568394002505e-15,1.207801220148852e-16,8.881784197001252e-15,0.0,1.7763568394002505e-15,0.0,1.3322676295501878e-15,1.7763568394002505e-15
final,153,0.0,0.0,0.0,0.0,1.6653345369377348e-15,2.1094237467877974e-15,1.9984014443252818e-15,-3.274019510363102e-16,5.329070518200751e-15,1.6653345369377348e-15,2.220446049250313e-15,1.9984014443252818e-15,-3.516067645370491e-16,5.329070518200751e-15,0.0,9.992007221626409e-16,0.0,1.6653345369377348e-15,9.992007221626409e-16
final,154,0.0,0.0,0.0,0.0,-6.661338147750939e-16,-2.220446049250313e-15,-2.220446049250313e-15,2.5725068234470905e-16,-3.1086244689504383e-15,-6.661338147750939e-16,-2.4424906541753444e-15,-2.220446049250313e-15,2.7647494211559265e-16,-3.552713678800501e-15,0.0,0.0,0.0,-6.661338147750939e-16,0.0
final,155,0.0,0.0,0.0,4.440892098500626e-16,-2.6645352591003757e-15,-5.551115123125783e-16,-8.881784197001252e-16,1.861744536747062e-16,-6.661338147750939e-15,-2.4424906541753444e-15,1.3322676295501878e-15,-1.2212453270876722e-15,2.0501924268521987e-16,-4.440892098500626e-15,0.0,-2.6645352591003757e-15,0.0,-2.4424906541753444e-15,-2.6645352591003757e-15
final,156,0.0,0.0,0.0,0.0,-1.2212453270876722e-15,-4.440892098500626e-16,-8.881784197001252e-16,-7.176063129138432e-17,-3.9968028886505635e-15,-1.2212453270876722e-15,-6.661338147750939e-16,-9.992007221626409e-16,-8.260265301623937e-17,-4.440892098500626e-15,0.0,-1.6653345369377348e-15,0.0,-1.2212453270876722e-15,-1.6653345369377348e-15
final,157,0.0,0.0,0.0,0.0,1.1102230246251565e-16,9.992007221626409e-16,8.881784197001252e-16,2.1968646519987534e-16,2.6645352591003757e-15,2.220446049250313e-16,1.1102230246251565e-15,1.1102230246251565e-15,2.3284596906841815e-16,3.1086244689504383e-15,0.0,3.3306690738754696e-16,0.0,2.220446049250313e-16,3.3306690738754696e-16
final,158,0.0,0.0,0.0,0.0,2.220446049250313e-16,1.3322676295501878e-15,2.220446049250313e-16,3.824523163442617e-17,-4.440892098500626e-16,3.3306690738754696e-16,1.5543122344752192e-15,2.220446049250313e-16,3.42336835962298e-17,-4.440892098500626e-16,0.0,-6.661338147750939e-16,0.0,3.3306690738754696e-16,-6.661338147750939e-16
final,159,0.0,0.0,0.0,0.0,-1.7763568394002505e-15,-2.6645352591003757e-15,-1.7763568394002505e-15,9.782552914429365e-17,-2.6645352591003757e-15,-1.7763568394002505e-15,-2.886579864025407e-15,-1.9984014443252818e-15,9.829139726528352e-17,-2.6645352591003757e-15,0.0,0.0,0.0,-1.7763568394002505e-15,0.0
final,160,0.0,0.0,0.0,0.0,0.0,-4.440892098500626e-16,-2.220446049250313e-16,-1.7611509039311413e-17,0.0,0.0,-4.440892098500626e-16,-2.220446049250313e-16,-1.9061629445010775e-17,0.0,0.0,2.220446049250313e-16,0.0,0.0,2.220446049250313e-16
final,161,0.0,0.0,0.0,0.0,-8.881784197001252e-16,-8.881784197001252e-16,0.0,-4.422189611025251e-17,-3.1086244689504383e-15,-8.881784197001252e-16,-8.881784197001252e-16,0.0,-5.357313984793999e-17,-3.552713678800501e-15,0.0,-1.3322676295501878e-15,0.0,-8.881784197001252e-16,-1.3322676295501878e-15
final,162,0.0,0.0,0.0,0.0,8.881784197001252e-16,-4.440892098500626e-16,-7.771561172376096e-16,2.1271368997807794e-16,3.1086244689504383e-15,1.1102230246251565e-15,-6.661338147750939e-16,-8.881784197001252e-16,2.3443839100925623e-16,3.1086244689504383e-15,0.0,2.220446049250313e-15,0.0,1.1102230246251565e-15,2.220446049250313e-15
final,163,0.0,0.0,0.0,0.0,-6.661338147750939e-16,-1.5543122344752192e-15,-1.3322676295501878e-15,-3.244475001162872e-16,-2.220446049250313e-15,-6.661338147750939e-16,-1.5543122344752192e-15,-1.3322676295501878e-15,-3.5157965948273695e-16,-2.220446049250313e-15,0.0,0.0,0.0,-6.661338147750939e-16,0.0
final,164,0.0,0.0,0.0,0.0,-6.661338147750939e-16,-1.1102230246251565e-15,-1.5543122344752192e-15,-1.8159031136416592e-16,-1.7763568394002505e-15,-6.661338147750939e-16,-1.3322676295501878e-15,-1.5543122344752192e-15,-1.9549520422629252e-16,-1.7763568394002505e-15,0.0,1.1102230246251565e-16,0.0,-6.661338147750939e-16,1.1102230246251565e-16
final,165,0.0,0.0,0.0,2.220446049250313e-16,-3.3306690738754696e-16,1.1102230246251565e-16,-2.4424906541753444e-15,5.4216884887853256e-17,-2.6645352591003757e-15,-3.3306690738754696e-16,2.220446049250313e-16,-2.55351295663786e-15,5.681219383824043e-17,-2.6645352591003757e-15,0.0,-3.3306690738754696e-16,0.0,-3.3306690738754696e-16,-3.3306690738754696e-16
final,166,0.0,0.0,0.0,0.0,2.220446049250313e-16,-6.661338147750939e-16,-1.3322676295501878e-15,1.017930314692328e-16,4.440892098500626e-16,3.3306690738754696e-16,1.1102230246251565e-16,-1.3322676295501878e-15,1.1502029797355595e-16,1.7763568394002505e-15,0.0,1.4432899320127035e-15,0.0,3.3306690738754696e-16,1.4432899320127035e-15
final,167,0.0,0.0,0.0,0.0,-5.551115123125783e-16,-4.440892098500626e-16,-1.9984014443252818e-15,2.801442888430983e-16,-5.329070518200751e-15,-4.440892098500626e-16,-4.440892098500626e-16,-1.9984014443252818e-15,3.0230267074327077e-16,-5.773159728050814e-15,0.0,-1.4432899320127035e-15,0.0,-4.440892098500626e-16,-1.4432899320127035e-15
final,168,0.0,0.0,0.0,0.0,1.1102230246251565e-16,5.551115123125783e-16,0.0,2.859693344213661e-16,3.552713678800501e-15,1.1102230246251565e-16,4.440892098500626e-16,0.0,3.170427380913901e-16,3.552713678800501e-15,0.0,1.3322676295501878e-15,0.0,1.1102230246251565e-16,1.3322676295501878e-15
final,169,0.0,0.0,0.0,0.0,8.881784197001252e-16,9.992007221626409e-16,2.1094237467877974e-15,2.738737039345747e-16,7.105427357601002e-15,8.881784197001252e-16,9.992007221626409e-16,2.220446049250313e-15,3.075330991925661e-16,7.105427357601002e-15,0.0,1.9984014443252818e-15,0.0,8.881784197001252e-16,1.9984014443252818e-15
final,170,0.0,0.0,0.0,0.0,-6.661338147750939e-16,0.0,-1.3322676295501878e-15,7.37257477290143e-18,4.440892098500626e-16,-6.661338147750939e-16,0.0,-1.1102230246251565e-15,1.734723475976807e-17,8.881784197001252e-16,0.0,3.3306690738754696e-16,0.0,-6.661338147750939e-16,3.3306690738754696e-16
final,171,0.0,0.0,0.0,-1.1102230246251565e-16,0.0,0.0,0.0,-1.5415999640028266e-16,2.6645352591003757e-15,1.1102230246251565e-16,4.440892098500626e-16,-8.881784197001252e-16,-1.6837659738699884e-16,2.6645352591003757e-15,0.0,1.4432899320127035e-15,0.0,1.1102230246251565e-16,1.4432899320127035e-15
final,172,0.0,0.0,0.0,1.1102230246251565e-16,0.0,0.0,-6.661338147750939e-16,1.5317066191788964e-16,0.0,0.0,0.0,-4.440892098500626e-16,1.6650634863946134e-16,0.0,0.0,4.440892098500626e-16,0.0,0.0,4.440892098500626e-16
final,173,0.0,0.0,0.0,0.0,-4.440892098500626e-16,0.0,-1.1102230246251565e-16,9.09611741397448e-17,-8.881784197001252e-16,-4.440892098500626e-16,0.0,-1.1102230246251565e-16,1.0983306820457062e-16,-8.881784197001252e-16,0.0,-4.440892098500626e-16,0.0,-4.440892098500626e-16,-4.440892098500626e-16
final,174,0.0,0.0,0.0,0.0,1.2212453270876722e-15,2.4424906541753444e-15,2.3314683517128287e-15,-1.9157852387818863e-16,6.661338147750939e-15,1.3322676295501878e-15,2.55351295663786e-15,2.4424906541753444e-15,-2.093594395069509e-16,7.105427357601002e-15,0.0,1.4432899320127035e-15,0.0,1.3322676295501878e-15,1.4432899320127035e-15
final,175,0.0,0.0,0.0,0.0,8.881784197001252e-16,4.440892098500626e-16,1.1102230246251565e-15,-1.5537972384432885e-16,2.220446049250313e-15,1.1102230246251565e-15,4.440892098500626e-16,1.2212453270876722e-15,-1.6580161722734577e-16,2.6645352591003757e-15,0.0,8.881784197001252e-16,0.0,1.1102230246251565e-15,8.881784197001252e-16
final,176,0.0,0.0,0.0,0.0,1.1102230246251565e-16,1.6653345369377348e-15,-4.440892098500626e-16,-8.261620554339544e-17,3.1086244689504383e-15,1.1102230246251565e-16,1.7763568394002505e-15,-4.440892098500626e-16,-8.229094489164979e-17,3.552713678800501e-15,0.0,8.881784197001252e-16,0.0,1.1102230246251565e-16,8.881784197001252e-16
final,177,0.0,0.0,0.0,0.0,1.2212453270876722e-15,2.55351295663786e-15,1.1102230246251565e-15,-2.484720328793655e-16,8.43769498715119e-15,1.2212453270876722e-15,2.55351295663786e-15,1.1102230246251565e-15,-2.65710847421885e-16,8.881784197001252e-15,0.0,2.6645352591003757e-15,0.0,1.2212453270876722e-15,2.6645352591003757e-15
final,178,0.0,0.0,0.0,0.0,1.9984014443252818e-15,3.219646771412954e-15,2.4424906541753444e-15,-2.362476533845914e-16,9.325873406851315e-15,2.1094237467877974e-15,3.3306690738754696e-15,2.4424906541753444e-15,-2.5616986830401256e-16,9.769962616701378e-15,0.0,2.4424906541753444e-15,0.0,2.1094237467877974e-15,2.4424906541753444e-15
final,179,0.0,0.0,0.0,0.0,8.881784197001252e-16,2.7755575615628914e-15,2.6645352591003757e-15,-1.8204728563920962e-16,6.217248937900877e-15,8.881784197001252e-16,2.886579864025407e-15,2.6645352591003757e-15,-1.8659437025830752e-16,6.217248937900877e-15,0.0,7.771561172376096e-16,0.0,8.881784197001252e-16,7.771561172376096e-16
final,180,0.0,0.0,0.0,0.0,1.7763568394002505e-15,3.4416913763379853e-15,2.220446049250313e-15,-3.725860765746436e-16,9.769962616701378e-15,1.887379141862766e-15,3.552713678800501e-15,2.220446049250313e-15,-4.023474262093707e-16,1.021405182655144e-14,0.0,2.6645352591003757e-15,0.0,1.887379141862766e-15,2.6645352591003757e-15
final,181,0.0,0.0,0.0,3.3306690738754696e-16,8.881784197001252e-16,1.9984014443252818e-15,1.3322676295501878e-15,-2.091425990724538e-16,5.329070518200751e-15,7.771561172376096e-16,1.9984014443252818e-15,1.5543122344752192e-15,-2.2106882296979435e-16,5.329070518200751e-15,0.0,8.881784197001252e-16,0.0,7.771561172376096e-16,8.881784197001252e-16
final,182,0.0,0.0,0.0,0.0,5.551115123125783e-16,2.220446049250313e-15,1.7763568394002505e-15,-4.4369068084837947e-17,5.329070518200751e-15,5.551115123125783e-16,2.220446049250313e-15,1.887379141862766e-15,-3.664942156179907e-17,5.329070518200751e-15,0.0,7.771561172376096e-16,0.0,5.551115123125783e-16,7.771561172376096e-16
final,183,0.0,0.0,0.0,0.0,1.3322676295501878e-15,2.220446049250313e-15,1.2212453270876722e-15,4.858580985450667e-17,4.440892098500626e-15,1.3322676295501878e-15,2.220446049250313e-15,1.3322676295501878e-15,6.123031769111886e-17,4.884981308350689e-15,0.0,1.1102230246251565e-15,0.0,1.3322676295501878e-15,1.1102230246251565e-15
final,184,0.0,0.0,0.0,0.0,-1.3322676295501878e-15,-6.661338147750939e-16,-8.881784197001252e-16,-2.31043482956661e-16,-8.881784197001252e-16,-1.3322676295501878e-15,-6.661338147750939e-16,-8.881784197001252e-16,-2.480383520103713e-16,-8.881784197001252e-16,0.0,0.0,0.0,-1.3322676295501878e-15,0.0
final,185,0.0,0.0,0.0,0.0,-4.440892098500626e-16,4.440892098500626e-16,6.661338147750939e-16,-2.2910547157334316e-16,-1.7763568394002505e-15,-4.440892098500626e-16,4.440892098500626e-16,6.661338147750939e-16,-2.5439448724656755e-16,-1.7763568394002505e-15,0.0,-1.4432899320127035e-15,0.0,-4.440892098500626e-16,-1.4432899320127035e-15
final,186,0.0,0.0,0.0,0.0,4.440892098500626e-16,7.771561172376096e-16,-3.3306690738754696e-16,-3.916680348103885e-17,2.220446049250313e-15,4.440892098500626e-16,7.771561172376096e-16,-3.3306690738754696e-16,-3.800128614561693e-17,2.220446049250313e-15,0.0,8.881784197001252e-16,0.0,4.440892098500626e-16,8.881784197001252e-16
final,187,0.0,0.0,0.0,0.0,-4.440892098500626e-16,2.220446049250313e-16,0.0,2.0773313624822265e-16,2.6645352591003757e-15,-5.551115123125783e-16,2.220446049250313e-16,0.0,2.2703193491846463e-16,2.6645352591003757e-15,0.0,8.881784197001252e-16,0.0,-5.551115123125783e-16,8.881784197001252e-16
final,188,0.0,0.0,0.0,0.0,-1.9984014443252818e-15,-1.9984014443252818e-15,-1.7763568394002505e-15,-4.326644294574966e-17,-5.773159728050814e-15,-1.9984014443252818e-15,-1.9984014443252818e-15,-1.9984014443252818e-15,-5.594483210025203e-17,-6.217248937900877e-15,0.0,-1.5543122344752192e-15,0.0,-1.9984014443252818e-15,-1.5543122344752192e-15
final,189,0.0,0.0,0.0,0.0,1.1102230246251565e-15,2.886579864025407e-15,-1.5543122344752192e-15,-4.412702842016003e-17,3.1086244689504383e-15,1.2212453270876722e-15,2.9976021664879227e-15,-1.5543122344752192e-15,-4.401860820291148e-17,3.552713678800501e-15,0.0,1.6653345369377348e-15,0.0,1.2212453270876722e-15,1.6653345369377348e-15
final,190,0.0,0.0,0.0,4.440892098500626e-16,1.887379141862766e-15,6.5503158452884236e-15,1.1435297153639112e-14,-3.9055672758359083e-16,1.5987211554602254e-14,-2.220446049250313e-16,8.104628079763643e-15,4.9960036108132044e-15,-3.5949433534188113e-16,9.325873406851315e-15,0.0,-6.661338147750939e-16,0.0,-2.220446049250313e-16,-6.661338147750939e-16
final,191,0.0,0.0,0.0,0.0,1.5543122344752192e-15,5.551115123125783e-15,1.7763568394002505e-15,-7.8984128265569e-17,1.0658141036401503e-14,1.6653345369377348e-15,5.995204332975845e-15,1.887379141862766e-15,-7.958043946043603e-17,1.1546319456101628e-14,0.0,2.6645352591003757e-15,0.0,1.6653345369377348e-15,2.6645352591003757e-15
final,192,0.0,0.0,0.0,0.0,-1.1102230246251565e-15,-2.4424906541753444e-15,-4.884981308350689e-15,1.1600963245594897e-17,-1.1102230246251565e-14,-1.1102230246251565e-15,-2.55351295663786e-15,-5.218048215738236e-15,7.806255641895632e-18,-1.1546319456101628e-14,0.0,-1.7763568394002505e-15,0.0,-1.1102230246251565e-15,-1.7763568394002505e-15
final,193,0.0,0.0,0.0,0.0,5.551115123125783e-16,1.2212453270876722e-15,-1.5543122344752192e-15,-7.502679033599691e-17,0.0,6.661338147750939e-16,1.4432899320127035e-15,-1.3322676295501878e-15,-7.800834631033204e-17,4.440892098500626e-16,0.0,4.440892098500626e-16,0.0,6.661338147750939e-16,4.440892098500626e-16
final,194,0.0,0.0,0.0,0.0,-1.6653345369377348e-15,-2.1094237467877974e-15,-3.3306690738754696e-15,-6.591949208711867e-17,-5.329070518200751e-15,-1.7763568394002505e-15,-2.1094237467877974e-15,-3.3306690738754696e-15,-7.19910242530375e-17,-4.884981308350689e-15,0.0,-3.3306690738754696e-16,0.0,-1.7763568394002505e-15,-3.3306690738754696e-16
final,195,0.0,0.0,0.0,0.0,-1.887379141862766e-15,-2.220446049250313e-15,-2.886579864025407e-15,-1.0364972768961422e-16,-6.217248937900877e-15,-1.887379141862766e-15,-2.220446049250313e-15,-2.886579864025407e-15,-1.194790794079026e-16,-6.217248937900877e-15,0.0,-9.992007221626409e-16,0.0,-1.887379141862766e-15,-9.992007221626409e-16
final,196,0.0,0.0,0.0,0.0,-1.1102230246251565e-15,-5.551115123125783e-16,-2.220446049250313e-15,2.064998562770204e-16,-2.6645352591003757e-15,-1.2212453270876722e-15,-6.661338147750939e-16,-2.4424906541753444e-15,2.2780442896636055e-16,-3.1086244689504383e-15,0.0,-5.551115123125783e-16,0.0,-1.2212453270876722e-15,-5.551115123125783e-16
final,197,0.0,0.0,0.0,0.0,0.0,4.440892098500626e-16,-1.3322676295501878e-15,-8.080016690448222e-17,-2.220446049250313e-15,2.220446049250313e-16,5.551115123125783e-16,-1.3322676295501878e-15,-9.321428177944124e-17,-2.6645352591003757e-15,0.0,-6.661338147750939e-16,0.0,2.220446049250313e-16,-6.661338147750939e-16
final,198,0.0,0.0,0.0,0.0,4.440892098500626e-16,8.881784197001252e-16,-1.1102230246251565e-16,3.661892837569791e-17,-4.440892098500626e-16,4.440892098500626e-16,7.771561172376096e-16,0.0,2.5804011705155006e-17,-8.881784197001252e-16,0.0,-6.661338147750939e-16,0.0,4.440892098500626e-16,-6.661338147750939e-16
final,199,0.0,0.0,0.0,0.0,-1.1102230246251565e-15,-1.3322676295501878e-15,-1.3322676295501878e-15,4.005517163611916e-16,-3.9968028886505635e-15,-1.3322676295501878e-15,-1.3322676295501878e-15,-1.3322676295501878e-15,4.346498746858607e-16,-3.9968028886505635e-15,0.0,-1.1102230246251565e-15,0.0,-1.3322676295501878e-15,-1.1102230246251565e-15
final,200,0.0,0.0,0.0,0.0,-1.1102230246251565e-15,-1.3322676295501878e-15,0.0,1.4826464708739273e-17,-3.9968028886505635e-15,-1.1102230246251565e-15,-1.5543122344752192e-15,0.0,2.134523027080837e-17,-4.440892098500626e-15,0.0,-1.5543122344752192e-15,0.0,-1.1102230246251565e-15,-1.5543122344752192e-15
final,201,0.0,0.0,0.0,0.0,-8.881784197001252e-16,-4.440892098500626e-16,6.661338147750939e-16,6.223320470066795e-17,4.440892098500626e-16,-8.881784197001252e-16,-4.440892098500626e-16,6.661338147750939e-16,7.850978981510659e-17,8.881784197001252e-16,0.0,-2.220446049250313e-16,0.0,-8.881784197001252e-16,-2.220446049250313e-16
final,202,0.0,0.0,0.0,0.0,-1.7763568394002505e-15,-1.1102230246251565e-15,0.0,8.063753657860939e-17,-3.9968028886505635e-15,-1.7763568394002505e-15,-1.1102230246251565e-15,0.0,1.052218208397182e-16,-3.9968028886505635e-15,0.0,-1.7763568394002505e-15,0.0,-1.7763568394002505e-15,-1.7763568394002505e-15
final,203,0.0,0.0,0.0,0.0,-8.881784197001252e-16,-1.1102230246251565e-15,-4.440892098500626e-16,2.0044187663825763e-16,-1.7763568394002505e-15,-1.1102230246251565e-15,-1.2212453270876722e-15,-5.551115123125783e-16,2.239690637811931e-16,-2.220446049250313e-15,0.0,-6.661338147750939e-16,0.0,-1.1102230246251565e-15,-6.661338147750939e-16
final,204,0.0,0.0,0.0,0.0,0.0,-4.440892098500626e-16,4.440892098500626e-16,1.8374516318198086e-16,3.552713678800501e-15,0.0,-4.440892098500626e-16,4.440892098500626e-16,1.9691821957767974e-16,3.9968028886505635e-15,0.0,1.3322676295501878e-15,0.0,0.0,1.3322676295501878e-15
final,205,0.0,0.0,0.0,0.0,-1.5543122344752192e-15,-2.4424906541753444e-15,-1.3322676295501878e-15,-3.609851133290487e-16,-5.329070518200751e-15,-1.5543122344752192e-15,-2.6645352591003757e-15,-1.5543122344752192e-15,-3.921017156793827e-16,-5.329070518200751e-15,0.0,-9.992007221626409e-16,0.0,-1.5543122344752192e-15,-9.992007221626409e-16
final,206,0.0,0.0,0.0,0.0,1.5543122344752192e-15,3.774758283725532e-15,-2.220446049250313e-15,-8.435092901937224e-17,2.6645352591003757e-15,1.6653345369377348e-15,3.774758283725532e-15,-2.4424906541753444e-15,-8.988036009904832e-17,2.220446049250313e-15,0.0,1.4432899320127035e-15,0.0,1.6653345369377348e-15,1.4432899320127035e-15
final,207,0.0,0.0,0.0,0.0,-1.1102230246251565e-15,6.661338147750939e-16,9.992007221626409e-16,-1.856831745652987e-16,-8.881784197001252e-16,-1.2212453270876722e-15,6.661338147750939e-16,9.992007221626409e-16,-2.09969303228974e-16,-8.881784197001252e-16,0.0,-1.3322676295501878e-15,0.0,-1.2212453270876722e-15,-1.3322676295501878e-15
final,208,0.0,0.0,0.0,0.0,0.0,0.0,-4.440892098500626e-16,2.766206317825204e-16,2.6645352591003757e-15,0.0,0.0,-6.661338147750939e-16,3.030345072096985e-16,2.6645352591003757e-15,0.0,1.3322676295501878e-15,0.0,0.0,1.3322676295501878e-15
final,209,0.0,0.0,0.0,0.0,0.0,0.0,5.551115123125783e-16,-8.25484429076151e-17,1.3322676295501878e-15,-2.220446049250313e-16,0.0,4.440892098500626e-16,-9.195389675392684e-17,1.3322676295501878e-15,0.0,2.220446049250313e-16,0.0,-2.220446049250313e-16,2.220446049250313e-16
final,210,0.0,0.0,0.0,0.0,2.220446049250313e-16,1.6653345369377348e-15,9.992007221626409e-16,-3.243119748447265e-17,3.9968028886505635e-15,1.1102230246251565e-16,1.6653345369377348e-15,1.1102230246251565e-15,-2.4984083812212843e-17,3.9968028886505635e-15,0.0,5.551115123125783e-16,0.0,1.1102230246251565e-16,5.551115123125783e-16
final,211,0.0,0.0,0.0,0.0,-8.881784197001252e-16,-1.3322676295501878e-15,-8.881784197001252e-16,-9.666498812743686e-17,-1.3322676295501878e-15,-8.881784197001252e-16,-1.3322676295501878e-15,-1.1102230246251565e-15,-1.0985254996235747e-16,-1.3322676295501878e-15,0.0,0.0,0.0,-8.881784197001252e-16,0.0
final,212,0.0,0.0,0.0,0.0,2.220446049250313e-16,-7.771561172376096e-16,-1.1102230246251565e-15,1.769960046582586e-16,0.0,2.220446049250313e-16,-7.771561172376096e-16,-1.1102230246251565e-15,1.9057563686863954e-16,4.440892098500626e-16,0.0,8.881784197001252e-16,0.0,2.220446049250313e-16,8.881784197001252e-16
final,213,0.0,0.0,0.0,0.0,-1.4432899320127035e-15,-2.220446049250313e-15,-1.5543122344752192e-15,-3.096752455161722e-17,-4.884981308350689e-15,-1.4432899320127035e-15,-2.220446049250313e-15,-1.5543122344752192e-15,-3.2864878353466853e-17,-4.884981308350689e-15,0.0,-1.1102230246251565e-15,0.0,-1.4432899320127035e-15,-1.1102230246251565e-15
final,214,0.0,0.0,0.0,0.0,5.551115123125783e-16,1.3322676295501878e-15,1.1102230246251565e-15,-8.341093420615679e-17,3.552713678800501e-15,5.551115123125783e-16,1.3322676295501878e-15,1.1102230246251565e-15,-9.42696848317201e-17,3.552713678800501e-15,0.0,4.440892098500626e-16,0.0,5.551115123125783e-16,4.440892098500626e-16
final,215,0.0,0.0,0.0,0.0,7.771561172376096e-16,1.2212453270876722e-15,1.3322676295501878e-15,3.2390539903004445e-17,3.552713678800501e-15,8.881784197001252e-16,1.3322676295501878e-15,1.5543122344752192e-15,3.347474207548995e-17,3.552713678800501e-15,0.0,7.771561172376096e-16,0.0,8.881784197001252e-16,7.771561172376096e-16
final,216,0.0,0.0,0.0,0.0,-6.661338147750939e-16,5.551115123125783e-16,2.220446049250313e-16,3.1138286393783687e-16,1.3322676295501878e-15,-7.771561172376096e-16,5.551115123125783e-16,2.220446049250313e-16,3.430957774830379e-16,1.3322676295501878e-15,0.0,0.0,0.0,-7.771561172376096e-16,0.0
final,217,0.0,0.0,0.0,0.0,0.0,3.3306690738754696e-16,2.220446049250313e-16,2.3242584072658e-16,1.3322676295501878e-15,0.0,3.3306690738754696e-16,2.220446049250313e-16,2.4974597043203595e-16,1.3322676295501878e-15,0.0,4.440892098500626e-16,0.0,0.0,4.440892098500626e-16
final,218,0.0,0.0,0.0,0.0,-2.220446049250313e-16,2.220446049250313e-16,1.1102230246251565e-15,-2.7484525072507537e-16,-1.3322676295501878e-15,-2.220446049250313e-16,2.220446049250313e-16,8.881784197001252e-16,-2.9891453895425357e-16,-1.7763568394002505e-15,0.0,-1.2212453270876722e-15,0.0,-2.220446049250313e-16,-1.2212453270876722e-15
final,219,0.0,0.0,0.0,0.0,4.440892098500626e-16,1.1102230246251565e-15,1.3322676295501878e-15,-2.3979841549948144e-16,1.3322676295501878e-15,5.551115123125783e-16,1.1102230246251565e-15,1.3322676295501878e-15,-2.656295322589486e-16,1.3322676295501878e-15,0.0,-4.440892098500626e-16,0.0,5.551115123125783e-16,-4.440892098500626e-16
final,220,0.0,0.0,0.0,0.0,-1.6653345369377348e-15,-4.3298697960381105e-15,-4.440892098500626e-15,-1.6002824065886045e-16,-1.3766765505351941e-14,-1.7763568394002505e-15,-4.773959005888173e-15,-4.773959005888173e-15,-1.74122868901172e-16,-1.4654943925052066e-14,0.0,-3.219646771412954e-15,0.0,-1.7763568394002505e-15,-3.219646771412954e-15
final,221,0.0,0.0,0.0,0.0,-4.3298697960381105e-15,-9.769962616701378e-15,-6.328271240363392e-15,-1.196959198423997e-16,-2.886579864025407e-14,-4.551914400963142e-15,-1.0103029524088925e-14,-6.439293542825908e-15,-1.4354836763708079e-16,-2.9753977059954195e-14,0.0,-6.8833827526759706e-15,0.0,-4.551914400963142e-15,-6.8833827526759706e-15
final,222,0.0,0.0,0.0,0.0,-3.885780586188048e-15,-5.329070518200751e-15,-6.661338147750939e-15,7.15573433840433e-18,-1.9539925233402755e-14,-4.107825191113079e-15,-5.551115123125783e-15,-6.8833827526759706e-15,-6.938893903907228e-18,-2.0872192862952943e-14,0.0,-4.773959005888173e-15,0.0,-4.107825191113079e-15,-4.773959005888173e-15
final,223,0.0,0.0,0.0,0.0,-8.881784197001252e-16,-8.881784197001252e-16,-2.6645352591003757e-15,2.5912431922403556e-16,-5.773159728050814e-15,-7.771561172376096e-16,-8.881784197001252e-16,-2.6645352591003757e-15,2.752247214854453e-16,-5.329070518200751e-15,0.0,-8.881784197001252e-16,0.0,-7.771561172376096e-16,-8.881784197001252e-16
final,224,0.0,0.0,0.0,3.885780586188048e-15,0.0,-5.551115123125783e-16,2.220446049250313e-16,-4.078226471804225e-16,0.0,2.220446049250313e-16,-2.220446049250313e-16,-3.3306690738754696e-16,-4.392645101825021e-16,0.0,0.0,2.220446049250313e-16,0.0,2.220446049250313e-16,2.220446049250313e-16
final,225,0.0,0.0,0.0,0.0,2.6645352591003757e-15,-2.220446049250313e-16,5.10702591327572e-15,-1.811701830223278e-16,1.1102230246251565e-14,2.886579864025407e-15,-1.1102230246251565e-16,5.440092820663267e-15,-1.9591533256813065e-16,1.199040866595169e-14,0.0,3.885780586188048e-15,0.0,2.886579864025407e-15,3.885780586188048e-15
final,226,0.0,0.0,0.0,3.3306690738754696e-16,3.219646771412954e-15,-1.2323475573339238e-14,8.43769498715119e-15,-1.2565903179106996e-16,2.6645352591003757e-15,1.9984014443252818e-15,-4.551914400963142e-15,6.661338147750939e-16,-2.645453300864631e-16,4.440892098500626e-16,0.0,2.1094237467877974e-15,0.0,1.9984014443252818e-15,2.1094237467877974e-15
final,227,0.0,0.0,0.0,0.0,0.0,0.0,-8.881784197001252e-16,-1.1773080340476971e-16,1.7763568394002505e-15,0.0,1.1102230246251565e-16,-1.1102230246251565e-15,-1.2430377907546308e-16,1.3322676295501878e-15,0.0,8.881784197001252e-16,0.0,0.0,8.881784197001252e-16
final,228,0.0,0.0,0.0,0.0,-2.220446049250313e-16,6.661338147750939e-16,0.0,-5.740172876952943e-17,4.440892098500626e-16,-2.220446049250313e-16,7.771561172376096e-16,0.0,-6.045782364322294e-17,4.440892098500626e-16,0.0,-2.220446049250313e-16,0.0,-2.220446049250313e-16,-2.220446049250313e-16
final,229,0.0,0.0,0.0,0.0,-2.220446049250313e-16,4.440892098500626e-16,-1.3322676295501878e-15,2.0240021681230957e-16,-8.881784197001252e-16,-2.220446049250313e-16,5.551115123125783e-16,-1.3322676295501878e-15,2.2157704273814693e-16,-8.881784197001252e-16,0.0,-2.220446049250313e-16,0.0,-2.220446049250313e-16,-2.220446049250313e-16
final,230,0.0,0.0,0.0,0.0,0.0,-1.1102230246251565e-16,-6.661338147750939e-16,1.7493602053053614e-16,0.0,0.0,-2.220446049250313e-16,-8.881784197001252e-16,1.898370241386338e-16,0.0,0.0,6.661338147750939e-16,0.0,0.0,6.661338147750939e-16
final,231,0.0,0.0,0.0,0.0,-1.887379141862766e-15,-2.6645352591003757e-15,-2.220446049250313e-16,-2.7807075218821975e-16,-7.105427357601002e-15,-1.887379141862766e-15,-2.6645352591003757e-15,-2.220446049250313e-16,-3.0452528519686606e-16,-7.549516567451064e-15,0.0,-2.4424906541753444e-15,0.0,-1.887379141862766e-15,-2.4424906541753444e-15
final,232,0.0,0.0,0.0,0.0,-9.992007221626409e-16,-1.7763568394002505e-15,-2.220446049250313e-16,5.559246639419424e-17,-4.440892098500626e-15,-9.992007221626409e-16,-1.5543122344752192e-15,-2.220446049250313e-16,5.594483210025203e-17,-4.440892098500626e-15,0.0,-1.4432899320127035e-15,0.0,-9.992007221626409e-16,-1.4432899320127035e-15
final,233,0.0,0.0,0.0,6.106226635438361e-15,5.329070518200751e-15,-3.3306690738754696e-15,1.2212453270876722e-14,1.9201220474718284e-16,2.1760371282653068e-14,5.440092820663267e-15,-3.3306690738754696e-15,5.773159728050814e-15,1.1978401126891414e-16,1.4210854715202004e-14,0.0,7.105427357601002e-15,0.0,5.440092820663267e-15,7.105427357601002e-15
final,234,0.0,0.0,0.0,0.0,8.881784197001252e-16,6.661338147750939e-16,1.2212453270876722e-15,-9.475926987523309e-17,1.3322676295501878e-15,8.881784197001252e-16,6.661338147750939e-16,1.3322676295501878e-15,-9.71445146547012e-17,1.3322676295501878e-15,0.0,2.220446049250313e-16,0.0,8.881784197001252e-16,2.220446049250313e-16
final,235,0.0,0.0,0.0,0.0,-1.2212453270876722e-15,-2.220446049250313e-15,8.881784197001252e-16,-3.1870122860211403e-16,-5.773159728050814e-15,-1.3322676295501878e-15,-2.220446049250313e-15,1.1102230246251565e-15,-3.3897580922759296e-16,-5.773159728050814e-15,0.0,-2.55351295663786e-15,0.0,-1.3322676295501878e-15,-2.55351295663786e-15
final,236,0.0,0.0,0.0,0.0,0.0,2.220446049250313e-16,0.0,7.987859505786954e-17,2.6645352591003757e-15,0.0,2.220446049250313e-16,-2.220446049250313e-16,8.966351966455122e-17,2.6645352591003757e-15,0.0,1.1102230246251565e-15,0.0,0.0,1.1102230246251565e-15
final,237,0.0,0.0,0.0,0.0,-4.440892098500626e-16,8.881784197001252e-16,0.0,7.83742645435459e-17,1.7763568394002505e-15,-6.661338147750939e-16,8.881784197001252e-16,-2.220446049250313e-16,8.888424935307726e-17,1.7763568394002505e-15,0.0,2.220446049250313e-16,0.0,-6.661338147750939e-16,2.220446049250313e-16
final,238,0.0,0.0,0.0,-2.7755575615628914e-15,-1.1102230246251565e-15,-1.2656542480726785e-14,-3.341771304121721e-14,1.951563910473908e-17,-3.2862601528904634e-14,9.992007221626409e-16,-2.4646951146678475e-14,-2.3314683517128287e-15,-1.3444106938820255e-16,-1.687538997430238e-14,0.0,4.440892098500626e-15,0.0,9.992007221626409e-16,4.440892098500626e-15
final,239,0.0,0.0,0.0,0.0,-6.217248937900877e-15,-1.199040866595169e-14,-2.6645352591003757e-15,-6.999609225566417e-16,-3.019806626980426e-14,-6.772360450213455e-15,-1.2545520178264269e-14,-3.1086244689504383e-15,-7.788908407135864e-16,-3.241851231905457e-14,0.0,-8.770761894538737e-15,0.0,-6.772360450213455e-15,-8.770761894538737e-15
final,240,0.0,0.0,0.0,0.0,-3.3306690738754696e-15,-2.886579864025407e-15,-3.3306690738754696e-15,6.938893903907228e-18,-1.687538997430238e-14,-3.552713678800501e-15,-3.3306690738754696e-15,-3.552713678800501e-15,-2.3852447794681098e-17,-1.8207657603852567e-14,0.0,-5.995204332975845e-15,0.0,-3.552713678800501e-15,-5.995204332975845e-15
final,241,0.0,0.0,0.0,0.0,6.661338147750939e-16,1.7763568394002505e-15,-4.440892098500626e-16,-5.036119091195168e-17,2.6645352591003757e-15,8.881784197001252e-16,2.4424906541753444e-15,-1.1102230246251565e-16,-4.1118367391512756e-17,3.552713678800501e-15,0.0,6.661338147750939e-16,0.0,8.881784197001252e-16,6.661338147750939e-16
final,242,0.0,0.0,0.0,0.0,0.0,2.4424906541753444e-15,8.881784197001252e-16,4.3619486278165254e-16,8.881784197001252e-16,1.1102230246251565e-16,2.6645352591003757e-15,1.1102230246251565e-15,4.70957094936969e-16,1.3322676295501878e-15,0.0,-1.3322676295501878e-15,0.0,1.1102230246251565e-16,-1.3322676295501878e-15
final,243,0.0,0.0,0.0,0.0,-3.3306690738754696e-16,-1.7763568394002505e-15,2.220446049250313e-15,-2.1581044243323966e-16,-8.881784197001252e-16,-2.220446049250313e-16,-1.7763568394002505e-15,2.4424906541753444e-15,-2.4210234511601314e-16,-4.440892098500626e-16,0.0,-3.3306690738754696e-16,0.0,-2.220446049250313e-16,-3.3306690738754696e-16
final,244,0.0,0.0,0.0,0.0,1.9984014443252818e-15,8.881784197001252e-16,4.9960036108132044e-15,2.736526283353413e-16,1.1546319456101628e-14,2.1094237467877974e-15,1.1102230246251565e-15,5.440092820663267e-15,3.015437292225309e-16,1.2878587085651816e-14,0.0,3.552713678800501e-15,0.0,2.1094237467877974e-15,3.552713678800501e-15
final,245,0.0,0.0,0.0,0.0,2.220446049250313e-16,0.0,0.0,-1.3314002678121994e-16,5.329070518200751e-15,2.220446049250313e-16,0.0,0.0,-1.432773170939594e-16,5.773159728050814e-15,0.0,2.220446049250313e-15,0.0,2.220446049250313e-16,2.220446049250313e-15
final,246,0.0,0.0,0.0,0.0,4.440892098500626e-16,2.220446049250313e-16,2.220446049250313e-16,-2.1358782797964437e-16,0.0,4.440892098500626e-16,2.220446049250313e-16,2.220446049250313e-16,-2.3375398838787476e-16,-4.440892098500626e-16,0.0,-1.1102230246251565e-16,0.0,4.440892098500626e-16,-1.1102230246251565e-16
final,247,0.0,0.0,0.0,0.0,2.220446049250313e-16,5.551115123125783e-16,8.881784197001252e-16,-8.370040771588094e-17,1.7763568394002505e-15,2.220446049250313e-16,5.551115123125783e-16,9.992007221626409e-16,-9.584347204771859e-17,1.7763568394002505e-15,0.0,1.1102230246251565e-16,0.0,2.220446049250313e-16,1.1102230246251565e-16
final,248,0.0,0.0,0.0,0.0,8.881784197001252e-16,1.1102230246251565e-15,2.220446049250313e-16,1.5352302762394743e-16,3.552713678800501e-15,8.881784197001252e-16,8.881784197001252e-16,3.3306690738754696e-16,1.7466496998741476e-16,3.9968028886505635e-15,0.0,1.5543122344752192e-15,0.0,8.881784197001252e-16,1.5543122344752192e-15
final,249,0.0,0.0,0.0,-1.3322676295501878e-15,2.220446049250313e-16,0.0,7.771561172376096e-16,-2.507217523872729e-16,3.9968028886505635e-15,2.220446049250313e-16,-2.220446049250313e-16,7.771561172376096e-16,-2.544080397737236e-16,3.9968028886505635e-15,0.0,1.5543122344752192e-15,0.0,2.220446049250313e-16,1.5543122344752192e-15
final,250,0.0,0.0,0.0,8.326672684688674e-16,1.3322676295501878e-15,1.7763568394002505e-15,5.773159728050814e-15,-8.998878031629687e-17,1.509903313490213e-14,1.7763568394002505e-15,4.440892098500626e-16,5.10702591327572e-15,-6.19079440489223e-17,1.3766765505351941e-14,0.0,4.107825191113079e-15,0.0,1.7763568394002505e-15,4.107825191113079e-15
final,251,0.0,0.0,0.0,0.0,7.771561172376096e-16,8.881784197001252e-16,1.7763568394002505e-15,-8.912141857830846e-17,1.7763568394002505e-15,8.881784197001252e-16,8.881784197001252e-16,1.887379141862766e-15,-9.259086553026208e-17,1.7763568394002505e-15,0.0,0.0,0.0,8.881784197001252e-16,0.0
final,252,0.0,0.0,0.0,-8.881784197001252e-16,-3.219646771412954e-15,-3.552713678800501e-15,9.992007221626409e-16,5.572799166575493e-17,-1.3322676295501878e-14,-3.4416913763379853e-15,4.884981308350689e-15,1.9984014443252818e-15,4.2717565595928875e-17,-3.9968028886505635e-15,0.0,-5.551115123125783e-15,0.0,-3.4416913763379853e-15,-5.551115123125783e-15
final,253,0.0,0.0,0.0,0.0,-3.219646771412954e-15,6.661338147750939e-16,1.2212453270876722e-15,-4.59322250373484e-16,-8.43769498715119e-15,-3.219646771412954e-15,1.5543122344752192e-15,1.5543122344752192e-15,-4.951009220655056e-16,-7.105427357601002e-15,0.0,-5.551115123125783e-15,0.0,-3.219646771412954e-15,-5.551115123125783e-15
final,254,0.0,0.0,0.0,0.0,-5.551115123125783e-16,2.6645352591003757e-15,4.440892098500626e-16,9.616873269946424e-17,1.7763568394002505e-15,-4.440892098500626e-16,3.1086244689504383e-15,7.771561172376096e-16,8.955509944730267e-17,3.1086244689504383e-15,0.0,-8.881784197001252e-16,0.0,-4.440892098500626e-16,-8.881784197001252e-16
final,255,0.0,0.0,0.0,-2.9976021664879227e-15,3.774758283725532e-15,1.176836406102666e-14,6.661338147750939e-16,7.697835424647081e-17,1.9539925233402755e-14,2.1094237467877974e-15,7.549516567451064e-15,-3.3306690738754696e-16,-2.190088388420719e-17,1.2878587085651816e-14,0.0,2.6645352591003757e-15,0.0,2.1094237467877974e-15,2.6645352591003757e-15
final,256,0.0,0.0,0.0,-2.220446049250313e-15,-2.220446049250313e-16,4.440892098500626e-16,1.7763568394002505e-15,7.193681414441322e-17,3.1086244689504383e-15,-2.220446049250313e-16,3.3306690738754696e-16,1.7763568394002505e-15,8.356488244432025e-17,3.1086244689504383e-15,0.0,3.3306690738754696e-16,0.0,-2.220446049250313e-16,3.3306690738754696e-16
final,257,0.0,0.0,0.0,0.0,4.440892098500626e-16,1.2212453270876722e-15,1.9984014443252818e-15,2.3285698049673245e-16,8.881784197001252e-16,4.440892098500626e-16,1.3322676295501878e-15,2.1094237467877974e-15,2.575200388219359e-16,8.881784197001252e-16,0.0,-8.881784197001252e-16,0.0,4.440892098500626e-16,-8.881784197001252e-16
final,258,0.0,0.0,0.0,0.0,2.220446049250313e-16,2.220446049250313e-16,4.440892098500626e-16,3.403852720518241e-16,0.0,2.220446049250313e-16,2.220446049250313e-16,4.440892098500626e-16,3.699297812520541e-16,0.0,0.0,-4.440892098500626e-16,0.0,2.220446049250313e-16,-4.440892098500626e-16
final,259,0.0,0.0,0.0,0.0,-8.881784197001252e-16,0.0,-1.9984014443252818e-15,1.5338750235238674e-16,-5.329070518200751e-15,-8.881784197001252e-16,0.0,-2.1094237467877974e-15,1.6246769554695284e-16,-5.773159728050814e-15,0.0,-1.7763568394002505e-15,0.0,-8.881784197001252e-16,-1.7763568394002505e-15
final,260,0.0,0.0,0.0,0.0,-1.9984014443252818e-15,0.0,-2.55351295663786e-15,8.145068820797352e-18,-7.993605777301127e-15,-2.1094237467877974e-15,2.220446049250313e-16,-2.6645352591003757e-15,-1.6940658945086007e-18,-8.43769498715119e-15,0.0,-3.4416913763379853e-15,0.0,-2.1094237467877974e-15,-3.4416913763379853e-15
final,261,0.0,0.0,0.0,0.0,-3.3306690738754696e-16,8.881784197001252e-16,-1.6653345369377348e-15,-5.503681278079542e-17,-2.6645352591003757e-15,-3.3306690738754696e-16,7.771561172376096e-16,-1.7763568394002505e-15,-6.583817692418226e-17,-2.6645352591003757e-15,0.0,-8.881784197001252e-16,0.0,-3.3306690738754696e-16,-8.881784197001252e-16
final,262,0.0,0.0,0.0,0.0,8.881784197001252e-16,2.220446049250313e-15,1.2212453270876722e-15,-2.400626897790248e-16,7.105427357601002e-15,9.992007221626409e-16,2.3314683517128287e-15,1.3322676295501878e-15,-2.6613097576372313e-16,7.105427357601002e-15,0.0,1.7763568394002505e-15,0.0,9.992007221626409e-16,1.7763568394002505e-15
final,263,0.0,0.0,0.0,0.0,7.771561172376096e-16,2.55351295663786e-15,2.4424906541753444e-15,-2.4345759783162e-16,9.325873406851315e-15,7.771561172376096e-16,2.55351295663786e-15,2.55351295663786e-15,-2.6581926763913355e-16,9.325873406851315e-15,0.0,2.1094237467877974e-15,0.0,7.771561172376096e-16,2.1094237467877974e-15
final,264,0.0,0.0,0.0,0.0,4.440892098500626e-16,2.1094237467877974e-15,2.220446049250313e-15,-1.3839840731777464e-16,8.43769498715119e-15,4.440892098500626e-16,2.1094237467877974e-15,2.220446049250313e-15,-1.470178145890344e-16,8.43769498715119e-15,0.0,1.887379141862766e-15,0.0,4.440892098500626e-16,1.887379141862766e-15
final,265,0.0,0.0,0.0,0.0,1.4432899320127035e-15,1.6653345369377348e-15,2.6645352591003757e-15,-2.490683440742325e-16,7.549516567451064e-15,1.4432899320127035e-15,1.5543122344752192e-15,2.886579864025407e-15,-2.5587171270657905e-16,7.549516567451064e-15,0.0,1.7763568394002505e-15,0.0,1.4432899320127035e-15,1.7763568394002505e-15
final,266,0.0,0.0,0.0,1.6653345369377348e-15,1.4432899320127035e-15,2.886579864025407e-15,2.6645352591003757e-15,-1.3406159862783262e-16,6.661338147750939e-15,1.6653345369377348e-15,2.4424906541753444e-15,3.774758283725532e-15,-1.3444106938820255e-16,7.993605777301127e-15,0.0,1.3322676295501878e-15,0.0,1.6653345369377348e-15,1.3322676295501878e-15
final,267,0.0,0.0,0.0,-9.992007221626409e-16,7.771561172376096e-16,1.3322676295501878e-15,2.6645352591003757e-15,-2.128441330519551e-16,7.993605777301127e-15,6.661338147750939e-16,1.9984014443252818e-15,4.440892098500626e-16,-2.347043593546941e-16,5.773159728050814e-15,0.0,1.5543122344752192e-15,0.0,6.661338147750939e-16,1.5543122344752192e-15
final,268,0.0,0.0,0.0,1.1102230246251565e-16,1.3322676295501878e-15,1.9984014443252818e-15,2.220446049250313e-16,-6.836436798607348e-16,4.884981308350689e-15,1.3322676295501878e-15,2.1094237467877974e-15,2.220446049250313e-16,-7.483705495581194e-16,4.884981308350689e-15,0.0,1.5543122344752192e-15,0.0,1.3322676295501878e-15,1.5543122344752192e-15
final,269,0.0,0.0,0.0,0.0,1.1102230246251565e-15,1.5543122344752192e-15,6.661338147750939e-16,-4.195997932790463e-16,4.440892098500626e-15,1.2212453270876722e-15,1.6653345369377348e-15,8.881784197001252e-16,-4.512856017699352e-16,4.440892098500626e-15,0.0,1.2212453270876722e-15,0.0,1.2212453270876722e-15,1.2212453270876722e-15
final,270,0.0,0.0,0.0,0.0,7.771561172376096e-16,1.7763568394002505e-15,-4.440892098500626e-16,-1.4761412578390143e-16,1.3322676295501878e-15,8.881784197001252e-16,1.9984014443252818e-15,-4.440892098500626e-16,-1.5243882545146192e-16,1.3322676295501878e-15,0.0,3.3306690738754696e-16,0.0,8.881784197001252e-16,3.3306690738754696e-16
final,271,0.0,0.0,0.0,2.220446049250313e-16,0.0,0.0,-8.881784197001252e-16,-6.22137229428811e-17,4.440892098500626e-16,2.220446049250313e-16,2.220446049250313e-16,-1.3322676295501878e-15,-6.322084511716647e-17,4.440892098500626e-16,0.0,6.661338147750939e-16,0.0,2.220446049250313e-16,6.661338147750939e-16
final,272,0.0,0.0,0.0,0.0,0.0,4.440892098500626e-16,-2.220446049250313e-16,-9.425274417277502e-17,0.0,2.220446049250313e-16,4.440892098500626e-16,-3.3306690738754696e-16,-1.0170324597682384e-16,0.0,0.0,0.0,0.0,2.220446049250313e-16,0.0
final,273,0.0,0.0,0.0,-8.881784197001252e-16,-4.440892098500626e-16,-8.881784197001252e-16,-2.220446049250313e-16,8.012931681025681e-18,-2.6645352591003757e-15,-4.440892098500626e-16,-1.1102230246251565e-15,-2.220446049250313e-16,9.24959978401696e-18,-3.1086244689504383e-15,0.0,-8.881784197001252e-16,0.0,-4.440892098500626e-16,-8.881784197001252e-16
final,274,0.0,0.0,0.0,-3.3306690738754696e-16,4.440892098500626e-16,1.1102230246251565e-15,5.551115123125783e-16,2.974576422849762e-16,3.1086244689504383e-15,6.661338147750939e-16,1.1102230246251565e-15,5.551115123125783e-16,3.364821442308763e-16,3.1086244689504383e-15,0.0,6.661338147750939e-16,0.0,6.661338147750939e-16,6.661338147750939e-16
final,275,0.0,0.0,0.0,0.0,-6.661338147750939e-16,1.1102230246251565e-15,1.2212453270876722e-15,-1.0598076236045806e-16,1.7763568394002505e-15,-6.661338147750939e-16,1.2212453270876722e-15,1.2212453270876722e-15,-1.358911897939019e-16,1.7763568394002505e-15,0.0,-5.551115123125783e-16,0.0,-6.661338147750939e-16,-5.551115123125783e-16
final,276,0.0,0.0,0.0,0.0,1.1102230246251565e-15,1.6653345369377348e-15,3.1086244689504383e-15,6.429996509196845e-17,5.773159728050814e-15,1.2212453270876722e-15,1.7763568394002505e-15,3.1086244689504383e-15,5.421010862427522e-17,5.773159728050814e-15,0.0,8.881784197001252e-16,0.0,1.2212453270876722e-15,8.881784197001252e-16
final,277,0.0,0.0,0.0,0.0,-2.220446049250313e-16,-2.220446049250313e-16,4.440892098500626e-16,3.3373775748177237e-16,1.3322676295501878e-15,-2.220446049250313e-16,-2.220446049250313e-16,4.440892098500626e-16,3.721727244963835e-16,1.3322676295501878e-15,0.0,4.440892098500626e-16,0.0,-2.220446049250313e-16,4.440892098500626e-16
final,278,0.0,0.0,0.0,0.0,5.551115123125783e-16,4.3298697960381105e-15,2.1094237467877974e-15,3.6835768810195013e-17,7.105427357601002e-15,5.551115123125783e-16,4.551914400963142e-15,2.220446049250313e-15,3.813681141717762e-17,7.549516567451064e-15,0.0,8.881784197001252e-16,0.0,5.551115123125783e-16,8.881784197001252e-16
final,279,0.0,0.0,0.0,0.0,1.6653345369377348e-15,4.440892098500626e-15,1.7763568394002505e-15,-2.8454886016882064e-16,1.1546319456101628e-14,1.6653345369377348e-15,4.6629367034256575e-15,1.887379141862766e-15,-3.1639729898558233e-16,1.199040866595169e-14,0.0,3.219646771412954e-15,0.0,1.6653345369377348e-15,3.219646771412954e-15
final,280,0.0,0.0,0.0,0.0,6.661338147750939e-16,3.552713678800501e-15,6.661338147750939e-16,-1.7813441693936838e-16,4.884981308350689e-15,6.661338147750939e-16,3.6637359812630166e-15,5.551115123125783e-16,-1.8854275779522922e-16,4.884981308350689e-15,0.0,7.771561172376096e-16,0.0,6.661338147750939e-16,7.771561172376096e-16
final,281,0.0,0.0,0.0,0.0,7.771561172376096e-16,2.3314683517128287e-15,3.1086244689504383e-15,-3.5331438295871376e-16,7.105427357601002e-15,7.771561172376096e-16,2.3314683517128287e-15,2.886579864025407e-15,-3.734127807311638e-16,7.105427357601002e-15,0.0,1.1102230246251565e-15,0.0,7.771561172376096e-16,1.1102230246251565e-15
final,282,0.0,0.0,0.0,0.0,-1.3322676295501878e-15,0.0,-1.3322676295501878e-15,2.9603801506537797e-16,-2.6645352591003757e-15,-1.3322676295501878e-15,0.0,-1.3322676295501878e-15,3.1791518202706204e-16,-2.6645352591003757e-15,0.0,-1.1102230246251565e-15,0.0,-1.3322676295501878e-15,-1.1102230246251565e-15
final,283,0.0,0.0,0.0,3.3306690738754696e-16,-1.887379141862766e-15,-1.1102230246251565e-16,-2.4424906541753444e-15,3.0463709354590363e-16,-6.661338147750939e-15,-1.887379141862766e-15,6.661338147750939e-16,-1.1102230246251565e-15,3.344323244985209e-16,-4.884981308350689e-15,0.0,-2.4424906541753444e-15,0.0,-1.887379141862766e-15,-2.4424906541753444e-15
final,284,0.0,0.0,0.0,0.0,-8.881784197001252e-16,-4.440892098500626e-16,-1.7763568394002505e-15,1.596623224256466e-16,-5.329070518200751e-15,-9.992007221626409e-16,-6.661338147750939e-16,-1.9984014443252818e-15,1.7287603640281368e-16,-5.329070518200751e-15,0.0,-1.6653345369377348e-15,0.0,-9.992007221626409e-16,-1.6653345369377348e-15
final,285,0.0,0.0,0.0,0.0,1.3322676295501878e-15,3.3306690738754696e-16,2.220446049250313e-15,1.789069109872643e-16,2.220446049250313e-15,1.4432899320127035e-15,2.220446049250313e-16,2.4424906541753444e-15,1.8453120975703285e-16,2.220446049250313e-15,0.0,3.3306690738754696e-16,0.0,1.4432899320127035e-15,3.3306690738754696e-16
final,286,0.0,0.0,0.0,0.0,1.1102230246251565e-16,-2.220446049250313e-16,-6.661338147750939e-16,-2.1982199047143602e-17,-1.7763568394002505e-15,2.220446049250313e-16,-2.220446049250313e-16,-8.881784197001252e-16,-3.436920886779049e-17,-1.7763568394002505e-15,0.0,-2.220446049250313e-16,0.0,2.220446049250313e-16,-2.220446049250313e-16
final,287,0.0,0.0,0.0,0.0,-4.440892098500626e-16,-4.440892098500626e-16,2.220446049250313e-16,3.3755787607388926e-16,-4.440892098500626e-16,-4.440892098500626e-16,-4.440892098500626e-16,4.440892098500626e-16,3.6005337708706897e-16,0.0,0.0,-2.220446049250313e-16,0.0,-4.440892098500626e-16,-2.220446049250313e-16
final,288,0.0,0.0,0.0,0.0,-6.661338147750939e-16,-8.881784197001252e-16,-3.3306690738754696e-16,4.694595406862234e-17,0.0,-6.661338147750939e-16,-8.881784197001252e-16,-3.3306690738754696e-16,5.170289110040249e-17,0.0,0.0,0.0,0.0,-6.661338147750939e-16,0.0
final,289,0.0,0.0,0.0,0.0,-1.3322676295501878e-15,-1.1102230246251565e-15,-5.551115123125783e-16,1.1162877805274973e-16,-3.1086244689504383e-15,-1.3322676295501878e-15,-1.3322676295501878e-15,-6.661338147750939e-16,1.2536087619363645e-16,-3.1086244689504383e-15,0.0,-8.881784197001252e-16,0.0,-1.3322676295501878e-15,-8.881784197001252e-16
final,290,0.0,0.0,0.0,0.0,6.661338147750939e-16,8.881784197001252e-16,1.1102230246251565e-16,6.498436771334992e-18,2.220446049250313e-15,6.661338147750939e-16,8.881784197001252e-16,2.220446049250313e-16,5.549759870410176e-18,2.220446049250313e-15,0.0,6.661338147750939e-16,0.0,6.661338147750939e-16,6.661338147750939e-16
final,291,0.0,0.0,0.0,0.0,-3.3306690738754696e-16,-8.881784197001252e-16,-1.5543122344752192e-15,-3.236614535412352e-16,0.0,-2.220446049250313e-16,-8.881784197001252e-16,-1.7763568394002505e-15,-3.5148479179264447e-16,0.0,0.0,8.881784197001252e-16,0.0,-2.220446049250313e-16,8.881784197001252e-16
final,292,0.0,0.0,0.0,0.0,-6.661338147750939e-16,-2.220446049250313e-16,-1.7763568394002505e-15,-2.4925807945441747e-16,-2.6645352591003757e-15,-6.661338147750939e-16,-2.220446049250313e-16,-1.7763568394002505e-15,-2.7363907580818525e-16,-2.6645352591003757e-15,0.0,-4.440892098500626e-16,0.0,-6.661338147750939e-16,-4.440892098500626e-16
final,293,0.0,0.0,0.0,2.220446049250313e-16,0.0,-2.220446049250313e-16,-1.6653345369377348e-15,-1.3974688376980349e-16,-3.552713678800501e-15,1.1102230246251565e-16,-2.220446049250313e-16,-1.5543122344752192e-15,-1.521203410632943e-16,-3.552713678800501e-15,0.0,-6.661338147750939e-16,0.0,1.1102230246251565e-16,-6.661338147750939e-16
final,294,0.0,0.0,0.0,1.1102230246251565e-16,4.440892098500626e-16,-1.1102230246251565e-15,-1.3322676295501878e-15,-1.8988445798368003e-16,-1.3322676295501878e-15,6.661338147750939e-16,-5.551115123125783e-16,-1.3322676295501878e-15,-2.124900732800028e-16,-4.440892098500626e-16,0.0,7.771561172376096e-16,0.0,6.661338147750939e-16,7.771561172376096e-16
final,295,0.0,0.0,0.0,0.0,-1.5543122344752192e-15,4.440892098500626e-16,-1.3322676295501878e-15,5.647338065933871e-17,-4.440892098500626e-15,-1.6653345369377348e-15,4.440892098500626e-16,-1.2212453270876722e-15,5.773376568485311e-17,-4.440892098500626e-15,0.0,-2.220446049250313e-15,0.0,-1.6653345369377348e-15,-2.220446049250313e-15
final,296,0.0,0.0,0.0,0.0,4.440892098500626e-16,8.881784197001252e-16,7.771561172376096e-16,-2.9530956673073927e-16,4.440892098500626e-15,5.551115123125783e-16,9.992007221626409e-16,8.881784197001252e-16,-3.280135088242278e-16,4.440892098500626e-15,0.0,1.2212453270876722e-15,0.0,5.551115123125783e-16,1.2212453270876722e-15
final,297,0.0,0.0,0.0,0.0,1.2212453270876722e-15,9.992007221626409e-16,1.7763568394002505e-15,-2.5100339084223496e-16,5.329070518200751e-15,1.2212453270876722e-15,9.992007221626409e-16,1.7763568394002505e-15,-2.7162186684429913e-16,5.329070518200751e-15,0.0,1.6653345369377348e-15,0.0,1.2212453270876722e-15,1.6653345369377348e-15
final,298,0.0,0.0,0.0,0.0,-1.7763568394002505e-15,-4.440892098500626e-16,-1.9984014443252818e-15,-4.662069341687669e-17,-5.329070518200751e-15,-1.887379141862766e-15,-4.440892098500626e-16,-1.9984014443252818e-15,-5.323432666903827e-17,-5.773159728050814e-15,0.0,-2.1094237467877974e-15,0.0,-1.887379141862766e-15,-2.1094237467877974e-15
final,299,0.0,0.0,0.0,-1.1102230246251565e-16,1.3322676295501878e-15,2.220446049250313e-16,1.3322676295501878e-15,-1.0142711323601894e-16,5.773159728050814e-15,1.6653345369377348e-15,6.661338147750939e-16,0.0,-9.363441012127938e-17,5.329070518200751e-15,0.0,2.55351295663786e-15,0.0,1.6653345369377348e-15,2.55351295663786e-15
final,300,0.0,0.0,0.0,1.1102230246251565e-16,2.220446049250313e-16,8.881784197001252e-16,0.0,5.67850887839283e-17,8.881784197001252e-16,0.0,6.661338147750939e-16,2.220446049250313e-16,6.480818486032103e-17,4.440892098500626e-16,0.0,0.0,0.0,0.0,0.0
final,301,0.0,0.0,0.0,0.0,-4.440892098500626e-16,-4.440892098500626e-16,-1.1102230246251565e-16,-2.436896848591677e-16,-8.881784197001252e-16,-4.440892098500626e-16,-4.440892098500626e-16,-1.1102230246251565e-16,-2.627801134243851e-16,-8.881784197001252e-16,0.0,-2.220446049250313e-16,0.0,-4.440892098500626e-16,-2.220446049250313e-16
final,302,0.0,0.0,0.0,0.0,4.440892098500626e-16,4.440892098500626e-16,9.992007221626409e-16,-3.0991919100498144e-16,6.217248937900877e-15,4.440892098500626e-16,3.3306690738754696e-16,8.881784197001252e-16,-3.3133218391157016e-16,6.661338147750939e-15,0.0,2.3314683517128287e-15,0.0,4.440892098500626e-16,2.3314683517128287e-15
final,303,0.0,0.0,0.0,0.0,0.0,0.0,2.220446049250313e-16,-9.917739372811152e-17,0.0,0.0,-1.1102230246251565e-16,2.220446049250313e-16,-1.149118777563074e-16,0.0,0.0,0.0,0.0,0.0,0.0
final,304,0.0,0.0,0.0,0.0,-1.1102230246251565e-16,-1.1102230246251565e-16,-6.661338147750939e-16,-7.361732751176575e-17,0.0,-1.1102230246251565e-16,-2.220446049250313e-16,-6.661338147750939e-16,-7.551468131361538e-17,0.0,0.0,3.3306690738754696e-16,0.0,-1.1102230246251565e-16,3.3306690738754696e-16
final,305,0.0,0.0,0.0,0.0,6.661338147750939e-16,2.6645352591003757e-15,1.1102230246251565e-15,-1.9347587768003827e-16,6.661338147750939e-15,6.661338147750939e-16,2.6645352591003757e-15,1.1102230246251565e-15,-2.0743498065078914e-16,7.105427357601002e-15,0.0,1.7763568394002505e-15,0.0,6.661338147750939e-16,1.7763568394002505e-15
final,306,0.0,0.0,0.0,0.0,1.5543122344752192e-15,2.55351295663786e-15,1.3322676295501878e-15,-2.1881910346188693e-16,7.105427357601002e-15,1.6653345369377348e-15,2.6645352591003757e-15,1.3322676295501878e-15,-2.3345583279044124e-16,7.105427357601002e-15,0.0,2.1094237467877974e-15,0.0,1.6653345369377348e-15,2.1094237467877974e-15
final,307,0.0,0.0,0.0,0.0,4.440892098500626e-16,1.5543122344752192e-15,1.9984014443252818e-15,-4.5223089053907095e-18,3.552713678800501e-15,4.440892098500626e-16,1.5543122344752192e-15,1.9984014443252818e-15,8.509716504590328e-18,3.552713678800501e-15,0.0,1.1102230246251565e-16,0.0,4.440892098500626e-16,1.1102230246251565e-16
final,308,0.0,0.0,0.0,0.0,9.992007221626409e-16,2.3314683517128287e-15,4.440892098500626e-16,-2.504507018441515e-16,5.773159728050814e-15,9.992007221626409e-16,2.3314683517128287e-15,4.440892098500626e-16,-2.662258434538156e-16,5.773159728050814e-15,0.0,1.5543122344752192e-15,0.0,9.992007221626409e-16,1.5543122344752192e-15
final,309,0.0,0.0,0.0,3.3306690738754696e-16,1.4432899320127035e-15,2.220446049250313e-15,4.440892098500626e-16,-3.8106995857434267e-16,5.329070518200751e-15,1.4432899320127035e-15,2.55351295663786e-15,4.440892098500626e-16,-4.1584574325681523e-16,5.329070518200751e-15,0.0,1.7763568394002505e-15,0.0,1.4432899320127035e-15,1.7763568394002505e-15
final,310,0.0,0.0,0.0,0.0,3.3306690738754696e-16,1.5543122344752192e-15,2.220446049250313e-16,-8.947209021847174e-17,1.7763568394002505e-15,2.220446049250313e-16,1.4432899320127035e-15,1.1102230246251565e-16,-8.78491750915325e-17,1.3322676295501878e-15,0.0,0.0,0.0,2.220446049250313e-16,0.0
final,311,0.0,0.0,0.0,0.0,2.220446049250313e-16,8.881784197001252e-16,3.3306690738754696e-16,-4.5672016515951874e-17,1.3322676295501878e-15,1.1102230246251565e-16,8.881784197001252e-16,4.440892098500626e-16,-4.9439619065339e-17,1.3322676295501878e-15,0.0,0.0,0.0,1.1102230246251565e-16,0.0
final,312,0.0,0.0,0.0,0.0,0.0,0.0,-6.661338147750939e-16,-2.186564731360141e-16,0.0,0.0,0.0,-6.661338147750939e-16,-2.313416385540945e-16,4.440892098500626e-16,0.0,4.440892098500626e-16,0.0,0.0,4.440892098500626e-16
final,313,0.0,0.0,0.0,0.0,1.1102230246251565e-16,0.0,-4.440892098500626e-16,-5.976664475826343e-17,-2.220446049250313e-15,1.1102230246251565e-16,0.0,-5.551115123125783e-16,-6.944314914769656e-17,-2.220446049250313e-15,0.0,-5.551115123125783e-16,0.0,1.1102230246251565e-16,-5.551115123125783e-16
final,314,0.0,0.0,0.0,0.0,3.3306690738754696e-16,1.3322676295501878e-15,0.0,-1.2758349064723173e-16,3.1086244689504383e-15,3.3306690738754696e-16,1.3322676295501878e-15,-1.1102230246251565e-16,-1.3560658672362447e-16,3.1086244689504383e-15,0.0,8.881784197001252e-16,0.0,3.3306690738754696e-16,8.881784197001252e-16
final,315,0.0,0.0,0.0,0.0,2.220446049250313e-16,6.661338147750939e-16,0.0,-7.643625316022806e-18,3.1086244689504383e-15,2.220446049250313e-16,6.661338147750939e-16,0.0,-7.535205098774256e-18,3.1086244689504383e-15,0.0,9.992007221626409e-16,0.0,2.220446049250313e-16,9.992007221626409e-16
final,316,0.0,0.0,0.0,0.0,-8.881784197001252e-16,-1.7763568394002505e-15,-1.7763568394002505e-15,-1.189911884302841e-16,-1.3322676295501878e-15,-8.881784197001252e-16,-1.9984014443252818e-15,-1.7763568394002505e-15,-1.282475644778791e-16,-1.3322676295501878e-15,0.0,6.661338147750939e-16,0.0,-8.881784197001252e-16,6.661338147750939e-16
final,317,0.0,0.0,0.0,0.0,8.881784197001252e-16,2.886579864025407e-15,-2.4424906541753444e-15,-1.253879812479486e-16,4.440892098500626e-16,9.992007221626409e-16,3.1086244689504383e-15,-2.6645352591003757e-15,-1.444157293750692e-16,8.881784197001252e-16,0.0,1.1102230246251565e-15,0.0,9.992007221626409e-16,1.1102230246251565e-15
final,318,0.0,0.0,0.0,5.551115123125783e-16,2.4424906541753444e-15,5.773159728050814e-15,1.2656542480726785e-14,6.387848149741471e-16,1.687538997430238e-14,6.661338147750939e-16,7.882583474838611e-15,5.551115123125783e-15,6.539094352803199e-16,1.0658141036401503e-14,0.0,-2.220446049250313e-16,0.0,6.661338147750939e-16,-2.220446049250313e-16
final,319,0.0,0.0,0.0,0.0,2.1094237467877974e-15,5.329070518200751e-15,1.887379141862766e-15,1.2522535092207576e-16,1.1546319456101628e-14,2.220446049250313e-15,5.88418203051333e-15,1.9984014443252818e-15,1.317305639569888e-16,1.2434497875801753e-14,0.0,3.1086244689504383e-15,0.0,2.220446049250313e-15,3.1086244689504383e-15
final,320,0.0,0.0,0.0,0.0,-9.992007221626409e-16,-3.1086244689504383e-15,-6.661338147750939e-15,3.0254661623208e-16,-1.3322676295501878e-14,-9.992007221626409e-16,-3.219646771412954e-15,-7.105427357601002e-15,3.2677853478713104e-16,-1.4210854715202004e-14,0.0,-1.7763568394002505e-15,0.0,-9.992007221626409e-16,-1.7763568394002505e-15
final,321,0.0,0.0,0.0,0.0,-1.1102230246251565e-16,4.440892098500626e-16,-2.6645352591003757e-15,-9.71445146547012e-17,-2.6645352591003757e-15,-1.1102230246251565e-16,5.551115123125783e-16,-2.6645352591003757e-15,-1.1579279202145187e-16,-2.6645352591003757e-15,0.0,0.0,0.0,-1.1102230246251565e-16,0.0
final,322,0.0,0.0,0.0,0.0,-1.7763568394002505e-15,-3.4416913763379853e-15,-4.440892098500626e-15,6.012985248604608e-16,-9.769962616701378e-15,-1.7763568394002505e-15,-3.552713678800501e-15,-4.6629367034256575e-15,6.584359793504468e-16,-9.769962616701378e-15,0.0,-9.992007221626409e-16,0.0,-1.7763568394002505e-15,-9.992007221626409e-16
final,323,0.0,0.0,0.0,0.0,-1.3322676295501878e-15,-4.6629367034256575e-15,-3.9968028886505635e-15,2.620516650897464e-16,-7.993605777301127e-15,-1.2212453270876722e-15,-4.884981308350689e-15,-4.218847493575595e-15,2.785315381115261e-16,-7.993605777301127e-15,0.0,5.551115123125783e-16,0.0,-1.2212453270876722e-15,5.551115123125783e-16
final,324,0.0,0.0,0.0,0.0,0.0,8.881784197001252e-16,-2.220446049250313e-16,-2.38334742566626e-16,0.0,1.1102230246251565e-16,9.992007221626409e-16,-2.220446049250313e-16,-2.616315367479083e-16,0.0,0.0,-3.3306690738754696e-16,0.0,1.1102230246251565e-16,-3.3306690738754696e-16
final,325,0.0,0.0,0.0,0.0,0.0,0.0,-2.6645352591003757e-15,-6.33851695089338e-17,-2.6645352591003757e-15,0.0,0.0,-2.886579864025407e-15,-6.29108310584714e-17,-2.6645352591003757e-15,0.0,0.0,0.0,0.0,0.0
final,326,0.0,0.0,0.0,0.0,-4.440892098500626e-16,-2.220446049250313e-16,-1.7763568394002505e-15,-3.457249677513152e-17,-4.440892098500626e-16,-6.661338147750939e-16,-5.551115123125783e-16,-1.9984014443252818e-15,-2.892109295105083e-17,-8.881784197001252e-16,0.0,2.220446049250313e-16,0.0,-6.661338147750939e-16,2.220446049250313e-16
final,327,0.0,0.0,0.0,0.0,-8.881784197001252e-16,4.440892098500626e-16,-8.881784197001252e-16,-6.226369788676911e-17,-1.3322676295501878e-15,-8.881784197001252e-16,4.440892098500626e-16,-6.661338147750939e-16,-7.154379085688722e-17,-1.3322676295501878e-15,0.0,-8.881784197001252e-16,0.0,-8.881784197001252e-16,-8.881784197001252e-16
final,328,0.0,0.0,0.0,0.0,-8.881784197001252e-16,0.0,6.661338147750939e-16,-1.1733778011724372e-16,-2.6645352591003757e-15,-8.881784197001252e-16,0.0,6.661338147750939e-16,-1.2574034695400638e-16,-2.6645352591003757e-15,0.0,-1.7763568394002505e-15,0.0,-8.881784197001252e-16,-1.7763568394002505e-15
final,329,0.0,0.0,0.0,0.0,-2.220446049250313e-16,-4.440892098500626e-16,6.661338147750939e-16,-3.418218399303674e-16,-2.220446049250313e-15,-2.220446049250313e-16,-4.440892098500626e-16,6.661338147750939e-16,-3.6477982093274797e-16,-2.220446049250313e-15,0.0,-1.1102230246251565e-15,0.0,-2.220446049250313e-16,-1.1102230246251565e-15
final,330,0.0,0.0,0.0,0.0,-8.881784197001252e-16,0.0,5.551115123125783e-16,-6.43690829804644e-16,-1.7763568394002505e-15,-8.881784197001252e-16,2.220446049250313e-16,6.661338147750939e-16,-7.037556301603409e-16,-1.7763568394002505e-15,0.0,-1.3322676295501878e-15,0.0,-8.881784197001252e-16,-1.3322676295501878e-15
final,331,0.0,0.0,0.0,0.0,-8.881784197001252e-16,-2.220446049250313e-16,-2.220446049250313e-16,1.5368565794982025e-17,-1.7763568394002505e-15,-1.1102230246251565e-15,-2.220446049250313e-16,-3.3306690738754696e-16,2.564138137928218e-17,-2.220446049250313e-15,0.0,-1.1102230246251565e-15,0.0,-1.1102230246251565e-15,-1.1102230246251565e-15
final,332,0.0,0.0,0.0,0.0,0.0,0.0,-4.440892098500626e-16,1.3601316253830653e-16,8.881784197001252e-16,0.0,0.0,-4.440892098500626e-16,1.4777675610977425e-16,8.881784197001252e-16,0.0,4.440892098500626e-16,0.0,0.0,4.440892098500626e-16
final,333,0.0,0.0,0.0,0.0,-1.2212453270876722e-15,-1.7763568394002505e-15,-6.661338147750939e-16,-2.5744380585668303e-16,-3.1086244689504383e-15,-1.2212453270876722e-15,-1.7763568394002505e-15,-6.661338147750939e-16,-2.8032047169612717e-16,-2.6645352591003757e-15,0.0,-5.551115123125783e-16,0.0,-1.2212453270876722e-15,-5.551115123125783e-16
final,334,0.0,0.0,0.0,0.0,1.2212453270876722e-15,3.552713678800501e-15,-3.1086244689504383e-15,1.6458188978329957e-16,1.7763568394002505e-15,1.3322676295501878e-15,3.552713678800501e-15,-3.552713678800501e-15,1.820375447603162e-16,1.7763568394002505e-15,0.0,1.4432899320127035e-15,0.0,1.3322676295501878e-15,1.4432899320127035e-15
final,335,0.0,0.0,0.0,0.0,2.220446049250313e-16,1.1102230246251565e-15,1.887379141862766e-15,4.195862407518902e-16,-1.3322676295501878e-15,2.220446049250313e-16,1.1102230246251565e-15,1.9984014443252818e-15,4.692427002517263e-16,-1.7763568394002505e-15,0.0,-1.7763568394002505e-15,0.0,2.220446049250313e-16,-1.7763568394002505e-15
final,336,0.0,0.0,0.0,0.0,8.881784197001252e-16,4.440892098500626e-16,6.661338147750939e-16,1.18774347995787e-16,2.6645352591003757e-15,8.881784197001252e-16,4.440892098500626e-16,8.881784197001252e-16,1.2839664227659586e-16,3.1086244689504383e-15,0.0,1.1102230246251565e-15,0.0,8.881784197001252e-16,1.1102230246251565e-15
final,337,0.0,0.0,0.0,0.0,4.440892098500626e-16,0.0,6.661338147750939e-16,-1.8545278160364553e-16,2.6645352591003757e-15,4.440892098500626e-16,0.0,6.661338147750939e-16,-2.0542920663169095e-16,2.6645352591003757e-15,0.0,8.881784197001252e-16,0.0,4.440892098500626e-16,8.881784197001252e-16
final,338,0.0,0.0,0.0,0.0,1.2212453270876722e-15,2.220446049250313e-15,6.661338147750939e-16,-5.492839256354687e-17,3.9968028886505635e-15,1.2212453270876722e-15,2.3314683517128287e-15,6.661338147750939e-16,-5.165545725535625e-17,4.440892098500626e-15,0.0,8.881784197001252e-16,0.0,1.2212453270876722e-15,8.881784197001252e-16
final,339,0.0,0.0,0.0,0.0,0.0,-8.881784197001252e-16,-4.440892098500626e-16,-7.139471305817047e-17,0.0,0.0,-1.1102230246251565e-15,-4.440892098500626e-16,-8.129568117862598e-17,0.0,0.0,4.440892098500626e-16,0.0,0.0,4.440892098500626e-16
final,340,0.0,0.0,0.0,0.0,-2.220446049250313e-16,-2.220446049250313e-16,0.0,5.1201447595627947e-17,-1.3322676295501878e-15,-2.220446049250313e-16,-2.220446049250313e-16,0.0,4.9168568522217626e-17,-1.3322676295501878e-15,0.0,-6.661338147750939e-16,0.0,-2.220446049250313e-16,-6.661338147750939e-16
final,341,0.0,0.0,0.0,0.0,-2.220446049250313e-15,-3.1086244689504383e-15,-2.4424906541753444e-15,-4.911435841359335e-17,-6.661338147750939e-15,-2.3314683517128287e-15,-3.3306690738754696e-15,-2.6645352591003757e-15,-6.005124782854088e-17,-6.661338147750939e-15,0.0,-1.2212453270876722e-15,0.0,-2.3314683517128287e-15,-1.2212453270876722e-15
final,342,0.0,0.0,0.0,0.0,6.661338147750939e-16,8.881784197001252e-16,5.551115123125783e-16,-1.0665881223473513e-16,1.3322676295501878e-15,6.661338147750939e-16,8.881784197001252e-16,5.551115123125783e-16,-1.1341686460440356e-16,1.3322676295501878e-15,0.0,1.1102230246251565e-16,0.0,6.661338147750939e-16,1.1102230246251565e-16
final,343,0.0,0.0,0.0,0.0,0.0,3.3306690738754696e-16,0.0,1.3590474232105798e-16,2.6645352591003757e-15,-1.1102230246251565e-16,3.3306690738754696e-16,0.0,1.503246312151152e-16,3.1086244689504383e-15,0.0,9.992007221626409e-16,0.0,-1.1102230246251565e-16,9.992007221626409e-16
final,344,0.0,0.0,0.0,0.0,0.0,6.661338147750939e-16,8.881784197001252e-16,1.3270634591222574e-16,8.881784197001252e-16,-1.1102230246251565e-16,5.551115123125783e-16,8.881784197001252e-16,1.4674676404591303e-16,4.440892098500626e-16,0.0,-5.551115123125783e-16,0.0,-1.1102230246251565e-16,-5.551115123125783e-16
final,345,0.0,0.0,0.0,0.0,4.440892098500626e-16,0.0,8.881784197001252e-16,1.457980871449882e-16,1.3322676295501878e-15,4.440892098500626e-16,0.0,1.1102230246251565e-15,1.5051436659530015e-16,1.3322676295501878e-15,0.0,2.220446049250313e-16,0.0,4.440892098500626e-16,2.220446049250313e-16
final,346,0.0,0.0,0.0,0.0,4.440892098500626e-16,4.440892098500626e-16,9.992007221626409e-16,1.74122868901172e-16,0.0,4.440892098500626e-16,4.440892098500626e-16,7.771561172376096e-16,1.8583225236401546e-16,0.0,0.0,-1.1102230246251565e-16,0.0,4.440892098500626e-16,-1.1102230246251565e-16
final,347,0.0,0.0,0.0,0.0,5.551115123125783e-16,6.661338147750939e-16,8.881784197001252e-16,4.298861613905025e-17,2.6645352591003757e-15,6.661338147750939e-16,6.661338147750939e-16,1.1102230246251565e-15,5.2827750854356204e-17,2.6645352591003757e-15,0.0,6.661338147750939e-16,0.0,6.661338147750939e-16,6.661338147750939e-16
final,348,0.0,0.0,0.0,0.0,-2.4424906541753444e-15,-4.551914400963142e-15,-5.329070518200751e-15,3.2742905609062234e-16,-1.4654943925052066e-14,-2.6645352591003757e-15,-4.884981308350689e-15,-5.88418203051333e-15,3.65376132127615e-16,-1.5987211554602254e-14,0.0,-3.6637359812630166e-15,0.0,-2.6645352591003757e-15,-3.6637359812630166e-15
final,349,0.0,0.0,0.0,0.0,-4.773959005888173e-15,-1.0547118733938987e-14,-7.438494264988549e-15,6.179952383167375e-16,-2.930988785010413e-14,-4.9960036108132044e-15,-1.099120794378905e-14,-7.438494264988549e-15,6.843484112728504e-16,-3.019806626980426e-14,0.0,-6.661338147750939e-15,0.0,-4.9960036108132044e-15,-6.661338147750939e-15
final,350,0.0,0.0,0.0,0.0,-3.552713678800501e-15,-6.8833827526759706e-15,-6.217248937900877e-15,8.788542810167499e-16,-2.0872192862952943e-14,-3.774758283725532e-15,-7.327471962526033e-15,-6.661338147750939e-15,9.527968691802613e-16,-2.1760371282653068e-14,0.0,-4.218847493575595e-15,0.0,-3.774758283725532e-15,-4.218847493575595e-15
final,351,0.0,0.0,0.0,0.0,-2.4424906541753444e-15,-4.6629367034256575e-15,-3.1086244689504383e-15,8.728911690680796e-16,-9.769962616701378e-15,-2.55351295663786e-15,-4.884981308350689e-15,-3.1086244689504383e-15,9.499237334231747e-16,-9.769962616701378e-15,0.0,-1.6653345369377348e-15,0.0,-2.55351295663786e-15,-1.6653345369377348e-15
final,352,0.0,0.0,0.0,3.885780586188048e-15,-4.440892098500626e-16,0.0,1.5543122344752192e-15,2.507217523872729e-16,1.7763568394002505e-15,-2.220446049250313e-16,-3.3306690738754696e-16,3.3306690738754696e-16,2.454633718507182e-16,8.881784197001252e-16,0.0,2.220446049250313e-16,0.0,-2.220446049250313e-16,2.220446049250313e-16
final,353,0.0,0.0,0.0,0.0,2.220446049250313e-15,-1.1102230246251565e-16,4.9960036108132044e-15,2.6530427160720294e-16,1.021405182655144e-14,2.3314683517128287e-15,0.0,5.329070518200751e-15,2.9219248548484344e-16,1.1102230246251565e-14,0.0,3.552713678800501e-15,0.0,2.3314683517128287e-15,3.552713678800501e-15
final,354,0.0,0.0,0.0,3.3306690738754696e-16,3.6637359812630166e-15,-8.326672684688674e-15,1.2101430968414206e-14,-8.120674271916428e-17,1.3766765505351941e-14,2.220446049250313e-15,-3.9968028886505635e-15,5.551115123125783e-16,-1.3704315460216776e-16,5.329070518200751e-15,0.0,3.885780586188048e-15,0.0,2.220446049250313e-15,3.885780586188048e-15
final,355,0.0,0.0,0.0,0.0,0.0,-6.661338147750939e-16,-4.440892098500626e-16,1.3686697174913887e-16,0.0,-2.220446049250313e-16,-7.771561172376096e-16,-4.440892098500626e-16,1.5348237004247922e-16,-4.440892098500626e-16,0.0,4.440892098500626e-16,0.0,-2.220446049250313e-16,4.440892098500626e-16
final,356,0.0,0.0,0.0,0.0,2.220446049250313e-16,2.220446049250313e-16,-4.440892098500626e-16,-2.791617306242833e-16,1.3322676295501878e-15,2.220446049250313e-16,2.220446049250313e-16,-4.440892098500626e-16,-3.048912034300799e-16,1.3322676295501878e-15,0.0,6.661338147750939e-16,0.0,2.220446049250313e-16,6.661338147750939e-16
final,357,0.0,0.0,0.0,0.0,0.0,1.1102230246251565e-15,-6.661338147750939e-16,-2.0243409813019975e-16,4.440892098500626e-16,0.0,1.2212453270876722e-15,-6.661338147750939e-16,-2.2063514210080015e-16,4.440892098500626e-16,0.0,0.0,0.0,0.0,0.0
final,358,0.0,0.0,0.0,0.0,6.661338147750939e-16,0.0,-6.661338147750939e-16,-7.153701459330919e-17,2.6645352591003757e-15,6.661338147750939e-16,0.0,-8.881784197001252e-16,-7.969563594126261e-17,2.6645352591003757e-15,0.0,1.7763568394002505e-15,0.0,6.661338147750939e-16,1.7763568394002505e-15
final,359,0.0,0.0,0.0,0.0,-2.3314683517128287e-15,-1.9984014443252818e-15,-8.881784197001252e-16,-2.788296937089596e-16,-6.217248937900877e-15,-2.3314683517128287e-15,-1.9984014443252818e-15,-8.881784197001252e-16,-3.0254661623208e-16,-6.217248937900877e-15,0.0,-2.3314683517128287e-15,0.0,-2.3314683517128287e-15,-2.3314683517128287e-15
final,360,0.0,0.0,0.0,0.0,-2.886579864025407e-15,-3.9968028886505635e-15,-8.881784197001252e-16,2.8731357570865868e-16,-8.43769498715119e-15,-3.1086244689504383e-15,-4.218847493575595e-15,-8.881784197001252e-16,3.08455518072126e-16,-8.881784197001252e-15,0.0,-2.6645352591003757e-15,0.0,-3.1086244689504383e-15,-2.6645352591003757e-15
final,361,0.0,0.0,0.0,6.106226635438361e-15,7.549516567451064e-15,-7.549516567451064e-15,1.4876988529977098e-14,-6.665200617990419e-16,2.3092638912203256e-14,6.994405055138486e-15,-5.329070518200751e-15,6.8833827526759706e-15,-7.525040703407204e-16,1.4654943925052066e-14,0.0,8.104628079763643e-15,0.0,6.994405055138486e-15,8.104628079763643e-15
final,362,0.0,0.0,0.0,0.0,9.992007221626409e-16,4.440892098500626e-16,1.7763568394002505e-15,1.0842021724855044e-16,1.3322676295501878e-15,9.992007221626409e-16,4.440892098500626e-16,1.887379141862766e-15,1.212138028838794e-16,1.3322676295501878e-15,0.0,0.0,0.0,9.992007221626409e-16,0.0
final,363,0.0,0.0,0.0,0.0,-1.887379141862766e-15,-2.220446049250313e-15,6.661338147750939e-16,-1.516256738220978e-16,-5.773159728050814e-15,-1.9984014443252818e-15,-2.4424906541753444e-15,6.661338147750939e-16,-1.6371452804531117e-16,-6.217248937900877e-15,0.0,-2.55351295663786e-15,0.0,-1.9984014443252818e-15,-2.55351295663786e-15
final,364,0.0,0.0,0.0,0.0,6.661338147750939e-16,3.3306690738754696e-16,8.881784197001252e-16,-2.9918558949737495e-16,6.217248937900877e-15,4.440892098500626e-16,4.440892098500626e-16,6.661338147750939e-16,-3.1577388273640317e-16,6.661338147750939e-15,0.0,2.220446049250313e-15,0.0,4.440892098500626e-16,2.220446049250313e-15
final,365,0.0,0.0,0.0,0.0,0.0,3.3306690738754696e-16,-2.220446049250313e-16,-7.317009411561548e-17,1.3322676295501878e-15,0.0,2.220446049250313e-16,-4.440892098500626e-16,-8.49336876870832e-17,1.3322676295501878e-15,0.0,6.661338147750939e-16,0.0,0.0,6.661338147750939e-16
final,366,0.0,0.0,0.0,-2.7755575615628914e-15,-2.6645352591003757e-15,-1.3322676295501878e-14,-3.164135620181696e-14,-2.717010644248674e-16,-3.2862601528904634e-14,-4.440892098500626e-16,-2.375877272697835e-14,-1.9984014443252818e-15,-1.8951853975046618e-16,-1.6431300764452317e-14,0.0,3.6637359812630166e-15,0.0,-4.440892098500626e-16,3.6637359812630166e-15
final,367,0.0,0.0,0.0,0.0,-6.217248937900877e-15,-1.2434497875801753e-14,-3.774758283725532e-15,7.424616477180734e-16,-3.064215547965432e-14,-6.772360450213455e-15,-1.3211653993039363e-14,-4.3298697960381105e-15,8.42641928455734e-16,-3.3306690738754696e-14,0.0,-8.548717289613705e-15,0.0,-6.772360450213455e-15,-8.548717289613705e-15
final,368,0.0,0.0,0.0,0.0,-4.218847493575595e-15,-6.217248937900877e-15,-4.3298697960381105e-15,1.3559032369103718e-15,-2.0872192862952943e-14,-4.3298697960381105e-15,-6.661338147750939e-15,-4.551914400963142e-15,1.4805864867462049e-15,-2.220446049250313e-14,0.0,-5.995204332975845e-15,0.0,-4.3298697960381105e-15,-5.995204332975845e-15
final,369,0.0,0.0,0.0,0.0,6.661338147750939e-16,8.881784197001252e-16,-1.1102230246251565e-15,-3.244475001162872e-16,2.6645352591003757e-15,8.881784197001252e-16,1.3322676295501878e-15,-8.881784197001252e-16,-3.5822039778921066e-16,3.552713678800501e-15,0.0,1.5543122344752192e-15,0.0,8.881784197001252e-16,1.5543122344752192e-15
final,370,0.0,0.0,0.0,0.0,-1.2212453270876722e-15,-2.4424906541753444e-15,1.4432899320127035e-15,9.053088140253962e-16,-3.9968028886505635e-15,-1.1102230246251565e-15,-2.6645352591003757e-15,1.6653345369377348e-15,1.0026701691145945e-15,-4.440892098500626e-15,0.0,-1.7763568394002505e-15,0.0,-1.1102230246251565e-15,-1.7763568394002505e-15
final,371,0.0,0.0,0.0,0.0,-8.881784197001252e-16,-3.3306690738754696e-15,2.6645352591003757e-15,1.2126801299250367e-16,-2.6645352591003757e-15,-8.881784197001252e-16,-3.3306690738754696e-15,2.886579864025407e-15,9.958396954279358e-17,-2.220446049250313e-15,0.0,-9.992007221626409e-16,0.0,-8.881784197001252e-16,-9.992007221626409e-16
final,372,0.0,0.0,0.0,0.0,2.3314683517128287e-15,8.881784197001252e-16,5.773159728050814e-15,4.0297084245854986e-16,8.43769498715119e-15,2.55351295663786e-15,1.1102230246251565e-15,5.995204332975845e-15,4.1118367391512756e-16,8.881784197001252e-15,0.0,1.7763568394002505e-15,0.0,2.55351295663786e-15,1.7763568394002505e-15
final,373,0.0,0.0,0.0,0.0,8.881784197001252e-16,1.7763568394002505e-15,2.220446049250313e-16,-2.1553939189011828e-16,6.661338147750939e-15,8.881784197001252e-16,1.9984014443252818e-15,4.440892098500626e-16,-2.31043482956661e-16,7.105427357601002e-15,0.0,2.220446049250313e-15,0.0,8.881784197001252e-16,2.220446049250313e-15
final,374,0.0,0.0,0.0,0.0,6.661338147750939e-16,0.0,1.1102230246251565e-16,9.172350379227368e-17,1.3322676295501878e-15,7.771561172376096e-16,0.0,1.1102230246251565e-16,1.0018028073766061e-16,1.3322676295501878e-15,0.0,6.661338147750939e-16,0.0,7.771561172376096e-16,6.661338147750939e-16
final,375,0.0,0.0,0.0,0.0,-3.3306690738754696e-16,3.3306690738754696e-16,8.881784197001252e-16,1.708702623837155e-16,1.3322676295501878e-15,-4.440892098500626e-16,3.3306690738754696e-16,9.992007221626409e-16,1.8301332671555315e-16,1.3322676295501878e-15,0.0,-2.220446049250313e-16,0.0,-4.440892098500626e-16,-2.220446049250313e-16
final,376,0.0,0.0,0.0,0.0,4.440892098500626e-16,2.220446049250313e-15,-9.992007221626409e-16,7.068998164605489e-17,8.881784197001252e-16,4.440892098500626e-16,2.220446049250313e-15,-1.2212453270876722e-15,7.123208273229764e-17,4.440892098500626e-16,0.0,0.0,0.0,4.440892098500626e-16,0.0
final,377,0.0,0.0,0.0,-1.3322676295501878e-15,2.220446049250313e-15,4.6629367034256575e-15,-9.992007221626409e-16,-5.236696493104986e-16,7.993605777301127e-15,2.220446049250313e-15,3.3306690738754696e-15,-7.771561172376096e-16,-6.282409488467255e-16,6.661338147750939e-15,0.0,2.4424906541753444e-15,0.0,2.220446049250313e-15,2.4424906541753444e-15
final,378,0.0,0.0,0.0,8.326672684688674e-16,3.6637359812630166e-15,2.886579864025407e-15,7.882583474838611e-15,-3.909633033982729e-16,1.8207657603852567e-14,4.107825191113079e-15,2.4424906541753444e-15,6.328271240363392e-15,-4.200199216208844e-16,1.5987211554602254e-14,0.0,4.551914400963142e-15,0.0,4.107825191113079e-15,4.551914400963142e-15
final,379,0.0,0.0,0.0,0.0,4.440892098500626e-16,1.3322676295501878e-15,7.771561172376096e-16,-2.065405138584886e-17,2.220446049250313e-15,4.440892098500626e-16,1.3322676295501878e-15,6.661338147750939e-16,-2.0599841277224584e-17,2.220446049250313e-15,0.0,3.3306690738754696e-16,0.0,4.440892098500626e-16,3.3306690738754696e-16
final,380,0.0,0.0,0.0,-7.771561172376096e-16,-5.10702591327572e-15,-3.9968028886505635e-15,-1.2212453270876722e-15,-4.2544093248331194e-16,-2.042810365310288e-14,-3.774758283725532e-15,2.6645352591003757e-15,1.9984014443252818e-15,-3.892285799222961e-16,-8.43769498715119e-15,0.0,-6.439293542825908e-15,0.0,-3.774758283725532e-15,-6.439293542825908e-15
final,381,0.0,0.0,0.0,0.0,-4.3298697960381105e-15,-1.3322676295501878e-15,7.771561172376096e-16,6.171278765787491e-16,-1.3766765505351941e-14,-4.440892098500626e-15,-6.661338147750939e-16,9.992007221626409e-16,6.564844154399729e-16,-1.3322676295501878e-14,0.0,-7.105427357601002e-15,0.0,-4.440892098500626e-15,-7.105427357601002e-15
final,382,0.0,0.0,0.0,0.0,-1.3322676295501878e-15,-8.881784197001252e-16,-2.220446049250313e-16,1.0776427493419671e-15,-5.329070518200751e-15,-1.1102230246251565e-15,-8.881784197001252e-16,1.1102230246251565e-16,1.1336417915508434e-15,-4.440892098500626e-15,0.0,-1.887379141862766e-15,0.0,-1.1102230246251565e-15,-1.887379141862766e-15
final,383,0.0,0.0,0.0,-2.9976021664879227e-15,1.6653345369377348e-15,1.2212453270876722e-14,-8.992806499463768e-15,-1.2641797331180982e-16,7.549516567451064e-15,7.771561172376096e-16,4.6629367034256575e-15,-2.1094237467877974e-15,5.0306980803327406e-17,4.884981308350689e-15,0.0,8.881784197001252e-16,0.0,7.771561172376096e-16,8.881784197001252e-16
final,384,0.0,0.0,0.0,-2.6645352591003757e-15,-8.881784197001252e-16,8.881784197001252e-16,8.881784197001252e-16,2.4523297888906503e-16,2.220446049250313e-15,-9.992007221626409e-16,8.881784197001252e-16,8.881784197001252e-16,2.743031496388326e-16,2.220446049250313e-15,0.0,-2.220446049250313e-16,0.0,-9.992007221626409e-16,-2.220446049250313e-16
final,385,0.0,0.0,0.0,0.0,0.0,-6.661338147750939e-16,4.440892098500626e-16,-2.677937014391833e-16,1.7763568394002505e-15,-2.220446049250313e-16,-7.771561172376096e-16,4.440892098500626e-16,-2.9596940539665037e-16,1.7763568394002505e-15,0.0,6.661338147750939e-16,0.0,-2.220446049250313e-16,6.661338147750939e-16
final,386,0.0,0.0,0.0,0.0,-2.220446049250313e-16,-8.881784197001252e-16,0.0,-2.5874484846366563e-16,-1.7763568394002505e-15,-2.220446049250313e-16,-8.881784197001252e-16,0.0,-2.8880435369582624e-16,-1.7763568394002505e-15,0.0,-4.440892098500626e-16,0.0,-2.220446049250313e-16,-4.440892098500626e-16
final,387,0.0,0.0,0.0,0.0,-1.3322676295501878e-15,-8.881784197001252e-16,-1.3322676295501878e-15,-1.1517615203585074e-16,-4.440892098500626e-15,-1.4432899320127035e-15,-8.881784197001252e-16,-1.4432899320127035e-15,-1.2494074785179832e-16,-4.440892098500626e-15,0.0,-1.3322676295501878e-15,0.0,-1.4432899320127035e-15,-1.3322676295501878e-15
final,388,0.0,0.0,0.0,1.1102230246251565e-16,-1.1102230246251565e-15,4.440892098500626e-16,-1.4432899320127035e-15,-2.6434204217912205e-16,-4.884981308350689e-15,-1.1102230246251565e-15,8.881784197001252e-16,-1.3322676295501878e-15,-2.956348273824849e-16,-4.884981308350689e-15,0.0,-2.3314683517128287e-15,0.0,-1.1102230246251565e-15,-2.3314683517128287e-15
final,389,0.0,0.0,0.0,0.0,-2.220446049250313e-16,8.881784197001252e-16,-1.2212453270876722e-15,-1.1008717808874691e-16,-1.3322676295501878e-15,-1.1102230246251565e-16,8.881784197001252e-16,-1.3322676295501878e-15,-1.153455586253016e-16,-1.3322676295501878e-15,0.0,-4.440892098500626e-16,0.0,-1.1102230246251565e-16,-4.440892098500626e-16
final,390,0.0,0.0,0.0,0.0,3.3306690738754696e-16,1.4432899320127035e-15,8.881784197001252e-16,-5.591772704593989e-17,6.217248937900877e-15,3.3306690738754696e-16,1.4432899320127035e-15,8.881784197001252e-16,-5.626670462020866e-17,6.217248937900877e-15,0.0,1.7763568394002505e-15,0.0,3.3306690738754696e-16,1.7763568394002505e-15
final,391,0.0,0.0,0.0,0.0,9.992007221626409e-16,2.220446049250313e-15,2.9976021664879227e-15,-3.1642440403989447e-16,1.0658141036401503e-14,9.992007221626409e-16,2.1094237467877974e-15,3.1086244689504383e-15,-3.443968200900205e-16,1.0658141036401503e-14,0.0,2.6645352591003757e-15,0.0,9.992007221626409e-16,2.6645352591003757e-15
final,392,0.0,0.0,0.0,0.0,5.551115123125783e-16,2.1094237467877974e-15,3.774758283725532e-15,3.61039323437673e-17,7.993605777301127e-15,5.551115123125783e-16,2.220446049250313e-15,3.9968028886505635e-15,4.483175983227561e-17,7.993605777301127e-15,0.0,1.1102230246251565e-15,0.0,5.551115123125783e-16,1.1102230246251565e-15
final,393,0.0,0.0,0.0,0.0,2.220446049250313e-16,1.3322676295501878e-15,2.220446049250313e-15,2.350821360491695e-16,5.329070518200751e-15,1.1102230246251565e-16,1.3322676295501878e-15,2.220446049250313e-15,2.543063958200531e-16,5.329070518200751e-15,0.0,7.771561172376096e-16,0.0,1.1102230246251565e-16,7.771561172376096e-16
final,394,0.0,0.0,0.0,1.5543122344752192e-15,1.7763568394002505e-15,2.4424906541753444e-15,5.10702591327572e-15,4.0505793164058446e-16,1.0658141036401503e-14,1.6653345369377348e-15,2.6645352591003757e-15,1.3322676295501878e-15,4.477212871278891e-16,6.217248937900877e-15,0.0,1.6653345369377348e-15,0.0,1.6653345369377348e-15,1.6653345369377348e-15
final,395,0.0,0.0,0.0,-7.771561172376096e-16,1.3322676295501878e-15,1.9984014443252818e-15,3.1086244689504383e-15,3.4744613870013596e-16,5.773159728050814e-15,1.4432899320127035e-15,2.220446049250313e-15,1.9984014443252818e-15,3.854440367139639e-16,4.440892098500626e-15,0.0,6.661338147750939e-16,0.0,1.4432899320127035e-15,6.661338147750939e-16
final,396,0.0,0.0,0.0,1.1102230246251565e-16,0.0,9.992007221626409e-16,6.661338147750939e-16,2.373318555570769e-16,5.329070518200751e-15,0.0,1.1102230246251565e-15,2.220446049250313e-16,2.5560066216345767e-16,5.329070518200751e-15,0.0,1.6653345369377348e-15,0.0,0.0,1.6653345369377348e-15
final,397,0.0,0.0,0.0,0.0,0.0,9.992007221626409e-16,-2.220446049250313e-16,2.1492275190451715e-16,2.220446049250313e-15,0.0,9.992007221626409e-16,-2.220446049250313e-16,2.3942572100268955e-16,2.220446049250313e-15,0.0,7.771561172376096e-16,0.0,0.0,7.771561172376096e-16
final,398,0.0,0.0,0.0,0.0,2.220446049250313e-16,1.3322676295501878e-15,-8.881784197001252e-16,1.958069123508821e-16,1.7763568394002505e-15,2.220446049250313e-16,1.3322676295501878e-15,-8.881784197001252e-16,2.1394019368570216e-16,1.7763568394002505e-15,0.0,5.551115123125783e-16,0.0,2.220446049250313e-16,5.551115123125783e-16
final,399,0.0,0.0,0.0,2.220446049250313e-16,4.440892098500626e-16,8.881784197001252e-16,0.0,1.8951176348688814e-16,8.881784197001252e-16,6.661338147750939e-16,1.1102230246251565e-15,-4.440892098500626e-16,2.072503274682877e-16,4.440892098500626e-16,0.0,2.220446049250313e-16,0.0,6.661338147750939e-16,2.220446049250313e-16
final,400,0.0,0.0,0.0,0.0,2.220446049250313e-16,-4.440892098500626e-16,-4.440892098500626e-16,4.556698443049234e-17,0.0,4.440892098500626e-16,-2.220446049250313e-16,-6.661338147750939e-16,4.8575645459139616e-17,4.440892098500626e-16,0.0,6.661338147750939e-16,0.0,4.440892098500626e-16,6.661338147750939e-16
final,401,0.0,0.0,0.0,-8.881784197001252e-16,-1.1102230246251565e-15,0.0,-5.551115123125783e-16,1.2794263261686756e-16,-4.884981308350689e-15,-1.3322676295501878e-15,-2.220446049250313e-16,-5.551115123125783e-16,1.4207114217706929e-16,-5.773159728050814e-15,0.0,-2.6645352591003757e-15,0.0,-1.3322676295501878e-15,-2.6645352591003757e-15
final,402,0.0,0.0,0.0,-4.440892098500626e-16,-1.3322676295501878e-15,0.0,-1.1102230246251565e-16,4.5719450360998115e-17,-1.3322676295501878e-15,-1.3322676295501878e-15,0.0,-1.1102230246251565e-16,4.8707782598911287e-17,-1.7763568394002505e-15,0.0,-1.2212453270876722e-15,0.0,-1.3322676295501878e-15,-1.2212453270876722e-15
final,403,0.0,0.0,0.0,0.0,-2.220446049250313e-16,2.220446049250313e-16,1.4432899320127035e-15,-1.2199984945893139e-16,2.220446049250313e-15,-2.220446049250313e-16,2.220446049250313e-16,1.6653345369377348e-15,-1.2641797331180982e-16,2.6645352591003757e-15,0.0,2.220446049250313e-16,0.0,-2.220446049250313e-16,2.220446049250313e-16
final,404,0.0,0.0,0.0,0.0,1.3322676295501878e-15,1.5543122344752192e-15,1.9984014443252818e-15,-4.7671014271472023e-17,5.329070518200751e-15,1.4432899320127035e-15,1.7763568394002505e-15,2.220446049250313e-15,-2.89346454782069e-17,5.773159728050814e-15,0.0,1.2212453270876722e-15,0.0,1.4432899320127035e-15,1.2212453270876722e-15
final,405,0.0,0.0,0.0,0.0,-1.7763568394002505e-15,-4.440892098500626e-16,-4.440892098500626e-16,-6.374431147856963e-17,0.0,-1.7763568394002505e-15,-4.440892098500626e-16,-5.551115123125783e-16,-9.142534819484016e-17,0.0,0.0,-2.220446049250313e-16,0.0,-1.7763568394002505e-15,-2.220446049250313e-16
final,406,0.0,0.0,0.0,0.0,1.2212453270876722e-15,4.551914400963142e-15,1.7763568394002505e-15,-6.047137617037901e-17,9.325873406851315e-15,1.2212453270876722e-15,4.773959005888173e-15,1.887379141862766e-15,-6.808789643208968e-17,9.769962616701378e-15,0.0,1.9984014443252818e-15,0.0,1.2212453270876722e-15,1.9984014443252818e-15
final,407,0.0,0.0,0.0,0.0,1.4432899320127035e-15,4.440892098500626e-15,2.220446049250313e-15,-5.49148400363908e-17,1.2878587085651816e-14,1.4432899320127035e-15,4.6629367034256575e-15,2.4424906541753444e-15,-6.087795198506107e-17,1.3322676295501878e-14,0.0,3.552713678800501e-15,0.0,1.4432899320127035e-15,3.552713678800501e-15
final,408,0.0,0.0,0.0,0.0,7.771561172376096e-16,3.3306690738754696e-15,1.1102230246251565e-15,-2.150515009124998e-16,7.549516567451064e-15,7.771561172376096e-16,3.4416913763379853e-15,1.1102230246251565e-15,-2.3266978621538925e-16,7.549516567451064e-15,0.0,1.7763568394002505e-15,0.0,7.771561172376096e-16,1.7763568394002505e-15
final,409,0.0,0.0,0.0,0.0,3.3306690738754696e-16,1.6653345369377348e-15,1.5543122344752192e-15,3.097294556247965e-16,5.773159728050814e-15,3.3306690738754696e-16,1.6653345369377348e-15,1.5543122344752192e-15,3.378373969464832e-16,6.217248937900877e-15,0.0,1.4432899320127035e-15,0.0,3.3306690738754696e-16,1.4432899320127035e-15
final,410,0.0,0.0,0.0,0.0,-1.5543122344752192e-15,-8.881784197001252e-16,-4.440892098500626e-16,-2.278721916021409e-16,-3.1086244689504383e-15,-1.5543122344752192e-15,-8.881784197001252e-16,-4.440892098500626e-16,-2.4616132699925575e-16,-3.1086244689504383e-15,0.0,-1.3322676295501878e-15,0.0,-1.5543122344752192e-15,-1.3322676295501878e-15
final,411,0.0,0.0,0.0,4.440892098500626e-16,-2.220446049250313e-15,-4.440892098500626e-16,6.661338147750939e-16,-1.3553882408784412e-16,-6.661338147750939e-15,-1.887379141862766e-15,2.220446049250313e-15,6.661338147750939e-16,-1.6582194601807987e-16,-3.1086244689504383e-15,0.0,-2.9976021664879227e-15,0.0,-1.887379141862766e-15,-2.9976021664879227e-15
final,412,0.0,0.0,0.0,0.0,-6.661338147750939e-16,4.440892098500626e-16,0.0,1.214306433183765e-16,-5.329070518200751e-15,-6.661338147750939e-16,4.440892098500626e-16,1.1102230246251565e-16,1.3232687515185582e-16,-5.329070518200751e-15,0.0,-2.7755575615628914e-15,0.0,-6.661338147750939e-16,-2.7755575615628914e-15
final,413,0.0,0.0,0.0,0.0,2.220446049250313e-16,1.7763568394002505e-15,8.881784197001252e-16,-2.482551924448684e-16,2.6645352591003757e-15,2.220446049250313e-16,1.887379141862766e-15,1.1102230246251565e-15,-2.655888746774804e-16,3.1086244689504383e-15,0.0,0.0,0.0,2.220446049250313e-16,0.0
final,414,0.0,0.0,0.0,0.0,0.0,4.440892098500626e-16,-4.440892098500626e-16,-3.5697356529085233e-17,-8.881784197001252e-16,0.0,6.661338147750939e-16,-4.440892098500626e-16,-3.7269449679189215e-17,-8.881784197001252e-16,0.0,-3.3306690738754696e-16,0.0,0.0,-3.3306690738754696e-16
final,415,0.0,0.0,0.0,0.0,-1.3322676295501878e-15,-8.881784197001252e-16,-8.881784197001252e-16,-1.552899383519199e-16,-8.881784197001252e-16,-1.3322676295501878e-15,-8.881784197001252e-16,-1.1102230246251565e-15,-1.6790734113421996e-16,-8.881784197001252e-16,0.0,-2.220446049250313e-16,0.0,-1.3322676295501878e-15,-2.220446049250313e-16
final,416,0.0,0.0,0.0,0.0,-2.220446049250313e-16,-4.440892098500626e-16,0.0,4.037297839792897e-17,4.440892098500626e-16,-2.220446049250313e-16,-4.440892098500626e-16,0.0,4.6119249912102145e-17,4.440892098500626e-16,0.0,2.220446049250313e-16,0.0,-2.220446049250313e-16,2.220446049250313e-16
final,417,0.0,0.0,0.0,0.0,-2.220446049250313e-15,-8.881784197001252e-16,-9.992007221626409e-16,2.946319403729358e-17,-1.3322676295501878e-15,-2.4424906541753444e-15,-8.881784197001252e-16,-9.992007221626409e-16,3.3989738107420564e-17,-1.7763568394002505e-15,0.0,-1.1102230246251565e-15,0.0,-2.4424906541753444e-15,-1.1102230246251565e-15
final,418,0.0,0.0,0.0,0.0,4.440892098500626e-16,-6.661338147750939e-16,-6.661338147750939e-16,-1.8877992702046043e-16,8.881784197001252e-16,4.440892098500626e-16,-6.661338147750939e-16,-6.661338147750939e-16,-2.095559511507139e-16,8.881784197001252e-16,0.0,1.1102230246251565e-15,0.0,4.440892098500626e-16,1.1102230246251565e-15
final,419,0.0,0.0,0.0,0.0,4.440892098500626e-16,8.881784197001252e-16,-8.881784197001252e-16,3.2156081183204455e-16,8.881784197001252e-16,5.551115123125783e-16,1.1102230246251565e-15,-8.881784197001252e-16,3.564314642046096e-16,8.881784197001252e-16,0.0,3.3306690738754696e-16,0.0,5.551115123125783e-16,3.3306690738754696e-16
final,420,0.0,0.0,0.0,0.0,-3.3306690738754696e-16,4.440892098500626e-16,-1.7763568394002505e-15,1.871604000253102e-16,-1.3322676295501878e-15,-3.3306690738754696e-16,4.440892098500626e-16,-1.7763568394002505e-15,2.0803129184565616e-16,-1.3322676295501878e-15,0.0,0.0,0.0,-3.3306690738754696e-16,0.0
final,421,0.0,0.0,0.0,2.220446049250313e-16,-2.220446049250313e-16,-2.220446049250313e-16,-1.887379141862766e-15,-5.922454367202068e-17,-2.6645352591003757e-15,-1.1102230246251565e-16,-2.220446049250313e-16,-1.7763568394002505e-15,-5.978697354899754e-17,-2.6645352591003757e-15,0.0,-2.220446049250313e-16,0.0,-1.1102230246251565e-16,-2.220446049250313e-16
final,422,0.0,0.0,0.0,0.0,1.1102230246251565e-16,-8.881784197001252e-16,-1.3322676295501878e-15,-7.20316818345057e-17,-4.440892098500626e-16,3.3306690738754696e-16,-1.1102230246251565e-16,-1.1102230246251565e-15,-7.562310153086393e-17,4.440892098500626e-16,0.0,7.771561172376096e-16,0.0,3.3306690738754696e-16,7.771561172376096e-16
final,423,0.0,0.0,0.0,0.0,-1.3322676295501878e-15,-4.440892098500626e-16,-1.3322676295501878e-15,-2.5961221020165404e-16,-3.9968028886505635e-15,-1.4432899320127035e-15,-4.440892098500626e-16,-1.3322676295501878e-15,-2.7798943702528334e-16,-3.9968028886505635e-15,0.0,-1.4432899320127035e-15,0.0,-1.4432899320127035e-15,-1.4432899320127035e-15
final,424,0.0,0.0,0.0,0.0,1.2212453270876722e-15,0.0,4.440892098500626e-16,-2.418346827046808e-16,4.440892098500626e-15,1.3322676295501878e-15,-1.1102230246251565e-16,4.440892098500626e-16,-2.6344079912324347e-16,4.440892098500626e-15,0.0,2.1094237467877974e-15,0.0,1.3322676295501878e-15,2.1094237467877974e-15
final,425,0.0,0.0,0.0,0.0,6.661338147750939e-16,8.881784197001252e-16,2.220446049250313e-15,-2.6583959642986765e-16,6.217248937900877e-15,6.661338147750939e-16,8.881784197001252e-16,2.3314683517128287e-15,-2.90918547932173e-16,6.217248937900877e-15,0.0,1.4432899320127035e-15,0.0,6.661338147750939e-16,1.4432899320127035e-15
final,426,0.0,0.0,0.0,0.0,-1.3322676295501878e-15,-6.661338147750939e-16,-8.881784197001252e-16,2.949029909160572e-17,-2.220446049250313e-15,-1.3322676295501878e-15,-6.661338147750939e-16,-8.881784197001252e-16,2.7647155398380363e-17,-2.220446049250313e-15,0.0,-7.771561172376096e-16,0.0,-1.3322676295501878e-15,-7.771561172376096e-16
final,427,0.0,0.0,0.0,-1.1102230246251565e-16,0.0,5.551115123125783e-16,1.5543122344752192e-15,1.6937948439654793e-16,3.552713678800501e-15,2.220446049250313e-16,9.992007221626409e-16,0.0,1.9798886922300918e-16,2.220446049250313e-15,0.0,5.551115123125783e-16,0.0,2.220446049250313e-16,5.551115123125783e-16
final,428,0.0,0.0,0.0,1.1102230246251565e-16,6.661338147750939e-16,8.881784197001252e-16,0.0,-1.4403625861469926e-16,1.3322676295501878e-15,6.661338147750939e-16,8.881784197001252e-16,0.0,-1.540109186015659e-16,1.3322676295501878e-15,0.0,4.440892098500626e-16,0.0,6.661338147750939e-16,4.440892098500626e-16
final,429,0.0,0.0,0.0,0.0,0.0,6.661338147750939e-16,3.3306690738754696e-16,-9.568084172184577e-17,-1.3322676295501878e-15,0.0,6.661338147750939e-16,4.440892098500626e-16,-1.0609765290717915e-16,-1.3322676295501878e-15,0.0,-8.881784197001252e-16,0.0,0.0,-8.881784197001252e-16
final,430,0.0,0.0,0.0,0.0,4.440892098500626e-16,6.661338147750939e-16,2.7755575615628914e-15,1.9304219681104406e-16,5.773159728050814e-15,4.440892098500626e-16,5.551115123125783e-16,2.886579864025407e-15,2.233456475320139e-16,5.773159728050814e-15,0.0,9.992007221626409e-16,0.0,4.440892098500626e-16,9.992007221626409e-16
final,431,0.0,0.0,0.0,0.0,0.0,0.0,2.220446049250313e-16,1.8553409676658195e-16,8.881784197001252e-16,2.220446049250313e-16,-1.1102230246251565e-16,3.3306690738754696e-16,2.038029033729627e-16,8.881784197001252e-16,0.0,2.220446049250313e-16,0.0,2.220446049250313e-16,2.220446049250313e-16
final,432,0.0,0.0,0.0,0.0,0.0,9.992007221626409e-16,0.0,1.0505919051384538e-16,1.3322676295501878e-15,0.0,9.992007221626409e-16,2.220446049250313e-16,1.1210650463500116e-16,1.3322676295501878e-15,0.0,0.0,0.0,0.0,0.0
final,433,0.0,0.0,0.0,0.0,9.992007221626409e-16,1.6653345369377348e-15,8.881784197001252e-16,2.59801945581839e-16,6.217248937900877e-15,9.992007221626409e-16,1.6653345369377348e-15,1.1102230246251565e-15,2.817841446289826e-16,6.661338147750939e-15,0.0,1.7763568394002505e-15,0.0,9.992007221626409e-16,1.7763568394002505e-15
final,434,0.0,0.0,0.0,0.0,0.0,2.1094237467877974e-15,1.5543122344752192e-15,1.7081605227509122e-16,6.661338147750939e-15,-1.1102230246251565e-16,2.1094237467877974e-15,1.5543122344752192e-15,1.9565783455216534e-16,6.661338147750939e-15,0.0,1.2212453270876722e-15,0.0,-1.1102230246251565e-16,1.2212453270876722e-15
final,435,0.0,0.0,0.0,0.0,1.4432899320127035e-15,1.9984014443252818e-15,1.7763568394002505e-15,1.9266272605067414e-16,3.9968028886505635e-15,1.5543122344752192e-15,1.9984014443252818e-15,1.7763568394002505e-15,2.0335566997681243e-16,3.9968028886505635e-15,0.0,6.661338147750939e-16,0.0,1.5543122344752192e-15,6.661338147750939e-16
final,436,0.0,0.0,0.0,0.0,9.992007221626409e-16,2.4424906541753444e-15,1.9984014443252818e-15,3.5252833638366177e-16,6.217248937900877e-15,9.992007221626409e-16,2.4424906541753444e-15,1.9984014443252818e-15,3.8825279796705914e-16,6.217248937900877e-15,0.0,1.2212453270876722e-15,0.0,9.992007221626409e-16,1.2212453270876722e-15
final,437,0.0,0.0,0.0,3.3306690738754696e-16,8.881784197001252e-16,1.9984014443252818e-15,8.881784197001252e-16,1.5852391014453682e-16,6.217248937900877e-15,7.771561172376096e-16,2.1094237467877974e-15,1.1102230246251565e-15,1.7953032723644347e-16,6.217248937900877e-15,0.0,1.5543122344752192e-15,0.0,7.771561172376096e-16,1.5543122344752192e-15
final,438,0.0,0.0,0.0,0.0,9.992007221626409e-16,1.887379141862766e-15,1.5543122344752192e-15,4.276838757276413e-17,3.1086244689504383e-15,1.1102230246251565e-15,1.887379141862766e-15,1.5543122344752192e-15,3.601584091725285e-17,3.1086244689504383e-15,0.0,2.220446049250313e-16,0.0,1.1102230246251565e-15,2.220446049250313e-16
final,439,0.0,0.0,0.0,0.0,1.5543122344752192e-15,1.3322676295501878e-15,9.992007221626409e-16,-5.926520125348889e-17,2.220446049250313e-15,1.6653345369377348e-15,1.3322676295501878e-15,1.1102230246251565e-15,-7.068998164605489e-17,2.220446049250313e-15,0.0,5.551115123125783e-16,0.0,1.6653345369377348e-15,5.551115123125783e-16
final,440,0.0,0.0,0.0,0.0,0.0,2.220446049250313e-16,-8.881784197001252e-16,1.8545278160364553e-16,0.0,0.0,2.220446049250313e-16,-1.1102230246251565e-15,2.1198862977522825e-16,0.0,0.0,2.220446049250313e-16,0.0,0.0,2.220446049250313e-16
final,441,0.0,0.0,0.0,0.0,-3.3306690738754696e-16,8.881784197001252e-16,3.3306690738754696e-16,2.0734011296069665e-16,-2.220446049250313e-15,-4.440892098500626e-16,8.881784197001252e-16,2.220446049250313e-16,2.252158962795514e-16,-2.220446049250313e-15,0.0,-1.5543122344752192e-15,0.0,-4.440892098500626e-16,-1.5543122344752192e-15
final,442,0.0,0.0,0.0,0.0,0.0,1.1102230246251565e-15,1.1102230246251565e-16,7.161155349266757e-17,2.6645352591003757e-15,0.0,1.1102230246251565e-15,1.1102230246251565e-16,7.895702321125686e-17,2.6645352591003757e-15,0.0,6.661338147750939e-16,0.0,0.0,6.661338147750939e-16
final,443,0.0,0.0,0.0,0.0,-1.1102230246251565e-16,6.661338147750939e-16,0.0,-1.984089975648473e-16,2.6645352591003757e-15,-1.1102230246251565e-16,6.661338147750939e-16,0.0,-2.1949672981969037e-16,2.6645352591003757e-15,0.0,8.881784197001252e-16,0.0,-1.1102230246251565e-16,8.881784197001252e-16
final,444,0.0,0.0,0.0,0.0,-4.440892098500626e-16,-1.3322676295501878e-15,-1.3322676295501878e-15,5.118789506847188e-17,0.0,-4.440892098500626e-16,-1.3322676295501878e-15,-1.5543122344752192e-15,5.812678897237911e-17,0.0,0.0,1.1102230246251565e-15,0.0,-4.440892098500626e-16,1.1102230246251565e-15
final,445,0.0,0.0,0.0,0.0,-4.440892098500626e-16,1.1102230246251565e-15,-2.220446049250313e-15,9.654820345983417e-17,0.0,-5.551115123125783e-16,1.1102230246251565e-15,-2.220446049250313e-15,1.0321604682062002e-16,0.0,0.0,5.551115123125783e-16,0.0,-5.551115123125783e-16,5.551115123125783e-16
final,446,0.0,0.0,0.0,4.440892098500626e-16,2.6645352591003757e-15,6.8833827526759706e-15,1.176836406102666e-14,3.40168431617327e-16,1.6431300764452317e-14,3.3306690738754696e-16,7.882583474838611e-15,5.551115123125783e-15,3.3228086081249497e-16,8.881784197001252e-15,0.0,-1.1102230246251565e-15,0.0,3.3306690738754696e-16,-1.1102230246251565e-15
final,447,0.0,0.0,0.0,0.0,1.5543122344752192e-15,4.9960036108132044e-15,2.1094237467877974e-15,4.629543276513104e-17,1.0658141036401503e-14,1.7763568394002505e-15,5.329070518200751e-15,2.220446049250313e-15,4.0440741033709315e-17,1.1546319456101628e-14,0.0,2.6645352591003757e-15,0.0,1.7763568394002505e-15,2.6645352591003757e-15
final,448,0.0,0.0,0.0,0.0,-1.5543122344752192e-15,-3.552713678800501e-15,-6.217248937900877e-15,1.3227266504323154e-17,-1.199040866595169e-14,-1.5543122344752192e-15,-3.774758283725532e-15,-6.439293542825908e-15,3.74049749507499e-18,-1.2878587085651816e-14,0.0,-1.5543122344752192e-15,0.0,-1.5543122344752192e-15,-1.5543122344752192e-15
final,449,0.0,0.0,0.0,0.0,-3.3306690738754696e-16,0.0,-2.886579864025407e-15,1.0272815584300155e-16,-1.3322676295501878e-15,-2.220446049250313e-16,1.1102230246251565e-16,-3.1086244689504383e-15,1.0186079410501314e-16,-8.881784197001252e-16,0.0,1.1102230246251565e-15,0.0,-2.220446049250313e-16,1.1102230246251565e-15
final,450,0.0,0.0,0.0,0.0,-2.220446049250313e-15,-1.9984014443252818e-15,-3.3306690738754696e-15,8.131516293641283e-17,-1.0658141036401503e-14,-2.3314683517128287e-15,-1.9984014443252818e-15,-3.3306690738754696e-15,8.153200337090993e-17,-1.0658141036401503e-14,0.0,-2.7755575615628914e-15,0.0,-2.3314683517128287e-15,-2.7755575615628914e-15
final,451,0.0,0.0,0.0,0.0,-1.2212453270876722e-15,-2.4424906541753444e-15,-1.9984014443252818e-15,1.4192206437835253e-16,-7.993605777301127e-15,-1.2212453270876722e-15,-2.4424906541753444e-15,-1.7763568394002505e-15,1.487525380650112e-16,-7.993605777301127e-15,0.0,-1.887379141862766e-15,0.0,-1.2212453270876722e-15,-1.887379141862766e-15
final,452,0.0,0.0,0.0,0.0,-2.220446049250313e-16,-2.220446049250313e-16,-1.3322676295501878e-15,-2.8244821845962997e-16,0.0,-2.220446049250313e-16,-2.220446049250313e-16,-1.3322676295501878e-15,-3.065581642702764e-16,0.0,0.0,3.3306690738754696e-16,0.0,-2.220446049250313e-16,3.3306690738754696e-16
final,453,0.0,0.0,0.0,0.0,-8.881784197001252e-16,-1.1102230246251565e-16,-2.6645352591003757e-15,7.399679827213568e-17,-3.1086244689504383e-15,-1.1102230246251565e-15,0.0,-2.886579864025407e-15,9.072061678272458e-17,-3.552713678800501e-15,0.0,-6.661338147750939e-16,0.0,-1.1102230246251565e-15,-6.661338147750939e-16
final,454,0.0,0.0,0.0,0.0,4.440892098500626e-16,-2.220446049250313e-16,-2.220446049250313e-15,-2.0098397772450038e-17,-1.7763568394002505e-15,4.440892098500626e-16,-6.661338147750939e-16,-2.6645352591003757e-15,-1.3660947373317356e-17,-2.6645352591003757e-15,0.0,2.220446049250313e-16,0.0,4.440892098500626e-16,2.220446049250313e-16
final,455,0.0,0.0,0.0,0.0,-2.220446049250313e-16,0.0,-8.881784197001252e-16,-4.270875645327743e-16,0.0,-2.220446049250313e-16,0.0,-8.881784197001252e-16,-4.652040471592178e-16,0.0,0.0,4.440892098500626e-16,0.0,-2.220446049250313e-16,4.440892098500626e-16
final,456,0.0,0.0,0.0,0.0,-4.440892098500626e-16,2.220446049250313e-16,0.0,-3.5670251474773096e-17,-2.6645352591003757e-15,-4.440892098500626e-16,2.220446049250313e-16,0.0,-4.0772777949033e-17,-2.6645352591003757e-15,0.0,-1.3322676295501878e-15,0.0,-4.440892098500626e-16,-1.3322676295501878e-15
final,457,0.0,0.0,0.0,0.0,0.0,0.0,6.661338147750939e-16,-3.065581642702764e-17,4.440892098500626e-16,0.0,0.0,6.661338147750939e-16,-3.4450524030726903e-17,4.440892098500626e-16,0.0,0.0,0.0,0.0,0.0
final,458,0.0,0.0,0.0,0.0,4.440892098500626e-16,4.440892098500626e-16,-6.661338147750939e-16,-7.752045533271357e-17,-4.440892098500626e-16,6.661338147750939e-16,4.440892098500626e-16,-6.661338147750939e-16,-9.302454639925628e-17,0.0,0.0,2.220446049250313e-16,0.0,6.661338147750939e-16,2.220446049250313e-16
final,459,0.0,0.0,0.0,0.0,0.0,-6.661338147750939e-16,-8.881784197001252e-16,-1.6563898690147294e-16,-1.3322676295501878e-15,-2.220446049250313e-16,-6.661338147750939e-16,-9.992007221626409e-16,-1.7921861911185388e-16,-1.3322676295501878e-15,0.0,2.220446049250313e-16,0.0,-2.220446049250313e-16,2.220446049250313e-16
final,460,0.0,0.0,0.0,0.0,4.440892098500626e-16,-2.220446049250313e-16,0.0,-1.6978606021123e-16,1.3322676295501878e-15,4.440892098500626e-16,-2.220446049250313e-16,0.0,-1.843414743768479e-16,1.3322676295501878e-15,0.0,8.881784197001252e-16,0.0,4.440892098500626e-16,8.881784197001252e-16
final,461,0.0,0.0,0.0,0.0,-6.661338147750939e-16,4.440892098500626e-16,-1.3322676295501878e-15,3.6038880213418167e-16,-3.552713678800501e-15,-5.551115123125783e-16,6.661338147750939e-16,-1.5543122344752192e-15,4.00829543167891e-16,-3.552713678800501e-15,0.0,-1.2212453270876722e-15,0.0,-5.551115123125783e-16,-1.2212453270876722e-15
final,462,0.0,0.0,0.0,0.0,-5.551115123125783e-16,2.4424906541753444e-15,-2.7755575615628914e-15,7.014788055981214e-17,8.881784197001252e-16,-6.661338147750939e-16,2.3314683517128287e-15,-3.1086244689504383e-15,7.253312533928025e-17,4.440892098500626e-16,0.0,3.3306690738754696e-16,0.0,-6.661338147750939e-16,3.3306690738754696e-16
final,463,0.0,0.0,0.0,0.0,2.220446049250313e-16,1.4432899320127035e-15,2.9976021664879227e-15,2.1541741914571366e-16,0.0,2.220446049250313e-16,1.4432899320127035e-15,3.219646771412954e-15,2.301761212186726e-16,0.0,0.0,-1.7763568394002505e-15,0.0,2.220446049250313e-16,-1.7763568394002505e-15
final,464,0.0,0.0,0.0,0.0,8.881784197001252e-16,-8.881784197001252e-16,-4.440892098500626e-16,-2.7542800939278633e-16,1.7763568394002505e-15,8.881784197001252e-16,-1.1102230246251565e-15,-4.440892098500626e-16,-3.038205537847505e-16,1.7763568394002505e-15,0.0,1.5543122344752192e-15,0.0,8.881784197001252e-16,1.5543122344752192e-15
final,465,0.0,0.0,0.0,0.0,4.440892098500626e-16,0.0,8.881784197001252e-16,1.085692950472672e-16,3.552713678800501e-15,4.440892098500626e-16,0.0,8.881784197001252e-16,1.2790875129897739e-16,3.552713678800501e-15,0.0,1.1102230246251565e-15,0.0,4.440892098500626e-16,1.1102230246251565e-15
final,466,0.0,0.0,0.0,0.0,2.220446049250313e-16,1.887379141862766e-15,6.661338147750939e-16,4.618701254788249e-17,2.6645352591003757e-15,2.220446049250313e-16,1.887379141862766e-15,6.661338147750939e-16,4.647839188173797e-17,2.220446049250313e-15,0.0,0.0,0.0,2.220446049250313e-16,0.0
final,467,0.0,0.0,0.0,0.0,-1.3322676295501878e-15,-1.1102230246251565e-15,-4.440892098500626e-16,7.53558626360052e-17,1.7763568394002505e-15,-1.3322676295501878e-15,-1.1102230246251565e-15,-4.440892098500626e-16,8.606362963872044e-17,2.220446049250313e-15,0.0,8.881784197001252e-16,0.0,-1.3322676295501878e-15,8.881784197001252e-16
final,468,0.0,0.0,0.0,0.0,-4.440892098500626e-16,-2.220446049250313e-16,0.0,-2.0724524527060417e-16,-1.3322676295501878e-15,-4.440892098500626e-16,-2.220446049250313e-16,2.220446049250313e-16,-2.2147539878447642e-16,-1.3322676295501878e-15,0.0,-6.661338147750939e-16,0.0,-4.440892098500626e-16,-6.661338147750939e-16
final,469,0.0,0.0,0.0,0.0,-8.881784197001252e-16,-8.881784197001252e-16,-1.5543122344752192e-15,-3.3068166260807885e-18,-6.217248937900877e-15,-8.881784197001252e-16,-8.881784197001252e-16,-1.5543122344752192e-15,-1.032702569292443e-17,-6.217248937900877e-15,0.0,-1.7763568394002505e-15,0.0,-8.881784197001252e-16,-1.7763568394002505e-15
final,470,0.0,0.0,0.0,0.0,2.220446049250313e-16,8.881784197001252e-16,6.661338147750939e-16,5.866380786093833e-17,1.7763568394002505e-15,1.1102230246251565e-16,8.881784197001252e-16,6.661338147750939e-16,6.575008549766781e-17,1.3322676295501878e-15,0.0,-2.220446049250313e-16,0.0,1.1102230246251565e-16,-2.220446049250313e-16
final,471,0.0,0.0,0.0,0.0,3.3306690738754696e-16,9.992007221626409e-16,8.881784197001252e-16,-3.496552006265752e-18,2.6645352591003757e-15,3.3306690738754696e-16,9.992007221626409e-16,1.1102230246251565e-15,-2.8731357570865868e-18,2.6645352591003757e-15,0.0,3.3306690738754696e-16,0.0,3.3306690738754696e-16,3.3306690738754696e-16
final,472,0.0,0.0,0.0,0.0,-4.440892098500626e-16,-2.220446049250313e-16,-4.440892098500626e-16,-2.949029909160572e-16,2.220446049250313e-15,-4.440892098500626e-16,-3.3306690738754696e-16,-4.440892098500626e-16,-3.275374763078709e-16,2.220446049250313e-15,0.0,9.992007221626409e-16,0.0,-4.440892098500626e-16,9.992007221626409e-16
final,473,0.0,0.0,0.0,0.0,0.0,1.1102230246251565e-16,2.220446049250313e-16,-2.4695414983788577e-16,3.552713678800501e-15,0.0,1.1102230246251565e-16,2.220446049250313e-16,-2.674997810064861e-16,3.9968028886505635e-15,0.0,1.5543122344752192e-15,0.0,0.0,1.5543122344752192e-15
final,474,0.0,0.0,0.0,0.0,0.0,1.3322676295501878e-15,1.9984014443252818e-15,2.732189474663471e-16,1.3322676295501878e-15,-1.1102230246251565e-16,1.5543122344752192e-15,1.887379141862766e-15,2.8893987896738693e-16,1.3322676295501878e-15,0.0,-8.881784197001252e-16,0.0,-1.1102230246251565e-16,-8.881784197001252e-16
final,475,0.0,0.0,0.0,0.0,-2.220446049250313e-16,1.7763568394002505e-15,4.440892098500626e-16,2.680960922013531e-16,4.440892098500626e-16,-3.3306690738754696e-16,1.7763568394002505e-15,4.440892098500626e-16,2.9688165988084325e-16,0.0,0.0,-9.992007221626409e-16,0.0,-3.3306690738754696e-16,-9.992007221626409e-16
final,476,0.0,0.0,0.0,0.0,-2.220446049250313e-15,-4.6629367034256575e-15,-6.106226635438361e-15,2.2703193491846463e-16,-1.3322676295501878e-14,-2.3314683517128287e-15,-4.9960036108132044e-15,-6.772360450213455e-15,2.3613923316734287e-16,-1.4654943925052066e-14,0.0,-2.886579864025407e-15,0.0,-2.3314683517128287e-15,-2.886579864025407e-15
final,477,0.0,0.0,0.0,0.0,-4.440892098500626e-15,-9.769962616701378e-15,-7.66053886991358e-15,2.0252896582029223e-16,-2.7533531010703882e-14,-4.6629367034256575e-15,-9.992007221626409e-15,-7.771561172376096e-15,2.0339632755828063e-16,-2.7977620220553945e-14,0.0,-5.662137425588298e-15,0.0,-4.6629367034256575e-15,-5.662137425588298e-15
final,478,0.0,0.0,0.0,0.0,-3.1086244689504383e-15,-5.10702591327572e-15,-5.329070518200751e-15,5.778797579347739e-17,-1.865174681370263e-14,-3.219646771412954e-15,-5.329070518200751e-15,-5.551115123125783e-15,5.0090140368830305e-17,-1.9095836023552692e-14,0.0,-4.3298697960381105e-15,0.0,-3.219646771412954e-15,-4.3298697960381105e-15
final,479,0.0,0.0,0.0,0.0,-1.9984014443252818e-15,-2.6645352591003757e-15,-1.7763568394002505e-15,-2.0263738603754078e-16,-8.881784197001252e-15,-1.9984014443252818e-15,-2.6645352591003757e-15,-1.5543122344752192e-15,-2.448128505472269e-16,-8.881784197001252e-15,0.0,-2.886579864025407e-15,0.0,-1.9984014443252818e-15,-2.886579864025407e-15
final,480,0.0,0.0,0.0,3.885780586188048e-15,-8.881784197001252e-16,-2.220446049250313e-16,1.1102230246251565e-16,4.2262200683484963e-16,2.220446049250313e-15,-6.661338147750939e-16,-8.881784197001252e-16,-1.3322676295501878e-15,4.581296279837499e-16,4.440892098500626e-16,0.0,8.881784197001252e-16,0.0,-6.661338147750939e-16,8.881784197001252e-16
final,481,0.0,0.0,0.0,0.0,3.4416913763379853e-15,8.881784197001252e-16,5.551115123125783e-15,1.7293024651143796e-16,1.1102230246251565e-14,3.6637359812630166e-15,1.1102230246251565e-15,5.88418203051333e-15,1.8680803431925241e-16,1.199040866595169e-14,0.0,3.774758283725532e-15,0.0,3.6637359812630166e-15,3.774758283725532e-15
final,482,0.0,0.0,0.0,3.3306690738754696e-16,5.440092820663267e-15,-7.882583474838611e-15,1.099120794378905e-14,1.6631661325927638e-16,1.2434497875801753e-14,3.885780586188048e-15,-2.9976021664879227e-15,8.881784197001252e-16,2.5218542532012833e-16,4.884981308350689e-15,0.0,3.6637359812630166e-15,0.0,3.885780586188048e-15,3.6637359812630166e-15
final,483,0.0,0.0,0.0,0.0,-8.881784197001252e-16,-3.3306690738754696e-16,-1.7763568394002505e-15,1.3136464572377493e-16,-1.7763568394002505e-15,-1.1102230246251565e-15,-2.220446049250313e-16,-2.220446049250313e-15,1.5448525705202831e-16,-2.220446049250313e-15,0.0,-4.440892098500626e-16,0.0,-1.1102230246251565e-15,-4.440892098500626e-16
final,484,0.0,0.0,0.0,0.0,2.220446049250313e-16,-6.661338147750939e-16,-6.661338147750939e-16,4.2053491765281503e-17,0.0,2.220446049250313e-16,-7.771561172376096e-16,-8.881784197001252e-16,4.853159974588239e-17,-4.440892098500626e-16,0.0,6.661338147750939e-16,0.0,2.220446049250313e-16,6.661338147750939e-16
final,485,0.0,0.0,0.0,0.0,0.0,0.0,-4.440892098500626e-16,-1.8483275348625539e-16,1.3322676295501878e-15,0.0,0.0,-4.440892098500626e-16,-1.9617283058409596e-16,1.3322676295501878e-15,0.0,8.881784197001252e-16,0.0,0.0,8.881784197001252e-16
final,486,0.0,0.0,0.0,0.0,4.440892098500626e-16,0.0,0.0,-2.0637618946672126e-16,2.6645352591003757e-15,4.440892098500626e-16,0.0,0.0,-2.208401240740357e-16,2.6645352591003757e-15,0.0,1.1102230246251565e-15,0.0,4.440892098500626e-16,1.1102230246251565e-15
final,487,0.0,0.0,0.0,0.0,-1.5543122344752192e-15,-1.1102230246251565e-15,-1.5543122344752192e-15,2.5213121521150406e-16,-8.881784197001252e-15,-1.6653345369377348e-15,-1.1102230246251565e-15,-1.5543122344752192e-15,2.8289545185578024e-16,-9.325873406851315e-15,0.0,-3.219646771412954e-15,0.0,-1.6653345369377348e-15,-3.219646771412954e-15
final,488,0.0,0.0,0.0,0.0,-2.55351295663786e-15,-2.6645352591003757e-15,-1.3322676295501878e-15,-4.144362804325841e-17,-8.881784197001252e-15,-2.6645352591003757e-15,-2.6645352591003757e-15,-1.3322676295501878e-15,-5.285485590866834e-17,-9.325873406851315e-15,0.0,-3.219646771412954e-15,0.0,-2.6645352591003757e-15,-3.219646771412954e-15
final,489,0.0,0.0,0.0,6.106226635438361e-15,8.659739592076221e-15,-1.0880185641326534e-14,1.4210854715202004e-14,-3.8046009485231957e-16,2.5757174171303632e-14,7.66053886991358e-15,-7.327471962526033e-15,5.10702591327572e-15,-2.1163626406917047e-16,1.6431300764452317e-14,0.0,1.0769163338864018e-14,0.0,7.66053886991358e-15,1.0769163338864018e-14
final,490,0.0,0.0,0.0,0.0,4.440892098500626e-16,8.881784197001252e-16,1.6653345369377348e-15,2.4936649967166602e-17,1.7763568394002505e-15,4.440892098500626e-16,8.881784197001252e-16,1.7763568394002505e-15,2.7538735181131813e-17,1.7763568394002505e-15,0.0,-2.220446049250313e-16,0.0,4.440892098500626e-16,-2.220446049250313e-16
final,491,0.0,0.0,0.0,0.0,-1.9984014443252818e-15,-2.220446049250313e-15,-1.5543122344752192e-15,2.647079604123359e-16,-8.881784197001252e-15,-2.1094237467877974e-15,-2.4424906541753444e-15,-1.7763568394002505e-15,2.879098869035257e-16,-9.769962616701378e-15,0.0,-2.9976021664879227e-15,0.0,-2.1094237467877974e-15,-2.9976021664879227e-15
final,492,0.0,0.0,0.0,0.0,1.7763568394002505e-15,1.1102230246251565e-15,1.3322676295501878e-15,-2.087089182034596e-18,5.329070518200751e-15,1.9984014443252818e-15,1.3322676295501878e-15,1.3322676295501878e-15,4.363913744254155e-18,5.329070518200751e-15,0.0,1.7763568394002505e-15,0.0,1.9984014443252818e-15,1.7763568394002505e-15
final,493,0.0,0.0,0.0,0.0,2.220446049250313e-16,3.3306690738754696e-16,-4.440892098500626e-16,-7.552823384077145e-17,2.6645352591003757e-15,2.220446049250313e-16,3.3306690738754696e-16,-6.661338147750939e-16,-8.744090521095593e-17,2.6645352591003757e-15,0.0,1.3322676295501878e-15,0.0,2.220446049250313e-16,1.3322676295501878e-15
final,494,0.0,0.0,0.0,-2.3314683517128287e-15,-1.2212453270876722e-15,-1.5654144647214707e-14,-3.064215547965432e-14,-1.8431436932253575e-17,-3.419486915845482e-14,8.881784197001252e-16,-2.1538326677728037e-14,-1.6653345369377348e-15,1.4354836763708079e-16,-1.3322676295501878e-14,0.0,4.3298697960381105e-15,0.0,8.881784197001252e-16,4.3298697960381105e-15
final,495,0.0,0.0,0.0,0.0,-5.995204332975845e-15,-1.1324274851176597e-14,-3.885780586188048e-15,8.786374405822528e-16,-2.886579864025407e-14,-6.5503158452884236e-15,-1.2101430968414206e-14,-4.551914400963142e-15,9.510621457042845e-16,-3.1530333899354446e-14,0.0,-8.215650382226158e-15,0.0,-6.5503158452884236e-15,-8.215650382226158e-15
final,496,0.0,0.0,0.0,0.0,-3.6637359812630166e-15,-4.218847493575595e-15,-4.6629367034256575e-15,1.8800065670898647e-16,-1.8207657603852567e-14,-3.774758283725532e-15,-4.440892098500626e-15,-4.9960036108132044e-15,1.9125326322644298e-16,-1.9095836023552692e-14,0.0,-5.440092820663267e-15,0.0,-3.774758283725532e-15,-5.440092820663267e-15
final,497,0.0,0.0,0.0,0.0,1.3322676295501878e-15,2.220446049250313e-15,0.0,6.944314914769656e-17,4.440892098500626e-15,1.5543122344752192e-15,2.886579864025407e-15,2.220446049250313e-16,6.559423143537302e-17,6.217248937900877e-15,0.0,1.7763568394002505e-15,0.0,1.5543122344752192e-15,1.7763568394002505e-15
final,498,0.0,0.0,0.0,0.0,-1.7763568394002505e-15,-2.886579864025407e-15,1.5543122344752192e-15,-3.362653037963792e-16,-5.329070518200751e-15,-1.7763568394002505e-15,-3.3306690738754696e-15,1.7763568394002505e-15,-3.8803595753256204e-16,-5.773159728050814e-15,0.0,-2.55351295663786e-15,0.0,-1.7763568394002505e-15,-2.55351295663786e-15
final,499,0.0,0.0,0.0,0.0,-1.7763568394002505e-15,-3.774758283725532e-15,1.7763568394002505e-15,1.8469384008290568e-16,-7.549516567451064e-15,-1.7763568394002505e-15,-3.774758283725532e-15,1.9984014443252818e-15,1.9765005604410746e-16,-7.105427357601002e-15,0.0,-2.886579864025407e-15,0.0,-1.7763568394002505e-15,-2.886579864025407e-15
final,500,0.0,0.0,0.0,0.0,4.440892098500626e-16,-1.7763568394002505e-15,5.10702591327572e-15,-2.618348246552493e-16,6.217248937900877e-15,4.440892098500626e-16,-1.7763568394002505e-15,5.329070518200751e-15,-2.9696297504377966e-16,6.661338147750939e-15,0.0,1.7763568394002505e-15,0.0,4.440892098500626e-16,1.7763568394002505e-15
final,501,0.0,0.0,0.0,0.0,1.3322676295501878e-15,6.661338147750939e-16,-8.881784197001252e-16,1.279900664619138e-16,6.217248937900877e-15,1.5543122344752192e-15,6.661338147750939e-16,-1.1102230246251565e-15,1.454999315475547e-16,6.661338147750939e-15,0.0,3.552713678800501e-15,0.0,1.5543122344752192e-15,3.552713678800501e-15
final,502,0.0,0.0,0.0,0.0,0.0,4.440892098500626e-16,6.661338147750939e-16,2.7755575615628914e-16,0.0,0.0,4.440892098500626e-16,6.661338147750939e-16,3.0379344873043834e-16,0.0,0.0,-3.3306690738754696e-16,0.0,0.0,-3.3306690738754696e-16
final,503,0.0,0.0,0.0,0.0,0.0,7.771561172376096e-16,1.1102230246251565e-15,1.2836953722228372e-16,0.0,0.0,8.881784197001252e-16,1.2212453270876722e-15,1.4181364416110398e-16,0.0,0.0,-8.881784197001252e-16,0.0,0.0,-8.881784197001252e-16
final,504,0.0,0.0,0.0,0.0,-4.440892098500626e-16,1.9984014443252818e-15,-1.3322676295501878e-15,-1.7780915628762273e-16,1.3322676295501878e-15,-4.440892098500626e-16,2.220446049250313e-15,-1.3322676295501878e-15,-1.951563910473908e-16,8.881784197001252e-16,0.0,-2.220446049250313e-16,0.0,-4.440892098500626e-16,-2.220446049250313e-16
final,505,0.0,0.0,0.0,-1.3322676295501878e-15,1.5543122344752192e-15,3.552713678800501e-15,-2.220446049250313e-16,1.6615398293340355e-16,7.105427357601002e-15,1.5543122344752192e-15,3.3306690738754696e-15,-7.771561172376096e-16,1.785138876997383e-16,6.661338147750939e-15,0.0,2.220446049250313e-15,0.0,1.5543122344752192e-15,2.220446049250313e-15
final,506,0.0,0.0,0.0,8.326672684688674e-16,3.3306690738754696e-15,1.7763568394002505e-15,7.993605777301127e-15,7.085261197192771e-17,1.9984014443252818e-14,3.6637359812630166e-15,1.3322676295501878e-15,5.329070518200751e-15,4.2825985813177425e-17,1.687538997430238e-14,0.0,5.662137425588298e-15,0.0,3.6637359812630166e-15,5.662137425588298e-15
final,507,0.0,0.0,0.0,0.0,-1.1102230246251565e-16,1.1102230246251565e-15,4.440892098500626e-16,6.488950002325744e-17,1.7763568394002505e-15,-1.1102230246251565e-16,1.1102230246251565e-15,3.3306690738754696e-16,6.69494841509799e-17,1.3322676295501878e-15,0.0,-1.1102230246251565e-16,0.0,-1.1102230246251565e-16,-1.1102230246251565e-16
final,508,0.0,0.0,0.0,-8.881784197001252e-16,-3.552713678800501e-15,-2.6645352591003757e-15,6.661338147750939e-16,2.229119666630197e-16,-1.2434497875801753e-14,-3.6637359812630166e-15,4.218847493575595e-15,6.661338147750939e-16,2.710505431213761e-16,-4.884981308350689e-15,0.0,-5.329070518200751e-15,0.0,-3.6637359812630166e-15,-5.329070518200751e-15
final,509,0.0,0.0,0.0,0.0,-3.9968028886505635e-15,-1.3322676295501878e-15,0.0,7.058698243966877e-16,-1.0658141036401503e-14,-4.107825191113079e-15,-4.440892098500626e-16,2.220446049250313e-16,7.438711105423046e-16,-9.769962616701378e-15,0.0,-5.329070518200751e-15,0.0,-4.107825191113079e-15,-5.329070518200751e-15
final,510,0.0,0.0,0.0,0.0,-2.4424906541753444e-15,-2.886579864025407e-15,3.3306690738754696e-16,6.998525023393931e-17,-7.549516567451064e-15,-2.3314683517128287e-15,-3.1086244689504383e-15,7.771561172376096e-16,5.220433460517704e-17,-7.105427357601002e-15,0.0,-2.55351295663786e-15,0.0,-2.3314683517128287e-15,-2.55351295663786e-15
final,511,0.0,0.0,0.0,-2.9976021664879227e-15,-7.771561172376096e-16,1.2434497875801753e-14,-1.27675647831893e-14,-4.0657581468206416e-16,0.0,-6.661338147750939e-16,2.220446049250313e-15,-2.4424906541753444e-15,-1.5937771935536915e-16,-4.440892098500626e-16,0.0,-4.440892098500626e-16,0.0,-6.661338147750939e-16,-4.440892098500626e-16
