mode,mesh,nodes,region,variables,component,quantity,L1,L2,Linf
efficient,10,745,all,conservative,rho,dx,2.043787019991362e-16,3.8886337878318196e-16,4.4158622749092616e-15
efficient,10,745,all,conservative,rho,dy,2.1649741356107675e-16,4.4162639760027147e-16,3.809308757644035e-15
efficient,10,745,all,conservative,rho,dz,3.2716252019284426e-16,5.844274119701563e-16,4.134996313995103e-15
efficient,10,745,all,conservative,rho,gradient,5.546633014500069e-16,8.293394975992645e-16,5.55972554075667e-15
efficient,10,745,all,conservative,rho,mean,3.8620739575037055e-16,5.014772385398842e-16,1.7069679003611782e-15
efficient,10,745,all,conservative,rho,value,2.1820435872259779e-16,3.167844904932848e-16,1.7973903615464693e-15
efficient,10,745,all,conservative,rhoE,dx,6.637885134042151e-16,1.2919595644304821e-15,1.0450043675985961e-14
efficient,10,745,all,conservative,rhoE,dy,6.301231839577429e-16,1.2063615781533918e-15,1.1583151201505324e-14
efficient,10,745,all,conservative,rhoE,dz,1.058235862789092e-15,1.8047966754007763e-15,1.1113776999388536e-14
efficient,10,745,all,conservative,rhoE,gradient,1.7369529574398705e-15,2.526214324420206e-15,1.3893208291717577e-14
efficient,10,745,all,conservative,rhoE,mean,1.1841077644823633e-15,1.4911418092841715e-15,5.067560954197248e-15
efficient,10,745,all,conservative,rhoE,value,1.559917197933119e-15,1.9647689099902595e-15,6.450569245419757e-15
efficient,10,745,all,conservative,rhou,dx,6.380633575966118e-17,1.2248664227496356e-16,1.0515863218185303e-15
efficient,10,745,all,conservative,rhou,dy,6.622516092210248e-17,1.3625276581705047e-16,1.4450297376863638e-15
efficient,10,745,all,conservative,rhou,dz,9.758684176623556e-17,1.6607885386682975e-16,1.0377521562074995e-15
efficient,10,745,all,conservative,rhou,gradient,1.6679231092072287e-16,2.472852187865476e-16,1.454498844292875e-15
efficient,10,745,all,conservative,rhou,mean,1.199972596931074e-16,1.4705632835021968e-16,4.973235365191009e-16
efficient,10,745,all,conservative,rhou,value,7.380740498661448e-17,9.829093158587285e-17,5.02852967598777e-16
efficient,10,745,all,conservative,rhov,dx,3.0424881137883735e-17,5.919068650584466e-17,4.665931811927149e-16
efficient,10,745,all,conservative,rhov,dy,3.338476586740052e-17,6.552759286365497e-17,5.835438672530634e-16
efficient,10,745,all,conservative,rhov,dz,5.302429217573259e-17,8.919427514162813e-17,6.097137971914322e-16
efficient,10,745,all,conservative,rhov,gradient,8.582861335939981e-17,1.2551104140105986e-16,7.124537018570609e-16
efficient,10,745,all,conservative,rhov,mean,6.220213881020006e-17,7.76012203177696e-17,2.5400146395904155e-16
efficient,10,745,all,conservative,rhov,value,3.76727681491562e-17,4.993977655415217e-17,3.5236570605778894e-16
efficient,10,745,all,conservative,rhow,dx,2.0220473105871673e-17,3.539658828000114e-17,3.648662182933679e-16
efficient,10,745,all,conservative,rhow,dy,2.3096833785461672e-17,4.5165471235649336e-17,4.87940952562365e-16
efficient,10,745,all,conservative,rhow,dz,3.1122063321275187e-17,5.160955231300439e-17,3.215769054580424e-16
efficient,10,745,all,conservative,rhow,gradient,5.420281714313031e-17,7.717761426573718e-17,5.055380943449712e-16
efficient,10,745,all,conservative,rhow,mean,2.996529346322436e-17,3.7657193860238866e-17,1.330722641454396e-16
efficient,10,745,all,conservative,rhow,value,2.0619943930479703e-17,2.914187954906997e-17,2.3332030751888055e-16
efficient,10,745,all,primitive,p,dx,2.6714043485605764e-16,5.204883881916591e-16,4.1988210936036614e-15
efficient,10,745,all,primitive,p,dy,2.511515834841845e-16,4.822639036689624e-16,4.645226726806228e-15
efficient,10,745,all,primitive,p,dz,4.2339420116655666e-16,7.215801513837797e-16,4.388416713352328e-15
efficient,10,745,all,primitive,p,gradient,6.956961976462911e-16,1.0120101530594523e-15,5.534027400433941e-15
efficient,10,745,all,primitive,p,value,6.229267286270973e-16,7.846989649422883e-16,2.8323697554011318e-15
efficient,10,745,all,primitive,rho,dx,2.043787019991362e-16,3.8886337878318196e-16,4.4158622749092616e-15
efficient,10,745,all,primitive,rho,dy,2.1649741356107675e-16,4.4162639760027147e-16,3.809308757644035e-15
efficient,10,745,all,primitive,rho,dz,3.2716252019284426e-16,5.844274119701563e-16,4.134996313995103e-15
efficient,10,745,all,primitive,rho,gradient,5.546633014500069e-16,8.293394975992645e-16,5.55972554075667e-15
efficient,10,745,all,primitive,rho,value,2.1820435872259779e-16,3.167844904932848e-16,1.7973903615464693e-15
efficient,10,745,all,primitive,u,dx,4.5212515012199255e-17,8.127593910898744e-17,6.877229905347115e-16
efficient,10,745,all,primitive,u,dy,4.6330705472086304e-17,8.96974965999279e-17,8.997510073419871e-16
efficient,10,745,all,primitive,u,dz,6.678197277518027e-17,1.1498394913448203e-16,6.722417164181855e-16
efficient,10,745,all,primitive,u,gradient,1.1570236103363991e-16,1.6695127352884454e-16,9.040113221487037e-16
efficient,10,745,all,primitive,u,value,5.152750047985512e-17,6.77227020591169e-17,2.939001039065081e-16
efficient,10,745,all,primitive,v,dx,2.4164915304431324e-17,4.328600286744227e-17,3.615556958981429e-16
efficient,10,745,all,primitive,v,dy,2.6639318615261315e-17,5.43902787719204e-17,5.861815278508133e-16
efficient,10,745,all,primitive,v,dz,4.00614082373785e-17,6.828327769602898e-17,4.885203230982869e-16
efficient,10,745,all,primitive,v,gradient,6.738172125963678e-17,9.744016872953603e-17,6.293848530890504e-16
efficient,10,745,all,primitive,v,value,2.8851963303352614e-17,3.898541489283875e-17,2.1906304895069617e-16
efficient,10,745,all,primitive,w,dx,1.3998953633479167e-17,2.5344444861135468e-17,2.309188632342962e-16
efficient,10,745,all,primitive,w,dy,1.527845573208099e-17,3.141260237179635e-17,3.432097034144436e-16
efficient,10,745,all,primitive,w,dz,2.233547494055103e-17,3.815064707601774e-17,2.611586806051036e-16
efficient,10,745,all,primitive,w,gradient,3.79424528319031e-17,5.553885437607245e-17,3.8360009918682896e-16
efficient,10,745,all,primitive,w,value,1.5810631622190697e-17,2.1968086257663095e-17,1.3044307387716225e-16
efficient,10,745,boundary,conservative,rho,dx,3.415181793972511e-16,6.021103849316899e-16,4.4158622749092616e-15
efficient,10,745,boundary,conservative,rho,dy,3.7917457481429063e-16,6.882410225148384e-16,3.809308757644035e-15
efficient,10,745,boundary,conservative,rho,dz,6.342554218155366e-16,9.230299353904618e-16,4.134996313995103e-15
efficient,10,745,boundary,conservative,rho,gradient,1.035417849462933e-15,1.2993063081282175e-15,5.55972554075667e-15
efficient,10,745,boundary,conservative,rho,mean,3.512000749613424e-16,4.542098226019129e-16,1.4682265819798701e-15
efficient,10,745,boundary,conservative,rho,value,3.1466252263215536e-16,4.295073668094634e-16,1.7973903615464693e-15
efficient,10,745,boundary,conservative,rhoE,dx,1.165830572607461e-15,2.02160610146052e-15,1.0450043675985961e-14
efficient,10,745,boundary,conservative,rhoE,dy,1.057142169760516e-15,1.8770942746809542e-15,1.1583151201505324e-14
efficient,10,745,boundary,conservative,rhoE,dz,2.036771953618675e-15,2.8524153653489723e-15,1.1113776999388536e-14
efficient,10,745,boundary,conservative,rhoE,gradient,3.275197162679397e-15,3.968204576629251e-15,1.3893208291717577e-14
efficient,10,745,boundary,conservative,rhoE,mean,1.104669955162931e-15,1.3721486706212627e-15,4.004175463423465e-15
efficient,10,745,boundary,conservative,rhoE,value,1.7240394530820784e-15,2.1455083404779617e-15,6.187758638809271e-15
efficient,10,745,boundary,conservative,rhou,dx,1.122300096154361e-16,1.9153756617193565e-16,1.0515863218185303e-15
efficient,10,745,boundary,conservative,rhou,dy,1.1913173120287114e-16,2.161808699675144e-16,1.4450297376863638e-15
efficient,10,745,boundary,conservative,rhou,dz,1.8998867926527783e-16,2.63044209804197e-16,1.0377521562074995e-15
efficient,10,745,boundary,conservative,rhou,gradient,3.1999956258598855e-16,3.9065722072744865e-16,1.454498844292875e-15
efficient,10,745,boundary,conservative,rhou,mean,1.1313625829786362e-16,1.4014233769432572e-16,4.1297260749972864e-16
efficient,10,745,boundary,conservative,rhou,value,1.0097507779362563e-16,1.307368432448086e-16,5.02852967598777e-16
efficient,10,745,boundary,conservative,rhov,dx,5.222763086570103e-17,9.216475822242592e-17,4.665931811927149e-16
efficient,10,745,boundary,conservative,rhov,dy,5.967234226305294e-17,1.0319839796394603e-16,5.835438672530634e-16
efficient,10,745,boundary,conservative,rhov,dz,1.0083208260821982e-16,1.4026055337297917e-16,6.097137971914322e-16
efficient,10,745,boundary,conservative,rhov,gradient,1.617921454592969e-16,1.9702100099486225e-16,7.124537018570609e-16
efficient,10,745,boundary,conservative,rhov,mean,5.503648198099788e-17,6.731487013882527e-17,1.7146657357858253e-16
efficient,10,745,boundary,conservative,rhov,value,5.134525865086833e-17,6.524231071677224e-17,3.5236570605778894e-16
efficient,10,745,boundary,conservative,rhow,dx,3.095165185411231e-17,5.319678508070001e-17,3.648662182933679e-16
efficient,10,745,boundary,conservative,rhow,dy,4.098712506272292e-17,7.099160411738393e-17,4.87940952562365e-16
efficient,10,745,boundary,conservative,rhow,dz,5.830041299863937e-17,8.091892225605628e-17,3.215769054580424e-16
efficient,10,745,boundary,conservative,rhow,gradient,9.848945746515983e-17,1.2007321840095415e-16,5.055380943449712e-16
efficient,10,745,boundary,conservative,rhow,mean,2.5730691160877253e-17,3.30027923343114e-17,1.2961636972064206e-16
efficient,10,745,boundary,conservative,rhow,value,2.8329155550625905e-17,3.908419856736479e-17,2.3332030751888055e-16
efficient,10,745,boundary,primitive,p,dx,4.700482510605591e-16,8.149490589409635e-16,4.1988210936036614e-15
efficient,10,745,boundary,primitive,p,dy,4.2156895502777407e-16,7.506314100556706e-16,4.645226726806228e-15
efficient,10,745,boundary,primitive,p,dz,8.139362010165228e-16,1.1401742823901207e-15,4.388416713352328e-15
efficient,10,745,boundary,primitive,p,gradient,1.3122251532890336e-15,1.5898386322689334e-15,5.534027400433941e-15
efficient,10,745,boundary,primitive,p,value,6.817603256684902e-16,8.591266364982691e-16,2.8323697554011318e-15
efficient,10,745,boundary,primitive,rho,dx,3.415181793972511e-16,6.021103849316899e-16,4.4158622749092616e-15
efficient,10,745,boundary,primitive,rho,dy,3.7917457481429063e-16,6.882410225148384e-16,3.809308757644035e-15
efficient,10,745,boundary,primitive,rho,dz,6.342554218155366e-16,9.230299353904618e-16,4.134996313995103e-15
efficient,10,745,boundary,primitive,rho,gradient,1.035417849462933e-15,1.2993063081282175e-15,5.55972554075667e-15
efficient,10,745,boundary,primitive,rho,value,3.1466252263215536e-16,4.295073668094634e-16,1.7973903615464693e-15
efficient,10,745,boundary,primitive,u,dx,7.81749674092697e-17,1.260932327108761e-16,6.877229905347115e-16
efficient,10,745,boundary,primitive,u,dy,7.914845582092053e-17,1.3984967516831124e-16,8.997510073419871e-16
efficient,10,745,boundary,primitive,u,dz,1.2812048899272033e-16,1.8118742426377417e-16,6.722417164181855e-16
efficient,10,745,boundary,primitive,u,gradient,2.1595624740770823e-16,2.613165086470853e-16,9.040113221487037e-16
efficient,10,745,boundary,primitive,u,value,6.739572343398695e-17,8.627386821325875e-17,2.939001039065081e-16
efficient,10,745,boundary,primitive,v,dx,3.9546152725045425e-17,6.6334763661446e-17,3.615556958981429e-16
efficient,10,745,boundary,primitive,v,dy,4.6864378662533715e-17,8.543558486727649e-17,5.861815278508133e-16
efficient,10,745,boundary,primitive,v,dz,7.753982415395614e-17,1.0774564790166846e-16,4.885203230982869e-16
efficient,10,745,boundary,primitive,v,gradient,1.2618757599984533e-16,1.526717546679274e-16,6.293848530890504e-16
efficient,10,745,boundary,primitive,v,value,3.924352676495157e-17,5.161128044778899e-17,2.1906304895069617e-16
efficient,10,745,boundary,primitive,w,dx,2.2385786871841385e-17,3.8621207686813206e-17,2.309188632342962e-16
efficient,10,745,boundary,primitive,w,dy,2.6772376551625068e-17,4.936372301977682e-17,3.432097034144436e-16
efficient,10,745,boundary,primitive,w,dz,4.179103421156998e-17,5.97594864292829e-17,2.611586806051036e-16
efficient,10,745,boundary,primitive,w,gradient,6.94492454239307e-17,8.660006380975046e-17,3.8360009918682896e-16
efficient,10,745,boundary,primitive,w,value,2.2180114012377253e-17,2.9654767008295636e-17,1.3044307387716225e-16
efficient,10,745,interior,conservative,rho,dx,1.2334021564143553e-16,1.6229657796172975e-16,6.216290096604585e-16
efficient,10,745,interior,conservative,rho,dy,1.2036819414851066e-16,1.742951269506819e-16,1.0334733692744444e-15
efficient,10,745,interior,conservative,rho,dz,1.4569512370822463e-16,1.998316258912647e-16,7.526971938526944e-16
efficient,10,745,interior,conservative,rho,gradient,2.70575731483202e-16,3.1088848354866493e-16,1.172132555049793e-15
efficient,10,745,interior,conservative,rho,mean,4.0689392848336075e-16,5.274210600716887e-16,1.7069679003611782e-15
efficient,10,745,interior,conservative,rho,value,1.6120528195507202e-16,2.2503720985381723e-16,1.2234137314326432e-15
efficient,10,745,interior,conservative,rhoE,dx,3.671217232309769e-16,4.903804921870403e-16,2.285626928607426e-15
efficient,10,745,interior,conservative,rhoE,dy,3.777890427461701e-16,4.828893145784442e-16,2.0910939538092144e-15
efficient,10,745,interior,conservative,rhoE,dz,4.799991278115609e-16,6.117203896122234e-16,2.2819508056163423e-15
efficient,10,745,interior,conservative,rhoE,gradient,8.279733958564692e-16,9.207914814543921e-16,2.5860095479959916e-15
efficient,10,745,interior,conservative,rhoE,mean,1.2310491700422692e-15,1.5571889574933574e-15,5.067560954197248e-15
efficient,10,745,interior,conservative,rhoE,value,1.4629340433577692e-15,1.8496833942104807e-15,6.450569245419757e-15
efficient,10,745,interior,conservative,rhou,dx,3.5191809092339224e-17,4.679384556335455e-17,2.33504960701382e-16
efficient,10,745,interior,conservative,rhou,dy,3.496160023720719e-17,4.3806130695668795e-17,1.3879905390182593e-16
efficient,10,745,interior,conservative,rhou,dz,4.2984730181292904e-17,5.471704281896199e-17,1.723629461950144e-16
efficient,10,745,interior,conservative,rhou,gradient,7.625905230304704e-17,8.427689982424135e-17,2.4901874009251946e-16
efficient,10,745,interior,conservative,rhou,mean,1.2405156395703978e-16,1.5099320306099245e-16,4.973235365191009e-16
efficient,10,745,interior,conservative,rhou,value,5.775347854681822e-17,7.259456211677469e-17,3.073713158996405e-16
efficient,10,745,interior,conservative,rhov,dx,1.7541196075785318e-17,2.354505782041304e-17,1.0586641291257873e-16
efficient,10,745,interior,conservative,rhov,dy,1.785090616825764e-17,2.3193764968697892e-17,7.318703477456057e-17
efficient,10,745,interior,conservative,rhov,dz,2.4773703459341724e-17,3.211803271258358e-17,1.0358027098793937e-16
efficient,10,745,interior,conservative,rhov,gradient,4.0940228362208035e-17,4.608566487006973e-17,1.1968279776760804e-16
efficient,10,745,interior,conservative,rhov,mean,6.643647012175609e-17,8.308314571433627e-17,2.5400146395904155e-16
efficient,10,745,interior,conservative,rhov,value,2.959341743249657e-17,3.8110870558629997e-17,1.3002294553532412e-16
efficient,10,745,interior,conservative,rhow,dx,1.3879202896223785e-17,1.7917852651599435e-17,6.623162372818188e-17
efficient,10,745,interior,conservative,rhow,dy,1.2525099423379633e-17,1.6347029109423032e-17,7.015587443325185e-17
efficient,10,745,interior,conservative,rhow,dz,1.506182770319656e-17,1.9189037765210224e-17,7.087463482855633e-17
efficient,10,745,interior,conservative,rhow,gradient,2.8032947127171525e-17,3.092723677769187e-17,7.670375876904608e-17
efficient,10,745,interior,conservative,rhow,mean,3.2467605470093393e-17,4.015477619525386e-17,1.330722641454396e-16
efficient,10,745,interior,conservative,rhow,value,1.6064415117326798e-17,2.1175763215112122e-17,7.517586813471366e-17
efficient,10,745,interior,primitive,p,dx,1.4723810908282764e-16,1.9631190928001275e-16,8.777937957667875e-16
efficient,10,745,interior,primitive,p,dy,1.5044851751829204e-16,1.925130526895812e-16,8.510826117751231e-16
efficient,10,745,interior,primitive,p,dz,1.9261504750919005e-16,2.452800404826641e-16,9.096795040332284e-16
efficient,10,745,interior,primitive,p,gradient,3.3137678861178754e-16,3.684588707579216e-16,1.0067338690533758e-15
efficient,10,745,interior,primitive,p,value,5.88160768148974e-16,7.371944638789901e-16,2.515891141252613e-15
efficient,10,745,interior,primitive,rho,dx,1.2334021564143553e-16,1.6229657796172975e-16,6.216290096604585e-16
efficient,10,745,interior,primitive,rho,dy,1.2036819414851066e-16,1.742951269506819e-16,1.0334733692744444e-15
efficient,10,745,interior,primitive,rho,dz,1.4569512370822463e-16,1.998316258912647e-16,7.526971938526944e-16
efficient,10,745,interior,primitive,rho,gradient,2.70575731483202e-16,3.1088848354866493e-16,1.172132555049793e-15
efficient,10,745,interior,primitive,rho,value,1.6120528195507202e-16,2.2503720985381723e-16,1.2234137314326432e-15
efficient,10,745,interior,primitive,u,dx,2.5734336302637776e-17,3.337556710848521e-17,1.488664639964169e-16
efficient,10,745,interior,primitive,u,dy,2.6938034124696573e-17,3.525330953685955e-17,1.2075005234525767e-16
efficient,10,745,interior,primitive,u,dz,3.0535804975761265e-17,4.043262382560782e-17,1.3798865512954037e-16
efficient,10,745,interior,primitive,u,gradient,5.646031521742121e-17,6.317848828943077e-17,1.6692523264346664e-16
efficient,10,745,interior,primitive,u,value,4.2150647120145335e-17,5.3835064190081647e-17,2.0572736222912447e-16
efficient,10,745,interior,primitive,v,dx,1.507583152984114e-17,1.9510140904921235e-17,6.43429520140416e-17
efficient,10,745,interior,primitive,v,dy,1.4687922242599542e-17,1.9828142969158508e-17,1.1861743514230815e-16
efficient,10,745,interior,primitive,v,dz,1.7914655496394556e-17,2.3617110086959948e-17,8.417220506750159e-17
efficient,10,745,interior,primitive,v,gradient,3.2632154267464337e-17,3.6490666486032513e-17,1.2936020388220304e-16
efficient,10,745,interior,primitive,v,value,2.2711378624199247e-17,2.9050500882487966e-17,1.131364966988624e-16
efficient,10,745,interior,primitive,w,dx,9.043004523375078e-18,1.1853180796730212e-17,4.835557571153111e-17
efficient,10,745,interior,primitive,w,dy,8.486465830973797e-18,1.1397464781981484e-17,4.486733521606029e-17
efficient,10,745,interior,primitive,w,dz,1.0838792114577425e-17,1.4326466239685007e-17,5.169738538624534e-17
efficient,10,745,interior,primitive,w,gradient,1.9324452894278854e-17,2.180934967790916e-17,5.771337661947972e-17
efficient,10,745,interior,primitive,w,value,1.2046775863251949e-17,1.575165776105874e-17,6.12370939546969e-17
efficient,20,4752,all,conservative,rho,dx,2.683881730246692e-16,5.746298648290418e-16,9.101951776915168e-15
efficient,20,4752,all,conservative,rho,dy,2.9450829643465793e-16,5.907461413178058e-16,7.717893164838063e-15
efficient,20,4752,all,conservative,rho,dz,4.4307160222963264e-16,8.628121529857732e-16,9.50950337355247e-15
efficient,20,4752,all,conservative,rho,gradient,7.326904309373321e-16,1.193157699709164e-15,1.1879866392759017e-14
efficient,20,4752,all,conservative,rho,mean,3.9960457857746e-16,5.192045876229491e-16,2.2369259222720927e-15
efficient,20,4752,all,conservative,rho,value,1.9377622229878336e-16,2.6672867450142106e-16,2.297424403496784e-15
efficient,20,4752,all,conservative,rhoE,dx,9.072206196694139e-16,1.798833560063593e-15,2.8371020861257942e-14
efficient,20,4752,all,conservative,rhoE,dy,9.636884677832172e-16,1.8570307476507036e-15,2.4970955648563348e-14
efficient,20,4752,all,conservative,rhoE,dz,1.2199945025385829e-15,2.302050278589539e-15,2.3747232750104957e-14
efficient,20,4752,all,conservative,rhoE,gradient,2.2407000306744204e-15,3.4617626810174846e-15,3.5128703948635276e-14
efficient,20,4752,all,conservative,rhoE,mean,1.219980105680594e-15,1.516736664338839e-15,5.343815667746554e-15
efficient,20,4752,all,conservative,rhoE,value,1.3882055665746432e-15,1.7501857106095102e-15,7.703473275944006e-15
efficient,20,4752,all,conservative,rhou,dx,9.379196519703105e-17,1.907009484413522e-16,2.4665171672406862e-15
efficient,20,4752,all,conservative,rhou,dy,9.107038437272931e-17,1.8574342010939402e-16,2.816172791383735e-15
efficient,20,4752,all,conservative,rhou,dz,1.3070727465306485e-16,2.5037261280734113e-16,2.4586359491829586e-15
efficient,20,4752,all,conservative,rhou,gradient,2.3122182863642735e-16,3.6545029086640633e-16,3.420404977286758e-15
efficient,20,4752,all,conservative,rhou,mean,1.2396217755526915e-16,1.5584416097845556e-16,6.150678924510267e-16
efficient,20,4752,all,conservative,rhou,value,6.499848279908992e-17,8.461678813523219e-17,6.985514597324105e-16
efficient,20,4752,all,conservative,rhov,dx,5.3186550284780876e-17,9.975765618801603e-17,1.2314760027828464e-15
efficient,20,4752,all,conservative,rhov,dy,4.944673037613835e-17,1.0019396785140664e-16,1.6500273810314287e-15
efficient,20,4752,all,conservative,rhov,dz,6.963920410459529e-17,1.2928705266921694e-16,1.246598717264888e-15
efficient,20,4752,all,conservative,rhov,gradient,1.2517072475947433e-16,1.9158695975934272e-16,1.837885289899529e-15
efficient,20,4752,all,conservative,rhov,mean,6.208133077090866e-17,7.801855239388383e-17,2.8918382445619617e-16
efficient,20,4752,all,conservative,rhov,value,3.3249954638785565e-17,4.3632210419023594e-17,3.067750047047735e-16
efficient,20,4752,all,conservative,rhow,dx,3.1156782165256487e-17,6.037972035675599e-17,1.2609351734136406e-15
efficient,20,4752,all,conservative,rhow,dy,3.147844075161962e-17,6.486287033884197e-17,9.982012232848808e-16
efficient,20,4752,all,conservative,rhow,dz,4.118605698995082e-17,7.83322688175089e-17,8.79657268250747e-16
efficient,20,4752,all,conservative,rhow,gradient,7.534226554734689e-17,1.182744558941277e-16,1.3588106815085061e-15
efficient,20,4752,all,conservative,rhow,mean,3.186601885346218e-17,3.984911026187435e-17,1.7751100069018921e-16
efficient,20,4752,all,conservative,rhow,value,1.8452745302261585e-17,2.4884137705260102e-17,2.2754693095039524e-16
efficient,20,4752,all,primitive,p,dx,3.6370366944712827e-16,7.219594861630919e-16,1.1475933771041874e-14
efficient,20,4752,all,primitive,p,dy,3.8718465142508256e-16,7.471978049721834e-16,9.986519718677622e-15
efficient,20,4752,all,primitive,p,dz,4.888739795325892e-16,9.21664259697473e-16,9.493506309310625e-15
efficient,20,4752,all,primitive,p,gradient,8.98801789987019e-16,1.3888826685576494e-15,1.3953827263702222e-14
efficient,20,4752,all,primitive,p,value,5.678603604690397e-16,7.1619397900095e-16,3.1628345775747135e-15
efficient,20,4752,all,primitive,rho,dx,2.683881730246692e-16,5.746298648290418e-16,9.101951776915168e-15
efficient,20,4752,all,primitive,rho,dy,2.9450829643465793e-16,5.907461413178058e-16,7.717893164838063e-15
efficient,20,4752,all,primitive,rho,dz,4.4307160222963264e-16,8.628121529857732e-16,9.50950337355247e-15
efficient,20,4752,all,primitive,rho,gradient,7.326904309373321e-16,1.193157699709164e-15,1.1879866392759017e-14
efficient,20,4752,all,primitive,rho,value,1.9377622229878336e-16,2.6672867450142106e-16,2.297424403496784e-15
efficient,20,4752,all,primitive,u,dx,6.165937049856707e-17,1.2476810659298348e-16,1.4919640450519614e-15
efficient,20,4752,all,primitive,u,dy,6.181642527681815e-17,1.1852882046488075e-16,1.2483622398610714e-15
efficient,20,4752,all,primitive,u,dz,9.007293914729988e-17,1.7303694537744535e-16,1.7002319767272568e-15
efficient,20,4752,all,primitive,u,gradient,1.5565400651589143e-16,2.4404496751449523e-16,2.037177785602247e-15
efficient,20,4752,all,primitive,u,value,4.4004500701175605e-17,5.74719812568268e-17,3.294890402183448e-16
efficient,20,4752,all,primitive,v,dx,3.67067650240642e-17,7.012420538483428e-17,1.0047160713195689e-15
efficient,20,4752,all,primitive,v,dy,3.760562354795116e-17,7.415774069803765e-17,1.1493284182175195e-15
efficient,20,4752,all,primitive,v,dz,5.51724116224262e-17,1.0520529562595716e-16,1.0849708548851377e-15
efficient,20,4752,all,primitive,v,gradient,9.435682490077391e-17,1.465773820002147e-16,1.3853165698664246e-15
efficient,20,4752,all,primitive,v,value,2.5711713912848497e-17,3.385501396635582e-17,2.428477341095969e-16
efficient,20,4752,all,primitive,w,dx,2.0546161677477303e-17,4.112294608031113e-17,6.672874736492543e-16
efficient,20,4752,all,primitive,w,dy,2.144237350485693e-17,4.281653015980992e-17,7.0099642033466e-16
efficient,20,4752,all,primitive,w,dz,2.9429312811979295e-17,5.617070598932502e-17,7.062649652665818e-16
efficient,20,4752,all,primitive,w,gradient,5.176732058992513e-17,8.172820908712784e-17,9.974091701730054e-16
efficient,20,4752,all,primitive,w,value,1.3348589882457199e-17,1.7966424617045642e-17,1.2813914426063056e-16
efficient,20,4752,boundary,conservative,rho,dx,6.461910837627758e-16,1.1985090241724685e-15,9.101951776915168e-15
efficient,20,4752,boundary,conservative,rho,dy,6.631447500064458e-16,1.2064125194422325e-15,7.717893164838063e-15
efficient,20,4752,boundary,conservative,rho,dz,1.2556985730343767e-15,1.825104644690653e-15,9.50950337355247e-15
efficient,20,4752,boundary,conservative,rho,gradient,1.9974406304846855e-15,2.4945664978431e-15,1.1879866392759017e-14
efficient,20,4752,boundary,conservative,rho,mean,3.5223774897548227e-16,4.571213204908769e-16,1.6805133673525319e-15
efficient,20,4752,boundary,conservative,rho,value,2.9646027018289226e-16,3.954109691905272e-16,2.297424403496784e-15
efficient,20,4752,boundary,conservative,rhoE,dx,2.039786568551532e-15,3.705352457992739e-15,2.8371020861257942e-14
efficient,20,4752,boundary,conservative,rhoE,dy,2.0841220280059186e-15,3.75721391053188e-15,2.4970955648563348e-14
efficient,20,4752,boundary,conservative,rhoE,dz,3.4056621345624502e-15,4.853654943521058e-15,2.3747232750104957e-14
efficient,20,4752,boundary,conservative,rhoE,gradient,5.877386032570181e-15,7.16967638866731e-15,3.5128703948635276e-14
efficient,20,4752,boundary,conservative,rhoE,mean,1.0712304254365489e-15,1.3361021330699246e-15,4.662503022556663e-15
efficient,20,4752,boundary,conservative,rhoE,value,1.580446883957156e-15,1.9999954338828454e-15,7.703473275944006e-15
efficient,20,4752,boundary,conservative,rhou,dx,2.1554446286262652e-16,3.9217290706356935e-16,2.4665171672406862e-15
efficient,20,4752,boundary,conservative,rhou,dy,2.1496535838727906e-16,3.845581459406186e-16,2.816172791383735e-15
efficient,20,4752,boundary,conservative,rhou,dz,3.713592789521202e-16,5.279256822530985e-16,2.4586359491829586e-15
efficient,20,4752,boundary,conservative,rhou,gradient,6.282652537816025e-16,7.618333693311006e-16,3.420404977286758e-15
efficient,20,4752,boundary,conservative,rhou,mean,1.0724998342789505e-16,1.3319288363166113e-16,4.701100619897147e-16
efficient,20,4752,boundary,conservative,rhou,value,9.54746984914624e-17,1.2256117986721716e-16,6.985514597324105e-16
efficient,20,4752,boundary,conservative,rhov,dx,1.0966229308306653e-16,1.9870054664601262e-16,1.2314760027828464e-15
efficient,20,4752,boundary,conservative,rhov,dy,1.1297434525213912e-16,2.0662782726728733e-16,1.6500273810314287e-15
efficient,20,4752,boundary,conservative,rhov,dz,1.9219654518136615e-16,2.7186813636188e-16,1.246598717264888e-15
efficient,20,4752,boundary,conservative,rhov,gradient,3.2520269422434e-16,3.950813204993447e-16,1.837885289899529e-15
efficient,20,4752,boundary,conservative,rhov,mean,5.395848451054389e-17,6.762903572895093e-17,2.3597660284147004e-16
efficient,20,4752,boundary,conservative,rhov,value,4.974482587263412e-17,6.445421302691971e-17,3.067750047047735e-16
efficient,20,4752,boundary,conservative,rhow,dx,6.795822640334083e-17,1.2302811744870806e-16,1.2609351734136406e-15
efficient,20,4752,boundary,conservative,rhow,dy,7.171260220791624e-17,1.330502278778222e-16,9.982012232848808e-16
efficient,20,4752,boundary,conservative,rhow,dz,1.139018405729177e-16,1.6428613550831055e-16,8.79657268250747e-16
efficient,20,4752,boundary,conservative,rhow,gradient,1.9714077917338494e-16,2.4459806855649634e-16,1.3588106815085061e-15
efficient,20,4752,boundary,conservative,rhow,mean,3.029757319412129e-17,3.855405898536643e-17,1.7751100069018921e-16
efficient,20,4752,boundary,conservative,rhow,value,2.96104566323838e-17,3.9088810660966057e-17,2.2754693095039524e-16
efficient,20,4752,boundary,primitive,p,dx,8.174831302149403e-16,1.4873592064333543e-15,1.1475933771041874e-14
efficient,20,4752,boundary,primitive,p,dy,8.37909040970226e-16,1.5124585707699977e-15,9.986519718677622e-15
efficient,20,4752,boundary,primitive,p,dz,1.363887960956618e-15,1.942962226464035e-15,9.493506309310625e-15
efficient,20,4752,boundary,primitive,p,gradient,2.3576211962458173e-15,2.876607472479303e-15,1.3953827263702222e-14
efficient,20,4752,boundary,primitive,p,value,6.45859680318259e-16,8.168692408559138e-16,3.1628345775747135e-15
efficient,20,4752,boundary,primitive,rho,dx,6.461910837627758e-16,1.1985090241724685e-15,9.101951776915168e-15
efficient,20,4752,boundary,primitive,rho,dy,6.631447500064458e-16,1.2064125194422325e-15,7.717893164838063e-15
efficient,20,4752,boundary,primitive,rho,dz,1.2556985730343767e-15,1.825104644690653e-15,9.50950337355247e-15
efficient,20,4752,boundary,primitive,rho,gradient,1.9974406304846855e-15,2.4945664978431e-15,1.1879866392759017e-14
efficient,20,4752,boundary,primitive,rho,value,2.9646027018289226e-16,3.954109691905272e-16,2.297424403496784e-15
efficient,20,4752,boundary,primitive,u,dx,1.4487811350767324e-16,2.5701863153125705e-16,1.4919640450519614e-15
efficient,20,4752,boundary,primitive,u,dy,1.4090164422076067e-16,2.420223634863705e-16,1.2483622398610714e-15
efficient,20,4752,boundary,primitive,u,dz,2.52269503101485e-16,3.651475746978033e-16,1.7002319767272568e-15
efficient,20,4752,boundary,primitive,u,gradient,4.2006796840857554e-16,5.079036844613521e-16,2.037177785602247e-15
efficient,20,4752,boundary,primitive,u,value,6.406225675682684e-17,8.194503265252357e-17,3.1531309681309683e-16
efficient,20,4752,boundary,primitive,v,dx,7.996008516838938e-17,1.419923406476948e-16,1.0047160713195689e-15
efficient,20,4752,boundary,primitive,v,dy,8.369622258297839e-17,1.5128786588730587e-16,1.1493284182175195e-15
efficient,20,4752,boundary,primitive,v,dz,1.557454303603305e-16,2.2247682347361464e-16,1.0849708548851377e-15
efficient,20,4752,boundary,primitive,v,gradient,2.5095123141656984e-16,3.0421337930843266e-16,1.3853165698664246e-15
efficient,20,4752,boundary,primitive,v,value,3.855703022966352e-17,4.941218218321352e-17,2.428477341095969e-16
efficient,20,4752,boundary,primitive,w,dx,4.688508701054048e-17,8.437125461181188e-17,6.672874736492543e-16
efficient,20,4752,boundary,primitive,w,dy,4.878709737535216e-17,8.775648025484907e-17,7.0099642033466e-16
efficient,20,4752,boundary,primitive,w,dz,8.088340384064151e-17,1.1821492529564717e-16,7.062649652665818e-16
efficient,20,4752,boundary,primitive,w,gradient,1.369910402029492e-16,1.6968935439250852e-16,9.974091701730054e-16
efficient,20,4752,boundary,primitive,w,value,2.115059812194767e-17,2.7423887431928545e-17,1.2813914426063056e-16
efficient,20,4752,interior,conservative,rho,dx,1.7489080874556374e-16,2.3756025307048114e-16,2.0407225985018956e-15
efficient,20,4752,interior,conservative,rho,dy,2.0327941543206772e-16,2.741541982915484e-16,1.952578444186482e-15
efficient,20,4752,interior,conservative,rho,dz,2.4196547585299997e-16,3.2300357658759423e-16,1.614172688132391e-15
efficient,20,4752,interior,conservative,rho,gradient,4.1969440372799617e-16,4.857228723955366e-16,2.05372107486024e-15
efficient,20,4752,interior,conservative,rho,mean,4.113267585717613e-16,5.33454613574997e-16,2.2369259222720927e-15
efficient,20,4752,interior,conservative,rho,value,1.6836432747797118e-16,2.23735971742269e-16,1.8602740875506285e-15
efficient,20,4752,interior,conservative,rhoE,dx,6.269370959510206e-16,7.992647155734392e-16,4.075651491644572e-15
efficient,20,4752,interior,conservative,rhoE,dy,6.864074258610853e-16,8.99144154129529e-16,4.039235851176215e-15
efficient,20,4752,interior,conservative,rhoE,dz,6.790929981400512e-16,8.836725108765991e-16,3.971825581101929e-15
efficient,20,4752,interior,conservative,rhoE,gradient,1.3407054932483295e-15,1.4927027172029091e-15,4.454516942396541e-15
efficient,20,4752,interior,conservative,rhoE,mean,1.2567921646798454e-15,1.5582105204297928e-15,5.343815667746554e-15
efficient,20,4752,interior,conservative,rhoE,value,1.3406303468769154e-15,1.6826485470297915e-15,6.130512764102036e-15
efficient,20,4752,interior,conservative,rhou,dx,6.366107604138295e-17,8.546930449943875e-17,4.987169057173342e-16
efficient,20,4752,interior,conservative,rhou,dy,6.040928254278981e-17,8.025365706023084e-17,6.27503183149667e-16
efficient,20,4752,interior,conservative,rhou,dz,7.11515447448775e-17,9.605616322436811e-17,5.6868860342411745e-16
efficient,20,4752,interior,conservative,rhou,gradient,1.329628880610443e-16,1.5156661234106066e-16,6.566588844805667e-16
efficient,20,4752,interior,conservative,rhou,mean,1.280980538490161e-16,1.6095852248389417e-16,6.150678924510267e-16
efficient,20,4752,interior,conservative,rhou,value,5.74563338122773e-17,7.221168687724712e-17,3.347474207548995e-16
efficient,20,4752,interior,conservative,rhov,dx,3.9210127797647865e-17,5.1415257152843667e-17,3.272035335684159e-16
efficient,20,4752,interior,conservative,rhov,dy,3.3725134853647674e-17,4.4240030633854026e-17,2.409364042641176e-16
efficient,20,4752,interior,conservative,rhov,dz,3.930913507112318e-17,5.0598322229556873e-17,2.393359355102806e-16
efficient,20,4752,interior,conservative,rhov,gradient,7.566750129307804e-17,8.462209635209625e-17,3.454278341128732e-16
efficient,20,4752,interior,conservative,rhov,mean,6.409154481162328e-17,8.038269737460518e-17,2.8918382445619617e-16
efficient,20,4752,interior,conservative,rhov,value,2.9167860666891526e-17,3.6698842404876184e-17,1.390218235669538e-16
efficient,20,4752,interior,conservative,rhow,dx,2.2049287383908605e-17,2.8322318554791154e-17,1.9188652623363398e-16
efficient,20,4752,interior,conservative,rhow,dy,2.1521428925547727e-17,2.945256221866556e-17,1.9813201779109516e-16
efficient,20,4752,interior,conservative,rhow,dz,2.319060509357792e-17,3.1226121415953636e-17,1.485060514773602e-16
efficient,20,4752,interior,conservative,rhow,gradient,4.5199988520155424e-17,5.142643102770512e-17,2.015424830027227e-16
efficient,20,4752,interior,conservative,rhow,mean,3.2254172388004666e-17,4.016315972796571e-17,1.596216648441784e-16
efficient,20,4752,interior,conservative,rhow,value,1.5691473297460428e-17,1.9857862303758478e-17,1.5485117528524217e-16
efficient,20,4752,interior,primitive,p,dx,2.514038900121448e-16,3.205303282767981e-16,1.6069214508291838e-15
efficient,20,4752,interior,primitive,p,dy,2.7564093050337624e-16,3.6105618478037046e-16,1.6584147012751408e-15
efficient,20,4752,interior,primitive,p,dz,2.7232853044994585e-16,3.5417281008837996e-16,1.5899096411165284e-15
efficient,20,4752,interior,primitive,p,gradient,5.377781833188397e-16,5.987817960820859e-16,1.7683724464660374e-15
efficient,20,4752,interior,primitive,p,value,5.485573571988519e-16,6.89012265548191e-16,2.3981467853206873e-15
efficient,20,4752,interior,primitive,rho,dx,1.7489080874556374e-16,2.3756025307048114e-16,2.0407225985018956e-15
efficient,20,4752,interior,primitive,rho,dy,2.0327941543206772e-16,2.741541982915484e-16,1.952578444186482e-15
efficient,20,4752,interior,primitive,rho,dz,2.4196547585299997e-16,3.2300357658759423e-16,1.614172688132391e-15
efficient,20,4752,interior,primitive,rho,gradient,4.1969440372799617e-16,4.857228723955366e-16,2.05372107486024e-15
efficient,20,4752,interior,primitive,rho,value,1.6836432747797118e-16,2.23735971742269e-16,1.8602740875506285e-15
efficient,20,4752,interior,primitive,u,dx,4.106468234550178e-17,5.542218517165591e-17,3.08009131708923e-16
efficient,20,4752,interior,primitive,u,dy,4.224468743539027e-17,5.504546835009707e-17,3.6284837405477135e-16
efficient,20,4752,interior,primitive,u,dz,4.9933091639994506e-17,6.599199779985133e-17,3.5077201356752997e-16
efficient,20,4752,interior,primitive,u,gradient,9.021774911050804e-17,1.0225735166088759e-16,3.6895367032477753e-16
efficient,20,4752,interior,primitive,u,value,3.9040676253945226e-17,4.9584761494309214e-17,3.294890402183448e-16
efficient,20,4752,interior,primitive,v,dx,2.6002582195208e-17,3.3834411823954426e-17,2.5372559591603267e-16
efficient,20,4752,interior,primitive,v,dy,2.6199280702680264e-17,3.4584501874133506e-17,2.50988567765658e-16
efficient,20,4752,interior,primitive,v,dz,3.0282947030382464e-17,3.947377340258184e-17,2.4840172914474337e-16
efficient,20,4752,interior,primitive,v,gradient,5.560338003854785e-17,6.244224515496919e-17,2.775022092214364e-16
efficient,20,4752,interior,primitive,v,value,2.2532799233215143e-17,2.873291486137284e-17,1.7265919596831658e-16
efficient,20,4752,interior,primitive,w,dx,1.4027895071816717e-17,1.8653135692886687e-17,1.3415763098822758e-16
efficient,20,4752,interior,primitive,w,dy,1.4675195338239978e-17,1.952118143660117e-17,9.600387891210488e-17
efficient,20,4752,interior,primitive,w,dz,1.6695631424617094e-17,2.185282129512309e-17,1.1091621158587205e-16
efficient,20,4752,interior,primitive,w,gradient,3.0676447726314905e-17,3.4735598374211596e-17,1.3750688777024776e-16
efficient,20,4752,interior,primitive,w,value,1.1417775731102286e-17,1.4715854448352955e-17,9.278060091044704e-17
efficient,40,33694,all,conservative,rho,dx,4.598018301761989e-16,8.265945518564811e-16,2.3121627767790087e-14
efficient,40,33694,all,conservative,rho,dy,5.012709645151244e-16,1.0182058898229465e-15,2.154128578732927e-14
efficient,40,33694,all,conservative,rho,dz,6.0273997665252e-16,1.2453545750296876e-15,2.0220661896188513e-14
efficient,40,33694,all,conservative,rho,gradient,1.112683212260207e-15,1.8085656761025654e-15,2.6368668180370382e-14
efficient,40,33694,all,conservative,rho,mean,4.1106842189250766e-16,5.338941971957595e-16,2.5654391805352006e-15
efficient,40,33694,all,conservative,rho,value,1.7331960261054838e-16,2.3390341955032433e-16,2.048057903825118e-15
efficient,40,33694,all,conservative,rhoE,dx,1.3832505544703042e-15,2.669334937671713e-15,5.157581741771039e-14
efficient,40,33694,all,conservative,rhoE,dy,1.3148474565251357e-15,2.5455867748094512e-15,5.27606861737244e-14
efficient,40,33694,all,conservative,rhoE,dz,1.810400321517815e-15,3.4806878450649116e-15,5.82008908027367e-14
efficient,40,33694,all,conservative,rhoE,gradient,3.2060739166660684e-15,5.071543050427777e-15,6.845749277060063e-14
efficient,40,33694,all,conservative,rhoE,mean,1.2324774284481847e-15,1.5409367045561351e-15,6.008214759045671e-15
efficient,40,33694,all,conservative,rhoE,value,1.3445418122791276e-15,1.7069424633531531e-15,8.428154008033317e-15
efficient,40,33694,all,conservative,rhou,dx,1.4874331088994322e-16,2.794911497215344e-16,4.7960671481466616e-15
efficient,40,33694,all,conservative,rhou,dy,1.3701500858984922e-16,2.577920270838241e-16,5.9955846507691625e-15
efficient,40,33694,all,conservative,rhou,dz,1.8209481604159864e-16,3.5683127954652325e-16,6.178390877929112e-15
efficient,40,33694,all,conservative,rhou,gradient,3.3315312191713975e-16,5.214408826161036e-16,7.673049187960574e-15
efficient,40,33694,all,conservative,rhou,mean,1.2851470841795603e-16,1.613898101389843e-16,7.013703853808728e-16
efficient,40,33694,all,conservative,rhou,value,6.053635932601891e-17,7.788703496733133e-17,6.2005522244446e-16
efficient,40,33694,all,conservative,rhov,dx,7.506544687743445e-17,1.366700418319482e-16,2.726334147657339e-15
efficient,40,33694,all,conservative,rhov,dy,7.78858911274717e-17,1.3885072920073655e-16,2.813520731225882e-15
efficient,40,33694,all,conservative,rhov,dz,9.742550276260101e-17,1.8405477562561192e-16,2.3262319940329027e-15
efficient,40,33694,all,conservative,rhov,gradient,1.7731037516335275e-16,2.680193757259297e-16,3.062428926958468e-15
efficient,40,33694,all,conservative,rhov,mean,6.330836265946922e-17,7.919970099137313e-17,3.0547396209779087e-16
efficient,40,33694,all,conservative,rhov,value,3.097279511232915e-17,3.987021625868813e-17,3.6586402310523347e-16
efficient,40,33694,all,conservative,rhow,dx,4.660094850967592e-17,8.777769838055742e-17,2.8338253815209883e-15
efficient,40,33694,all,conservative,rhow,dy,5.5028050184086366e-17,1.1656965237889482e-16,2.39397514805546e-15
efficient,40,33694,all,conservative,rhow,dz,5.852587927124216e-17,1.157779311801663e-16,2.522802083069261e-15
efficient,40,33694,all,conservative,rhow,gradient,1.1447058216835864e-16,1.8627382407918672e-16,2.9467228944748586e-15
efficient,40,33694,all,conservative,rhow,mean,3.2265296428083884e-17,4.0511433704266164e-17,2.2562247209423347e-16
efficient,40,33694,all,conservative,rhow,value,1.6430154923698125e-17,2.1748794370665527e-17,2.4822808739055624e-16
efficient,40,33694,all,primitive,p,dx,5.546078677567682e-16,1.0705645380740893e-15,2.0827440830096828e-14
efficient,40,33694,all,primitive,p,dy,5.273464402156665e-16,1.0222595311742659e-15,2.099368195154468e-14
efficient,40,33694,all,primitive,p,dz,7.246832180807134e-16,1.3938697315273688e-15,2.296656483426803e-14
efficient,40,33694,all,primitive,p,gradient,1.2849913156009593e-15,2.0332230098360074e-15,2.689703272306159e-14
efficient,40,33694,all,primitive,p,value,5.491648454852655e-16,6.961196624268526e-16,3.4878783888858678e-15
efficient,40,33694,all,primitive,rho,dx,4.598018301761989e-16,8.265945518564811e-16,2.3121627767790087e-14
efficient,40,33694,all,primitive,rho,dy,5.012709645151244e-16,1.0182058898229465e-15,2.154128578732927e-14
efficient,40,33694,all,primitive,rho,dz,6.0273997665252e-16,1.2453545750296876e-15,2.0220661896188513e-14
efficient,40,33694,all,primitive,rho,gradient,1.112683212260207e-15,1.8085656761025654e-15,2.6368668180370382e-14
efficient,40,33694,all,primitive,rho,value,1.7331960261054838e-16,2.3390341955032433e-16,2.048057903825118e-15
efficient,40,33694,all,primitive,u,dx,1.0211515251863964e-16,1.872662155539521e-16,3.701140109180819e-15
efficient,40,33694,all,primitive,u,dy,1.0242607163318471e-16,1.9623941772286547e-16,3.957304895287148e-15
efficient,40,33694,all,primitive,u,dz,1.2601524901337506e-16,2.475807993984877e-16,3.97771351887653e-15
efficient,40,33694,all,primitive,u,gradient,2.352895958682185e-16,3.672530419028586e-16,4.908498023631054e-15
efficient,40,33694,all,primitive,u,value,4.1009885344369157e-17,5.307307849853989e-17,4.0362136376204116e-16
efficient,40,33694,all,primitive,v,dx,5.798112865388701e-17,1.0038768925784766e-16,2.671142539605433e-15
efficient,40,33694,all,primitive,v,dy,6.244328864717109e-17,1.2011888385964804e-16,2.4170011034518575e-15
efficient,40,33694,all,primitive,v,dz,7.661209029005435e-17,1.5243967458155561e-16,2.3801134538736432e-15
efficient,40,33694,all,primitive,v,gradient,1.3999482403757057e-16,2.1850420774151798e-16,2.8740595459553197e-15
efficient,40,33694,all,primitive,v,value,2.3478965833898795e-17,3.0517445014763266e-17,2.4539560921493786e-16
efficient,40,33694,all,primitive,w,dx,3.235571671069891e-17,5.874366479810648e-17,1.7174773028355583e-15
efficient,40,33694,all,primitive,w,dy,3.588861890250973e-17,7.149206652513313e-17,1.8637371817554777e-15
efficient,40,33694,all,primitive,w,dz,4.134597572052933e-17,8.158756926412764e-17,1.7759676277609871e-15
efficient,40,33694,all,primitive,w,gradient,7.788557049613828e-17,1.2336314355744655e-16,2.156267242268347e-15
efficient,40,33694,all,primitive,w,value,1.2090015722043106e-17,1.5914841565370563e-17,1.9041978280634475e-16
efficient,40,33694,boundary,conservative,rho,dx,1.1740607809426086e-15,2.1072277396710558e-15,2.3121627767790087e-14
efficient,40,33694,boundary,conservative,rho,dy,1.3829490072016342e-15,2.739528035071421e-15,2.154128578732927e-14
efficient,40,33694,boundary,conservative,rho,dz,2.358417537070277e-15,3.5370046158580945e-15,2.0220661896188513e-14
efficient,40,33694,boundary,conservative,rho,gradient,3.899886838913333e-15,4.945283030766078e-15,2.6368668180370382e-14
efficient,40,33694,boundary,conservative,rho,mean,3.51832159832721e-16,4.55980515218439e-16,1.6753091969246015e-15
efficient,40,33694,boundary,conservative,rho,value,2.9748868722912204e-16,3.958349045936747e-16,2.048057903825118e-15
efficient,40,33694,boundary,conservative,rhoE,dx,3.943602285848314e-15,7.243490356888152e-15,5.157581741771039e-14
efficient,40,33694,boundary,conservative,rhoE,dy,3.721435874213894e-15,6.8642721514491535e-15,5.27606861737244e-14
efficient,40,33694,boundary,conservative,rhoE,dz,6.887025703209987e-15,9.801208253752089e-15,5.82008908027367e-14
efficient,40,33694,boundary,conservative,rhoE,gradient,1.1527096562464288e-14,1.3987496843714036e-14,6.845749277060063e-14
efficient,40,33694,boundary,conservative,rhoE,mean,1.1514280180873823e-15,1.4283314007707885e-15,4.967814354328581e-15
efficient,40,33694,boundary,conservative,rhoE,value,1.6526088808858337e-15,2.0662539549895374e-15,8.428154008033317e-15
efficient,40,33694,boundary,conservative,rhou,dx,4.14190903846535e-16,7.422880946840112e-16,4.7960671481466616e-15
efficient,40,33694,boundary,conservative,rhou,dy,3.782786068618011e-16,6.820659106945834e-16,5.9955846507691625e-15
efficient,40,33694,boundary,conservative,rhou,dz,7.012802004599761e-16,1.0081820414079508e-15,6.178390877929112e-15
efficient,40,33694,boundary,conservative,rhou,gradient,1.1756892458162745e-15,1.4257056325408674e-15,7.673049187960574e-15
efficient,40,33694,boundary,conservative,rhou,mean,1.0919301518090212e-16,1.368000176649318e-16,5.06810305528349e-16
efficient,40,33694,boundary,conservative,rhou,value,9.640552904369278e-17,1.2303309936425925e-16,6.2005522244446e-16
efficient,40,33694,boundary,conservative,rhov,dx,1.9764028186479277e-16,3.5668911077983145e-16,2.726334147657339e-15
efficient,40,33694,boundary,conservative,rhov,dy,1.970380909384603e-16,3.594486361597435e-16,2.813520731225882e-15
efficient,40,33694,boundary,conservative,rhov,dz,3.5920374292534376e-16,5.142561555994097e-16,2.3262319940329027e-15
efficient,40,33694,boundary,conservative,rhov,gradient,5.97332900790025e-16,7.217269825618901e-16,3.062428926958468e-15
efficient,40,33694,boundary,conservative,rhov,mean,5.50201222704741e-17,6.877055722701427e-17,2.657921625848214e-16
efficient,40,33694,boundary,conservative,rhov,value,4.861687186190754e-17,6.242738243130663e-17,3.6586402310523347e-16
efficient,40,33694,boundary,conservative,rhow,dx,1.2318475503699999e-16,2.3165589962870817e-16,2.8338253815209883e-15
efficient,40,33694,boundary,conservative,rhow,dy,1.5741448354031975e-16,3.179454943855719e-16,2.39397514805546e-15
efficient,40,33694,boundary,conservative,rhow,dz,2.2112409392172827e-16,3.2723471326991363e-16,2.522802083069261e-15
efficient,40,33694,boundary,conservative,rhow,gradient,4.0105346559298127e-16,5.116994731301904e-16,2.9467228944748586e-15
efficient,40,33694,boundary,conservative,rhow,mean,2.9481293780670014e-17,3.7864300785951114e-17,2.2562247209423347e-16
efficient,40,33694,boundary,conservative,rhow,value,2.8863953939963245e-17,3.788011569712226e-17,2.4822808739055624e-16
efficient,40,33694,boundary,primitive,p,dx,1.5835269955065898e-15,2.906042354892545e-15,2.0827440830096828e-14
efficient,40,33694,boundary,primitive,p,dy,1.4944693712726678e-15,2.7578848642480582e-15,2.099368195154468e-14
efficient,40,33694,boundary,primitive,p,dz,2.756820361825049e-15,3.9248134017224495e-15,2.296656483426803e-14
efficient,40,33694,boundary,primitive,p,gradient,4.622822352570599e-15,5.608491003043338e-15,2.689703272306159e-14
efficient,40,33694,boundary,primitive,p,value,6.702881633734523e-16,8.388990485441756e-16,3.4878783888858678e-15
efficient,40,33694,boundary,primitive,rho,dx,1.1740607809426086e-15,2.1072277396710558e-15,2.3121627767790087e-14
efficient,40,33694,boundary,primitive,rho,dy,1.3829490072016342e-15,2.739528035071421e-15,2.154128578732927e-14
efficient,40,33694,boundary,primitive,rho,dz,2.358417537070277e-15,3.5370046158580945e-15,2.0220661896188513e-14
efficient,40,33694,boundary,primitive,rho,gradient,3.899886838913333e-15,4.945283030766078e-15,2.6368668180370382e-14
efficient,40,33694,boundary,primitive,rho,value,2.9748868722912204e-16,3.958349045936747e-16,2.048057903825118e-15
efficient,40,33694,boundary,primitive,u,dx,2.752478932038391e-16,4.912129167153161e-16,3.701140109180819e-15
efficient,40,33694,boundary,primitive,u,dy,2.79079487599751e-16,5.222809714276043e-16,3.957304895287148e-15
efficient,40,33694,boundary,primitive,u,dz,4.869042831337914e-16,6.995881970950294e-16,3.97771351887653e-15
efficient,40,33694,boundary,primitive,u,gradient,8.23603150947827e-16,1.0017440731933504e-15,4.908498023631054e-15
efficient,40,33694,boundary,primitive,u,value,6.735686673533453e-17,8.535706130523377e-17,4.0362136376204116e-16
efficient,40,33694,boundary,primitive,v,dx,1.472681948090305e-16,2.552086274816097e-16,2.671142539605433e-15
efficient,40,33694,boundary,primitive,v,dy,1.6912871200019275e-16,3.208564110254735e-16,2.4170011034518575e-15
efficient,40,33694,boundary,primitive,v,dz,2.950303792853464e-16,4.31729746519592e-16,2.3801134538736432e-15
efficient,40,33694,boundary,primitive,v,gradient,4.8479102826457715e-16,5.953745493948041e-16,2.8740595459553197e-15
efficient,40,33694,boundary,primitive,v,value,3.816756152849999e-17,4.887793284022461e-17,2.4539560921493786e-16
efficient,40,33694,boundary,primitive,w,dx,8.452582216152847e-17,1.529299442146433e-16,1.7174773028355583e-15
efficient,40,33694,boundary,primitive,w,dy,9.846587414066606e-17,1.923674741100915e-16,1.8637371817554777e-15
efficient,40,33694,boundary,primitive,w,dz,1.5541206804615973e-16,2.2990683660562067e-16,1.7759676277609871e-15
efficient,40,33694,boundary,primitive,w,gradient,2.681396381854613e-16,3.3652632356324545e-16,2.156267242268347e-15
efficient,40,33694,boundary,primitive,w,value,2.0488762076343834e-17,2.661880885907214e-17,1.9041978280634475e-16
efficient,40,33694,interior,conservative,rho,dx,3.7828848353091327e-16,5.044615413988442e-16,3.966116579037435e-15
efficient,40,33694,interior,conservative,rho,dy,4.0065125531032307e-16,5.46411050295089e-16,4.113876394488264e-15
efficient,40,33694,interior,conservative,rho,dz,4.023768542497558e-16,5.478851602460804e-16,4.143828750052597e-15
efficient,40,33694,interior,conservative,rho,gradient,7.945992804500566e-16,9.23701592210901e-16,4.338030458396224e-15
efficient,40,33694,interior,conservative,rho,mean,4.1782863953915665e-16,5.420744621284298e-16,2.5654391805352006e-15
efficient,40,33694,interior,conservative,rho,value,1.591490589634836e-16,2.075407962015536e-16,1.620448566996835e-15
efficient,40,33694,interior,conservative,rhoE,dx,1.0910556327409605e-15,1.3966724715017668e-15,9.433287348958527e-15
efficient,40,33694,interior,conservative,rhoE,dy,1.0402004595038151e-15,1.3572980515892586e-15,1.0296640927040523e-14
efficient,40,33694,interior,conservative,rhoE,dz,1.2310407992015783e-15,1.5920857332573035e-15,8.886107453164038e-15
efficient,40,33694,interior,conservative,rhoE,gradient,2.256454170714803e-15,2.515489808275975e-15,1.1383811929277774e-14
efficient,40,33694,interior,conservative,rhoE,mean,1.2417270271757055e-15,1.5532686659616813e-15,6.008214759045671e-15
efficient,40,33694,interior,conservative,rhoE,value,1.3093842861096674e-15,1.6610027227482497e-15,6.8573619005363184e-15
efficient,40,33694,interior,conservative,rhou,dx,1.1844964549364674e-16,1.554003140350674e-16,1.2427735164750875e-15
efficient,40,33694,interior,conservative,rhou,dy,1.0948129228467952e-16,1.447390040287258e-16,1.1026954428229076e-15
efficient,40,33694,interior,conservative,rhou,dz,1.2284384247262913e-16,1.6081528416080336e-16,9.932884321908059e-16
efficient,40,33694,interior,conservative,rhou,gradient,2.370004043979931e-16,2.663835439908873e-16,1.4617088453864054e-15
efficient,40,33694,interior,conservative,rhou,mean,1.3071975726881773e-16,1.6396179123184873e-16,7.013703853808728e-16
efficient,40,33694,interior,conservative,rhou,value,5.644286345601511e-17,7.093101567664383e-17,3.828317871046316e-16
efficient,40,33694,interior,conservative,rhov,dx,6.1076843719445e-17,7.931477183136646e-17,5.975959320897754e-16
efficient,40,33694,interior,conservative,rhov,dy,6.428788923149283e-17,8.206519211459383e-17,5.279590241553944e-16
efficient,40,33694,interior,conservative,rhov,dz,6.755059477344407e-17,8.695584524706329e-17,5.29443025878984e-16
efficient,40,33694,interior,conservative,rhov,gradient,1.2937616069743976e-16,1.4348117580399922e-16,6.321509499593906e-16
efficient,40,33694,interior,conservative,rhov,mean,6.425424119719328e-17,8.030384514087297e-17,3.0547396209779087e-16
efficient,40,33694,interior,conservative,rhov,value,2.8959200823057344e-17,3.641827010480052e-17,1.894643296418419e-16
efficient,40,33694,interior,conservative,rhow,dx,3.786097771591985e-17,4.959724281783321e-17,5.075230837534635e-16
efficient,40,33694,interior,conservative,rhow,dy,4.33434072055337e-17,6.00218903984252e-17,6.59270730319966e-16
efficient,40,33694,interior,conservative,rhow,dz,3.996968950212856e-17,5.209333309257349e-17,3.477917281426157e-16
efficient,40,33694,interior,conservative,rhow,gradient,8.176489483447148e-17,9.368153059608648e-17,6.615487263776879e-16
efficient,40,33694,interior,conservative,rhow,mean,3.258301505466372e-17,4.0802615898774204e-17,2.010652928874368e-16
efficient,40,33694,interior,conservative,rhow,value,1.501117295890347e-17,1.90587503918436e-17,1.5941837693683736e-16
efficient,40,33694,interior,primitive,p,dx,4.3718456988945894e-16,5.595783521755068e-16,3.760113084067505e-15
efficient,40,33694,interior,primitive,p,dy,4.1697550731623997e-16,5.443009932705276e-16,4.113180133405621e-15
efficient,40,33694,interior,primitive,p,dz,4.927697093300716e-16,6.376761289429475e-16,3.578714202149419e-15
efficient,40,33694,interior,primitive,p,gradient,9.040681531149262e-16,1.007979339531521e-15,4.525975012117837e-15
efficient,40,33694,interior,primitive,p,value,5.353418937571065e-16,6.779161937593814e-16,2.8376823460463108e-15
efficient,40,33694,interior,primitive,rho,dx,3.7828848353091327e-16,5.044615413988442e-16,3.966116579037435e-15
efficient,40,33694,interior,primitive,rho,dy,4.0065125531032307e-16,5.46411050295089e-16,4.113876394488264e-15
efficient,40,33694,interior,primitive,rho,dz,4.023768542497558e-16,5.478851602460804e-16,4.143828750052597e-15
efficient,40,33694,interior,primitive,rho,gradient,7.945992804500566e-16,9.23701592210901e-16,4.338030458396224e-15
efficient,40,33694,interior,primitive,rho,value,1.591490589634836e-16,2.075407962015536e-16,1.620448566996835e-15
efficient,40,33694,interior,primitive,u,dx,8.235673144183275e-17,1.0739659160311904e-16,7.463427526823926e-16
efficient,40,33694,interior,primitive,u,dy,8.226586066725187e-17,1.0851086468177286e-16,8.403172465319946e-16
efficient,40,33694,interior,primitive,u,dz,8.482952371420413e-17,1.1152168518428812e-16,7.764367745071539e-16
efficient,40,33694,interior,primitive,u,gradient,1.6814951074941497e-16,1.8906539056182812e-16,8.981373632626588e-16
efficient,40,33694,interior,primitive,u,value,3.800308980491622e-17,4.802840247914457e-17,3.4222841574504947e-16
efficient,40,33694,interior,primitive,v,dx,4.779142425237359e-17,6.160187136260061e-17,3.512764216876199e-16
efficient,40,33694,interior,primitive,v,dy,5.02680321992922e-17,6.577498458168298e-17,4.676422314978893e-16
efficient,40,33694,interior,primitive,v,dz,5.1685548332912373e-17,6.795868498977283e-17,4.741859845319024e-16
efficient,40,33694,interior,primitive,v,gradient,1.00645660142632e-16,1.1286949108432355e-16,5.491975170260761e-16
efficient,40,33694,interior,primitive,v,value,2.1802659794888975e-17,2.765778530136941e-17,1.772535026742239e-16
efficient,40,33694,interior,primitive,w,dx,2.640190978175315e-17,3.428669187838439e-17,2.5511552404291777e-16
efficient,40,33694,interior,primitive,w,dy,2.874711722043066e-17,3.835704713619906e-17,3.3286086662312735e-16
efficient,40,33694,interior,primitive,w,dz,2.8328415472617333e-17,3.7201876994745265e-17,2.3215309611756413e-16
efficient,40,33694,interior,primitive,w,gradient,5.617321287906572e-17,6.348873881960502e-17,3.377336102585319e-16
efficient,40,33694,interior,primitive,w,value,1.113152591630895e-17,1.4188883564305425e-17,8.794912497930851e-17
efficient,80,252780,all,conservative,rho,dx,7.851329630582812e-16,1.3290089582742124e-15,5.760988203411949e-14
efficient,80,252780,all,conservative,rho,dy,8.164381638878487e-16,1.4963861707766493e-15,4.318133646334134e-14
efficient,80,252780,all,conservative,rho,dz,9.728162310301155e-16,1.820122981871938e-15,3.756704962300933e-14
efficient,80,252780,all,conservative,rho,gradient,1.7877108508028074e-15,2.705232716866168e-15,5.791315884910341e-14
efficient,80,252780,all,conservative,rho,mean,3.9897427969883753e-16,5.187119359222829e-16,2.817624605855329e-15
efficient,80,252780,all,conservative,rho,value,1.637095935107658e-16,2.1700182194759425e-16,2.5999168096202396e-15
efficient,80,252780,all,conservative,rhoE,dx,2.188685650072425e-15,3.7868177217616375e-15,1.3121463854462658e-13
efficient,80,252780,all,conservative,rhoE,dy,2.1557696260683993e-15,3.5450972495720446e-15,1.007921663273288e-13
efficient,80,252780,all,conservative,rhoE,dz,2.7196521628248134e-15,5.262530924541637e-15,1.1904227468139891e-13
efficient,80,252780,all,conservative,rhoE,gradient,4.917514373531664e-15,7.389312193873551e-15,1.5875097990755134e-13
efficient,80,252780,all,conservative,rhoE,mean,1.2348549630577969e-15,1.5357091239281441e-15,7.601558271730369e-15
efficient,80,252780,all,conservative,rhoE,value,1.3726751117756726e-15,1.7135197993905954e-15,8.997576989022704e-15
efficient,80,252780,all,conservative,rhou,dx,2.92040739008066e-16,4.794502376270074e-16,1.1857578864987403e-14
efficient,80,252780,all,conservative,rhou,dy,2.9239754384658993e-16,4.708529111268965e-16,1.2459225308630948e-14
efficient,80,252780,all,conservative,rhou,dz,3.259383527402027e-16,5.726795325496973e-16,1.0656449088089362e-14
efficient,80,252780,all,conservative,rhou,gradient,6.294855242756312e-16,8.82913835704598e-16,1.491646682777525e-14
efficient,80,252780,all,conservative,rhou,mean,1.279699321664207e-16,1.600951139190642e-16,7.266322959997851e-16
efficient,80,252780,all,conservative,rhou,value,5.832826936939315e-17,7.4195948636942e-17,6.084000490902408e-16
efficient,80,252780,all,conservative,rhov,dx,1.3481070312433648e-16,2.401448546158921e-16,1.1414407627093927e-14
efficient,80,252780,all,conservative,rhov,dy,1.3464016219606767e-16,2.26773428748866e-16,8.290363770371671e-15
efficient,80,252780,all,conservative,rhov,dz,1.5877194368399937e-16,2.86176041993739e-16,6.921485682775258e-15
efficient,80,252780,all,conservative,rhov,gradient,2.9755619358044095e-16,4.3702684836999106e-16,1.1910390204069359e-14
efficient,80,252780,all,conservative,rhov,mean,6.363850259605156e-17,7.98605424656208e-17,4.2782617726278005e-16
efficient,80,252780,all,conservative,rhov,value,2.980766595528633e-17,3.7859883528803214e-17,3.972516759986888e-16
efficient,80,252780,all,conservative,rhow,dx,8.807003675014252e-17,1.5325157852872145e-16,5.22699161311182e-15
efficient,80,252780,all,conservative,rhow,dy,8.734240500017013e-17,1.6591321903780686e-16,6.495455215360657e-15
efficient,80,252780,all,conservative,rhow,dz,9.484895269063999e-17,1.885517773797105e-16,6.114497065135352e-15
efficient,80,252780,all,conservative,rhow,gradient,1.8890251538411426e-16,2.942193320060393e-16,7.904824420293012e-15
efficient,80,252780,all,conservative,rhow,mean,3.301868249210626e-17,4.148101800109241e-17,3.0262793139501643e-16
efficient,80,252780,all,conservative,rhow,value,1.5718719155134e-17,2.036102308324306e-17,2.990771692801264e-16
efficient,80,252780,all,primitive,p,dx,8.76787129239498e-16,1.5170745339532309e-15,5.359525365473131e-14
efficient,80,252780,all,primitive,p,dy,8.639679343379914e-16,1.4211380867973044e-15,4.0095602000999263e-14
efficient,80,252780,all,primitive,p,dz,1.0893100066737234e-15,2.1076526741620926e-15,4.755649541700324e-14
efficient,80,252780,all,primitive,p,gradient,1.970065767060919e-15,2.9602953228044554e-15,6.426278622574295e-14
efficient,80,252780,all,primitive,p,value,5.588189502051459e-16,6.97808210206012e-16,3.610176393942233e-15
efficient,80,252780,all,primitive,rho,dx,7.851329630582812e-16,1.3290089582742124e-15,5.760988203411949e-14
efficient,80,252780,all,primitive,rho,dy,8.164381638878487e-16,1.4963861707766493e-15,4.318133646334134e-14
efficient,80,252780,all,primitive,rho,dz,9.728162310301155e-16,1.820122981871938e-15,3.756704962300933e-14
efficient,80,252780,all,primitive,rho,gradient,1.7877108508028074e-15,2.705232716866168e-15,5.791315884910341e-14
efficient,80,252780,all,primitive,rho,value,1.637095935107658e-16,2.1700182194759425e-16,2.5999168096202396e-15
efficient,80,252780,all,primitive,u,dx,1.8642222655671513e-16,3.053568105434413e-16,9.90662333592786e-15
efficient,80,252780,all,primitive,u,dy,1.8879181516249428e-16,3.1399805671585996e-16,8.943744021818194e-15
efficient,80,252780,all,primitive,u,dz,2.1568784018391573e-16,3.859511130236194e-16,7.477135696284053e-15
efficient,80,252780,all,primitive,u,gradient,4.092969658411366e-16,5.837772032297679e-16,1.0310567440586909e-14
efficient,80,252780,all,primitive,u,value,3.920750593218052e-17,4.99199276342125e-17,4.2896458954388983e-16
efficient,80,252780,all,primitive,v,dx,1.014952608891851e-16,1.7194648862882737e-16,7.119128433160195e-15
efficient,80,252780,all,primitive,v,dy,1.0400347267256765e-16,1.8169796589169136e-16,4.776277335064808e-15
efficient,80,252780,all,primitive,v,dz,1.2374432216251515e-16,2.247512753470982e-16,4.872268190845349e-15
efficient,80,252780,all,primitive,v,gradient,2.2857499537377736e-16,3.362928508474551e-16,8.427675473966724e-15
efficient,80,252780,all,primitive,v,value,2.2333703136534992e-17,2.863770014145331e-17,2.763631337665551e-16
efficient,80,252780,all,primitive,w,dx,5.781196479703893e-17,9.80735999661333e-17,2.833943754375367e-15
efficient,80,252780,all,primitive,w,dy,5.830995039333678e-17,1.0666796967387531e-16,4.083040583559945e-15
efficient,80,252780,all,primitive,w,dz,6.739125743697902e-17,1.2847884416201432e-16,3.723794640629846e-15
efficient,80,252780,all,primitive,w,gradient,1.2773324908990467e-16,1.9365768810421943e-16,4.085228954587115e-15
efficient,80,252780,all,primitive,w,value,1.152075540878489e-17,1.493336186730843e-17,1.765419949985303e-16
efficient,80,252780,boundary,conservative,rho,dx,2.3403333898694235e-15,4.2958948078988915e-15,5.760988203411949e-14
efficient,80,252780,boundary,conservative,rho,dy,2.699501791757751e-15,5.198666317734688e-15,4.318133646334134e-14
efficient,80,252780,boundary,conservative,rho,dz,4.505371425574646e-15,6.679912704471228e-15,3.756704962300933e-14
efficient,80,252780,boundary,conservative,rho,gradient,7.58744087573785e-15,9.49221140846736e-15,5.791315884910341e-14
efficient,80,252780,boundary,conservative,rho,mean,3.5527465155241683e-16,4.610157768610292e-16,1.9565512404673413e-15
efficient,80,252780,boundary,conservative,rho,value,2.937664187826769e-16,3.909954698784498e-16,2.5999168096202396e-15
efficient,80,252780,boundary,conservative,rhoE,dx,7.370740220054118e-15,1.2739837777554082e-14,1.3121463854462658e-13
efficient,80,252780,boundary,conservative,rhoE,dy,6.874841011913809e-15,1.1507237112057665e-14,1.007921663273288e-13
efficient,80,252780,boundary,conservative,rhoE,dz,1.3276031294073084e-14,1.9693461386133978e-14,1.1904227468139891e-13
efficient,80,252780,boundary,conservative,rhoE,gradient,2.1744395783897728e-14,2.6125703701884505e-14,1.5875097990755134e-13
efficient,80,252780,boundary,conservative,rhoE,mean,1.1347754562364552e-15,1.4176702525073535e-15,5.560222421374661e-15
efficient,80,252780,boundary,conservative,rhoE,value,1.632784438666338e-15,2.056857085490708e-15,8.997576989022704e-15
efficient,80,252780,boundary,conservative,rhou,dx,8.293002887374776e-16,1.5481857556615437e-15,1.1857578864987403e-14
efficient,80,252780,boundary,conservative,rhou,dy,7.954157687396491e-16,1.4852786682670337e-15,1.2459225308630948e-14
efficient,80,252780,boundary,conservative,rhou,dz,1.4112074855596234e-15,2.048994008980841e-15,1.0656449088089362e-14
efficient,80,252780,boundary,conservative,rhou,gradient,2.4483957306556145e-15,2.96669990145309e-15,1.491646682777525e-14
efficient,80,252780,boundary,conservative,rhou,mean,1.089786697336301e-16,1.3597014811165937e-16,5.677424676220344e-16
efficient,80,252780,boundary,conservative,rhou,value,9.487969386107574e-17,1.2083494424263972e-16,6.084000490902408e-16
efficient,80,252780,boundary,conservative,rhov,dx,4.3333391559939483e-16,8.302505164967565e-16,1.1414407627093927e-14
efficient,80,252780,boundary,conservative,rhov,dy,4.116755555735371e-16,7.506156395257973e-16,8.290363770371671e-15
efficient,80,252780,boundary,conservative,rhov,dz,7.211502782597715e-16,1.0427951308328403e-15,6.921485682775258e-15
efficient,80,252780,boundary,conservative,rhov,gradient,1.2537726108589496e-15,1.5297586225717223e-15,1.1910390204069359e-14
efficient,80,252780,boundary,conservative,rhov,mean,5.4837904879710116e-17,6.853354542641013e-17,4.215920147709884e-16
efficient,80,252780,boundary,conservative,rhov,value,4.911632566608157e-17,6.258357470507318e-17,3.972516759986888e-16
efficient,80,252780,boundary,conservative,rhow,dx,2.6168717872108537e-16,5.091812338405295e-16,5.22699161311182e-15
efficient,80,252780,boundary,conservative,rhow,dy,2.895831892782307e-16,5.856270539069099e-16,6.495455215360657e-15
efficient,80,252780,boundary,conservative,rhow,dz,4.618664645202032e-16,7.128664206713752e-16,6.114497065135352e-15
efficient,80,252780,boundary,conservative,rhow,gradient,8.232521538081021e-16,1.05375666492975e-15,7.904824420293012e-15
efficient,80,252780,boundary,conservative,rhow,mean,2.9425522904729016e-17,3.761642373475625e-17,2.1721990525747081e-16
efficient,80,252780,boundary,conservative,rhow,value,2.9574353523913134e-17,3.877805419044131e-17,2.990771692801264e-16
efficient,80,252780,boundary,primitive,p,dx,2.9517732527992832e-15,5.104173751492855e-15,5.359525365473131e-14
efficient,80,252780,boundary,primitive,p,dy,2.7559004815241826e-15,4.614888230077409e-15,4.0095602000999263e-14
efficient,80,252780,boundary,primitive,p,dz,5.317415007625642e-15,7.887028925891125e-15,4.755649541700324e-14
efficient,80,252780,boundary,primitive,p,gradient,8.71119765608547e-15,1.046685283833583e-14,6.426278622574295e-14
efficient,80,252780,boundary,primitive,p,value,6.613755772656193e-16,8.330747789874014e-16,3.610176393942233e-15
efficient,80,252780,boundary,primitive,rho,dx,2.3403333898694235e-15,4.2958948078988915e-15,5.760988203411949e-14
efficient,80,252780,boundary,primitive,rho,dy,2.699501791757751e-15,5.198666317734688e-15,4.318133646334134e-14
efficient,80,252780,boundary,primitive,rho,dz,4.505371425574646e-15,6.679912704471228e-15,3.756704962300933e-14
efficient,80,252780,boundary,primitive,rho,gradient,7.58744087573785e-15,9.49221140846736e-15,5.791315884910341e-14
efficient,80,252780,boundary,primitive,rho,value,2.937664187826769e-16,3.909954698784498e-16,2.5999168096202396e-15
efficient,80,252780,boundary,primitive,u,dx,5.393439653792037e-16,9.836752951427048e-16,9.90662333592786e-15
efficient,80,252780,boundary,primitive,u,dy,5.510733265619748e-16,1.0257162433622801e-15,8.943744021818194e-15
efficient,80,252780,boundary,primitive,u,dz,9.594156366424655e-16,1.3968951416945558e-15,7.477135696284053e-15
efficient,80,252780,boundary,primitive,u,gradient,1.6430777146010262e-15,1.992743569820555e-15,1.0310567440586909e-14
efficient,80,252780,boundary,primitive,u,value,6.427931488367423e-17,8.140123963025971e-17,4.2896458954388983e-16
efficient,80,252780,boundary,primitive,v,dx,3.1121330991080037e-16,5.689208761635914e-16,7.119128433160195e-15
efficient,80,252780,boundary,primitive,v,dy,3.3313942938849335e-16,6.172883580272146e-16,4.776277335064808e-15
efficient,80,252780,boundary,primitive,v,dz,5.652014680185186e-16,8.192842415815444e-16,4.872268190845349e-15
efficient,80,252780,boundary,primitive,v,gradient,9.63219660316133e-16,1.1730057752605182e-15,8.427675473966724e-15
efficient,80,252780,boundary,primitive,v,value,3.840846652171753e-17,4.879658850819181e-17,2.763631337665551e-16
efficient,80,252780,boundary,primitive,w,dx,1.716641373865399e-16,3.2124716394351726e-16,2.833943754375367e-15
efficient,80,252780,boundary,primitive,w,dy,1.9180483598018529e-16,3.712776761333995e-16,4.083040583559945e-15
efficient,80,252780,boundary,primitive,w,dz,3.1596688116620547e-16,4.778374709918256e-16,3.723794640629846e-15
efficient,80,252780,boundary,primitive,w,gradient,5.455409938762256e-16,6.851098465360387e-16,4.085228954587115e-15
efficient,80,252780,boundary,primitive,w,value,2.074866758180913e-17,2.6921952047478735e-17,1.765419949985303e-16
efficient,80,252780,interior,conservative,rho,dx,6.997526803025019e-16,9.219931765013408e-16,1.1390509439520094e-14
efficient,80,252780,interior,conservative,rho,dy,7.130582379163e-16,9.372144845956268e-16,9.891254346616404e-15
efficient,80,252780,interior,conservative,rho,dz,7.788794521037748e-16,1.022263730826305e-15,8.621948370101523e-15
efficient,80,252780,interior,conservative,rho,gradient,1.4693064953902377e-15,1.6653724937724293e-15,1.1712088022393796e-14
efficient,80,252780,interior,conservative,rho,mean,4.0137338308329493e-16,5.216947102685861e-16,2.817624605855329e-15
efficient,80,252780,interior,conservative,rho,value,1.5656949225783503e-16,2.0317987802813557e-16,1.8332774534557394e-15
efficient,80,252780,interior,conservative,rhoE,dx,1.9041915894913527e-15,2.4933540669754543e-15,1.9942001609069004e-14
efficient,80,252780,interior,conservative,rhoE,dy,1.896693276601115e-15,2.4470457422485697e-15,2.7835635475737495e-14
efficient,80,252780,interior,conservative,rhoE,dz,2.140108446423372e-15,2.8147284456603154e-15,2.2068833576988772e-14
efficient,80,252780,interior,conservative,rhoE,gradient,3.993720971763557e-15,4.48637309981785e-15,2.947357840795549e-14
efficient,80,252780,interior,conservative,rhoE,mean,1.2403493137814586e-15,1.5419278027062564e-15,7.601558271730369e-15
efficient,80,252780,interior,conservative,rhoE,value,1.3583951466377693e-15,1.692655202481639e-15,7.755081299354316e-15
efficient,80,252780,interior,conservative,rhou,dx,2.625452659627069e-16,3.3302278496783136e-16,2.1301955357533146e-15
efficient,80,252780,interior,conservative,rhou,dy,2.64781914676052e-16,3.358004113994953e-16,2.5540567517899973e-15
efficient,80,252780,interior,conservative,rhou,dz,2.6635723134336737e-16,3.3981853180094596e-16,2.2902127649838608e-15
efficient,80,252780,interior,conservative,rhou,gradient,5.296276120407859e-16,5.823596192724489e-16,2.58932575293058e-15
efficient,80,252780,interior,conservative,rhou,mean,1.2901254977920534e-16,1.6131513031518877e-16,7.266322959997851e-16
efficient,80,252780,interior,conservative,rhou,value,5.632160135128786e-17,7.075074004377054e-17,4.4072818311535755e-16
efficient,80,252780,interior,conservative,rhov,dx,1.1842182111859666e-16,1.5163197278703022e-16,2.1183929786662732e-15
efficient,80,252780,interior,conservative,rhov,dy,1.194309584097578e-16,1.5270098111831682e-16,1.52978512493805e-15
efficient,80,252780,interior,conservative,rhov,dz,1.2789745291481919e-16,1.6338160699211598e-16,1.3898099657889615e-15
efficient,80,252780,interior,conservative,rhov,gradient,2.4506004795478484e-16,2.701914030999312e-16,2.2417916191556595e-15
efficient,80,252780,interior,conservative,rhov,mean,6.412165416191314e-17,8.043621811806982e-17,4.2782617726278005e-16
efficient,80,252780,interior,conservative,rhov,value,2.8747623276978474e-17,3.6014388085598146e-17,3.1165391448095825e-16
efficient,80,252780,interior,conservative,rhow,dx,7.853848029145242e-17,1.0267320090617855e-16,1.4409169692109706e-15
efficient,80,252780,interior,conservative,rhow,dy,7.623941464038901e-17,1.0104470517547712e-16,1.5273473641158521e-15
efficient,80,252780,interior,conservative,rhow,dz,7.469974336937898e-17,9.800321749610776e-17,1.2336526656990532e-15
efficient,80,252780,interior,conservative,rhow,gradient,1.5407681024608044e-16,1.7423102269087738e-16,1.6221316661182412e-15
efficient,80,252780,interior,conservative,rhow,mean,3.3215946443600046e-17,4.1682809606241595e-17,3.0262793139501643e-16
efficient,80,252780,interior,conservative,rhow,value,1.4958046794342187e-17,1.8835503437600078e-17,1.5726352511902242e-16
efficient,80,252780,interior,primitive,p,dx,7.628706854875383e-16,9.987915294420747e-16,8.036461409267458e-15
efficient,80,252780,interior,primitive,p,dy,7.601011059544404e-16,9.804581367141566e-16,1.0746091855446706e-14
efficient,80,252780,interior,primitive,p,dz,8.571876420710966e-16,1.1273942931424114e-15,8.88294738499607e-15
efficient,80,252780,interior,primitive,p,gradient,1.599978582890648e-15,1.7971924129998742e-15,1.1407672289601511e-14
efficient,80,252780,interior,primitive,p,value,5.531886059318706e-16,6.896142287103218e-16,3.327199626923516e-15
efficient,80,252780,interior,primitive,rho,dx,6.997526803025019e-16,9.219931765013408e-16,1.1390509439520094e-14
efficient,80,252780,interior,primitive,rho,dy,7.130582379163e-16,9.372144845956268e-16,9.891254346616404e-15
efficient,80,252780,interior,primitive,rho,dz,7.788794521037748e-16,1.022263730826305e-15,8.621948370101523e-15
efficient,80,252780,interior,primitive,rho,gradient,1.4693064953902377e-15,1.6653724937724293e-15,1.1712088022393796e-14
efficient,80,252780,interior,primitive,rho,value,1.5656949225783503e-16,2.0317987802813557e-16,1.8332774534557394e-15
efficient,80,252780,interior,primitive,u,dx,1.670468731734151e-16,2.126963951187794e-16,2.3154687463721423e-15
efficient,80,252780,interior,primitive,u,dy,1.6890261159282807e-16,2.1505305867793724e-16,2.1377824098618714e-15
efficient,80,252780,interior,primitive,u,dz,1.7485728969006756e-16,2.2362709033092343e-16,1.7077844401223313e-15
efficient,80,252780,interior,primitive,u,gradient,3.415625778023194e-16,3.7616040471205247e-16,2.39324806548626e-15
efficient,80,252780,interior,primitive,u,value,3.783106717832408e-17,4.7592375784151607e-17,2.5790459177998937e-16
efficient,80,252780,interior,primitive,v,dx,8.998176975597422e-17,1.1584149498269308e-16,1.4221304137155806e-15
efficient,80,252780,interior,primitive,v,dy,9.14239411622555e-17,1.179292632545724e-16,1.2769955533682925e-15
efficient,80,252780,interior,primitive,v,dz,9.950838749586151e-17,1.2820316259595535e-16,1.0653311254536259e-15
efficient,80,252780,interior,primitive,v,gradient,1.88243107511312e-16,2.0919515766670254e-16,1.6244189074209773e-15
efficient,80,252780,interior,primitive,v,value,2.145120090762741e-17,2.7100180532090222e-17,1.6433794429449033e-16
efficient,80,252780,interior,primitive,w,dx,5.156149667700166e-17,6.693900512257564e-17,8.288119450698803e-16
efficient,80,252780,interior,primitive,w,dy,5.098110011696027e-17,6.65952135533819e-17,7.429461505639029e-16
efficient,80,252780,interior,primitive,w,dz,5.374449096603992e-17,6.98414253617616e-17,7.561571116839914e-16
efficient,80,252780,interior,primitive,w,gradient,1.0479566318623008e-16,1.1744606239284166e-16,8.393664621697881e-16
efficient,80,252780,interior,primitive,w,value,1.1014144339886416e-17,1.398060460729507e-17,1.0291789122318651e-16
traditional,10,745,all,conservative,rho,dx,9.630466932564622e-15,1.917849090757369e-14,1.1686281486240034e-13
traditional,10,745,all,conservative,rho,dy,9.73184927261061e-15,1.931779177414122e-14,1.1289411059770904e-13
traditional,10,745,all,conservative,rho,dz,1.4762758065541685e-14,2.3584927528564103e-14,8.761667132377478e-14
traditional,10,745,all,conservative,rho,gradient,2.6111105954534798e-14,3.6017223644370285e-14,1.3040279671960958e-13
traditional,10,745,all,conservative,rho,mean,1.2711045169948571e-14,1.5194527124046038e-14,3.046282844032522e-14
traditional,10,745,all,conservative,rho,value,1.676942283020182e-14,1.980396570841983e-14,4.216310460491979e-14
traditional,10,745,all,conservative,rhoE,dx,2.3712878569289175e-14,4.712575671295022e-14,2.9445862387940044e-13
traditional,10,745,all,conservative,rhoE,dy,2.4436247069074612e-14,4.836325601781402e-14,2.791891168935339e-13
traditional,10,745,all,conservative,rhoE,dz,3.7475843908384306e-14,5.998425167205404e-14,2.2262702790299736e-13
traditional,10,745,all,conservative,rhoE,gradient,6.544327816603327e-14,9.032138133946531e-14,3.337340664813864e-13
traditional,10,745,all,conservative,rhoE,mean,3.177181433572297e-14,3.8013190082281664e-14,7.529133566608337e-14
traditional,10,745,all,conservative,rhoE,value,4.198879033629395e-14,4.950851130471911e-14,1.1060206570046027e-13
traditional,10,745,all,conservative,rhou,dx,2.779069697728936e-15,5.5093303002450635e-15,3.3876659103082997e-14
traditional,10,745,all,conservative,rhou,dy,2.840793362410222e-15,5.580985741076903e-15,3.270840849821941e-14
traditional,10,745,all,conservative,rhou,dz,4.330743962773942e-15,6.902087092427857e-15,2.4857696332087134e-14
traditional,10,745,all,conservative,rhou,gradient,7.606334670801027e-15,1.0446957855316606e-14,3.749425199899804e-14
traditional,10,745,all,conservative,rhou,mean,3.793296365005778e-15,4.5329594387450086e-15,9.03644563690631e-15
traditional,10,745,all,conservative,rhou,value,4.872233936946186e-15,5.7458007100967596e-15,1.27675647831893e-14
traditional,10,745,all,conservative,rhov,dx,1.8803560900278314e-15,3.7136848259903336e-15,2.2094583378585303e-14
traditional,10,745,all,conservative,rhov,dy,1.913861326599734e-15,3.730715649840795e-15,2.1505676098710225e-14
traditional,10,745,all,conservative,rhov,dz,2.921874935674586e-15,4.635864712208666e-15,1.720897823046896e-14
traditional,10,745,all,conservative,rhov,gradient,5.127237993877175e-15,7.014337878706682e-15,2.548511913756191e-14
traditional,10,745,all,conservative,rhov,mean,2.534587631397393e-15,3.0396858244061292e-15,6.1090997711954476e-15
traditional,10,745,all,conservative,rhov,value,3.2855359364640632e-15,3.8855347099819025e-15,8.311466749219565e-15
traditional,10,745,all,conservative,rhow,dx,7.858721169005998e-16,1.5735833521382426e-15,9.95524345061673e-15
traditional,10,745,all,conservative,rhow,dy,8.081168874184172e-16,1.6283895797379845e-15,9.48032033566248e-15
traditional,10,745,all,conservative,rhow,dz,1.2149190363244454e-15,1.9459317102978606e-15,7.884165732384082e-15
traditional,10,745,all,conservative,rhow,gradient,2.1468821648459255e-15,2.9857105369859014e-15,1.1412209538499827e-14
traditional,10,745,all,conservative,rhow,mean,1.2900483760419869e-15,1.549393183218966e-15,3.2892389983593673e-15
traditional,10,745,all,conservative,rhow,value,1.3846579428637223e-15,1.629823158279969e-15,3.5220714149006294e-15
traditional,10,745,all,primitive,p,dx,9.244108598999419e-15,1.83754692299244e-14,1.1503476529629506e-13
traditional,10,745,all,primitive,p,dy,9.525299310644637e-15,1.886361613027654e-14,1.0899422945404805e-13
traditional,10,745,all,primitive,p,dz,1.4614108629582838e-14,2.3391247128002617e-14,8.70127675373268e-14
traditional,10,745,all,primitive,p,gradient,2.5512626583802484e-14,3.522278133727684e-14,1.3038125298856767e-13
traditional,10,745,all,primitive,p,value,1.635996556536069e-14,1.9292337689454288e-14,4.347932604231719e-14
traditional,10,745,all,primitive,rho,dx,9.630466932564622e-15,1.917849090757369e-14,1.1686281486240034e-13
traditional,10,745,all,primitive,rho,dy,9.73184927261061e-15,1.931779177414122e-14,1.1289411059770904e-13
traditional,10,745,all,primitive,rho,dz,1.4762758065541685e-14,2.3584927528564103e-14,8.761667132377478e-14
traditional,10,745,all,primitive,rho,gradient,2.6111105954534798e-14,3.6017223644370285e-14,1.3040279671960958e-13
traditional,10,745,all,primitive,rho,value,1.676942283020182e-14,1.980396570841983e-14,4.216310460491979e-14
traditional,10,745,all,primitive,u,dx,2.079317923927397e-16,4.404358099334624e-16,4.331729033357334e-15
traditional,10,745,all,primitive,u,dy,2.1890887055201974e-16,4.473125042247648e-16,3.7828000145267646e-15
traditional,10,745,all,primitive,u,dz,2.9950756911802925e-16,5.017014374750053e-16,3.962778038380501e-15
traditional,10,745,all,primitive,u,gradient,5.339559410231188e-16,8.036022097232322e-16,5.403664580088563e-15
traditional,10,745,all,primitive,u,value,3.885687005823702e-16,5.086845988858206e-16,2.0349661625923554e-15
traditional,10,745,all,primitive,v,dx,1.1914875599906295e-16,2.340993098728316e-16,2.0588865847810537e-15
traditional,10,745,all,primitive,v,dy,1.3443328142350069e-16,2.8041324742033606e-16,3.183486934894668e-15
traditional,10,745,all,primitive,v,dz,2.3411997338994066e-16,4.157404216123585e-16,2.7924363871028278e-15
traditional,10,745,all,primitive,v,gradient,3.6093457752030813e-16,5.534204318365706e-16,4.209079552874986e-15
traditional,10,745,all,primitive,v,value,2.6498122367909343e-16,3.377882516038408e-16,1.3540058831085222e-15
traditional,10,745,all,primitive,w,dx,1.1261283017202752e-16,2.272133471068503e-16,1.9955135384311774e-15
traditional,10,745,all,primitive,w,dy,1.1136089648981755e-16,2.3450330634699603e-16,2.3896855614523272e-15
traditional,10,745,all,primitive,w,dz,2.2029147983211413e-16,3.604376411232911e-16,1.8928480100867135e-15
traditional,10,745,all,primitive,w,gradient,3.3473149851549157e-16,4.863465831376771e-16,2.687415215658507e-15
traditional,10,745,all,primitive,w,value,2.103091179250784e-16,2.694028207304042e-16,9.197083741287193e-16
traditional,10,745,boundary,conservative,rho,dx,1.5562159502602084e-14,2.911663409414212e-14,1.1686281486240034e-13
traditional,10,745,boundary,conservative,rho,dy,1.5443966710505646e-14,2.921028834050324e-14,1.1289411059770904e-13
traditional,10,745,boundary,conservative,rho,dz,2.6501631538914102e-14,3.5709473007533515e-14,8.761667132377478e-14
traditional,10,745,boundary,conservative,rho,gradient,4.4866914111049624e-14,5.45544295945184e-14,1.3040279671960958e-13
traditional,10,745,boundary,conservative,rho,mean,8.739066549268227e-15,1.0413754584163492e-14,2.2586967018956017e-14
traditional,10,745,boundary,conservative,rho,value,1.751897769983674e-14,2.1118272205237167e-14,4.216310460491979e-14
traditional,10,745,boundary,conservative,rhoE,dx,3.786138571598552e-14,7.144559779245713e-14,2.9445862387940044e-13
traditional,10,745,boundary,conservative,rhoE,dy,3.8547712433393125e-14,7.30610567394376e-14,2.791891168935339e-13
traditional,10,745,boundary,conservative,rhoE,dz,6.760396037720004e-14,9.106119494854895e-14,2.2262702790299736e-13
traditional,10,745,boundary,conservative,rhoE,gradient,1.1253098719478592e-13,1.3687414906132754e-13,3.337340664813864e-13
traditional,10,745,boundary,conservative,rhoE,mean,2.1773672227909236e-14,2.5906764515211837e-14,5.0740227991452613e-14
traditional,10,745,boundary,conservative,rhoE,value,4.4064547952259456e-14,5.28370713464424e-14,1.1060206570046027e-13
traditional,10,745,boundary,conservative,rhou,dx,4.4817596705241844e-15,8.33936502918025e-15,3.3876659103082997e-14
traditional,10,745,boundary,conservative,rhou,dy,4.513844942039743e-15,8.441354768468252e-15,3.270840849821941e-14
traditional,10,745,boundary,conservative,rhou,dz,7.805351509400617e-15,1.0465651606464021e-14,2.4857696332087134e-14
traditional,10,745,boundary,conservative,rhou,gradient,1.3099339014262449e-14,1.5821862815893053e-14,3.749425199899804e-14
traditional,10,745,boundary,conservative,rhou,mean,2.6065439385933892e-15,3.118013148249923e-15,6.136204825507585e-15
traditional,10,745,boundary,conservative,rhou,value,5.091780011476751e-15,6.127578599270881e-15,1.27675647831893e-14
traditional,10,745,boundary,conservative,rhov,dx,3.02534201114647e-15,5.626355393463962e-15,2.2094583378585303e-14
traditional,10,745,boundary,conservative,rhov,dy,3.0089773804832324e-15,5.616073823143111e-15,2.1505676098710225e-14
traditional,10,745,boundary,conservative,rhov,dz,5.2260296709735785e-15,7.003222395381963e-15,1.720897823046896e-14
traditional,10,745,boundary,conservative,rhov,gradient,8.773586851099959e-15,1.0594398714402518e-14,2.548511913756191e-14
traditional,10,745,boundary,conservative,rhov,mean,1.7483918674355002e-15,2.0961256277782115e-15,4.326779819846527e-15
traditional,10,745,boundary,conservative,rhov,value,3.436080353224071e-15,4.1286176663917755e-15,8.311466749219565e-15
traditional,10,745,boundary,conservative,rhow,dx,1.271260407538545e-15,2.3999210549724462e-15,9.95524345061673e-15
traditional,10,745,boundary,conservative,rhow,dy,1.3047377334006344e-15,2.4755179439141152e-15,9.48032033566248e-15
traditional,10,745,boundary,conservative,rhow,dz,2.1854530828570754e-15,2.9536922282951364e-15,7.884165732384082e-15
traditional,10,745,boundary,conservative,rhow,gradient,3.722562765325552e-15,4.540055940209539e-15,1.1412209538499827e-14
traditional,10,745,boundary,conservative,rhow,mean,8.785432692013132e-16,1.0593973376106193e-15,2.2592740395524502e-15
traditional,10,745,boundary,conservative,rhow,value,1.4500365563439835e-15,1.7464208965317118e-15,3.5220714149006294e-15
traditional,10,745,boundary,primitive,p,dx,1.4760007258897993e-14,2.7861772875114657e-14,1.1503476529629506e-13
traditional,10,745,boundary,primitive,p,dy,1.502764663631602e-14,2.8498754032363746e-14,1.0899422945404805e-13
traditional,10,745,boundary,primitive,p,dz,2.6362519791500978e-14,3.5513624867933447e-14,8.70127675373268e-14
traditional,10,745,boundary,primitive,p,gradient,4.3874764364865354e-14,5.33823465239394e-14,1.3038125298856767e-13
traditional,10,745,boundary,primitive,p,value,1.7180978856411055e-14,2.0601667839256285e-14,4.347932604231719e-14
traditional,10,745,boundary,primitive,rho,dx,1.5562159502602084e-14,2.911663409414212e-14,1.1686281486240034e-13
traditional,10,745,boundary,primitive,rho,dy,1.5443966710505646e-14,2.921028834050324e-14,1.1289411059770904e-13
traditional,10,745,boundary,primitive,rho,dz,2.6501631538914102e-14,3.5709473007533515e-14,8.761667132377478e-14
traditional,10,745,boundary,primitive,rho,gradient,4.4866914111049624e-14,5.45544295945184e-14,1.3040279671960958e-13
traditional,10,745,boundary,primitive,rho,value,1.751897769983674e-14,2.1118272205237167e-14,4.216310460491979e-14
traditional,10,745,boundary,primitive,u,dx,3.587809017412998e-16,6.877484601776525e-16,4.331729033357334e-15
traditional,10,745,boundary,primitive,u,dy,3.604766157748136e-16,6.925230641535286e-16,3.7828000145267646e-15
traditional,10,745,boundary,primitive,u,dz,5.366693770233251e-16,7.722509219505703e-16,3.962778038380501e-15
traditional,10,745,boundary,primitive,u,gradient,9.617931971276316e-16,1.244571261645885e-15,5.403664580088563e-15
traditional,10,745,boundary,primitive,u,value,3.971750690241522e-16,5.082524425127562e-16,2.0349661625923554e-15
traditional,10,745,boundary,primitive,v,dx,2.1049117115897404e-16,3.652814031132558e-16,2.0588865847810537e-15
traditional,10,745,boundary,primitive,v,dy,2.2487567781170183e-16,4.3723498524301876e-16,3.183486934894668e-15
traditional,10,745,boundary,primitive,v,dz,4.575869560217419e-16,6.612665072487401e-16,2.7924363871028278e-15
traditional,10,745,boundary,primitive,v,gradient,6.835408138306039e-16,8.728564196875678e-16,4.209079552874986e-15
traditional,10,745,boundary,primitive,v,value,2.773357279795265e-16,3.5448124114792097e-16,1.3540058831085222e-15
traditional,10,745,boundary,primitive,w,dx,1.8384452333723664e-16,3.4405746682659557e-16,1.9955135384311774e-15
traditional,10,745,boundary,primitive,w,dy,1.8247179430007846e-16,3.5927372825323485e-16,2.3896855614523272e-15
traditional,10,745,boundary,primitive,w,dz,3.901185633162811e-16,5.590754620350003e-16,1.8928480100867135e-15
traditional,10,745,boundary,primitive,w,gradient,5.858623671936711e-16,7.483438544825247e-16,2.687415215658507e-15
traditional,10,745,boundary,primitive,w,value,2.2327552725863535e-16,2.9232302914619497e-16,9.197083741287193e-16
traditional,10,745,interior,conservative,rho,dx,6.12531001834065e-15,9.175738260079715e-15,3.5132882761606653e-14
traditional,10,745,interior,conservative,rho,dy,6.356443737699246e-15,9.460319606945945e-15,3.544769526194792e-14
traditional,10,745,interior,conservative,rho,dz,7.826020695126734e-15,1.146411126158668e-14,2.9413014111432344e-14
traditional,10,745,interior,conservative,rho,gradient,1.502792019171453e-14,1.7467617659574968e-14,3.551458778334075e-14
traditional,10,745,interior,conservative,rho,mean,1.5058167540341277e-14,1.7413169141161887e-14,3.046282844032522e-14
traditional,10,745,interior,conservative,rho,value,1.632649572248847e-14,1.8984593531645046e-14,3.3605280017057204e-14
traditional,10,745,interior,conservative,rhoE,dx,1.5352240005231416e-14,2.2734069405203728e-14,8.712857112901833e-14
traditional,10,745,interior,conservative,rhoE,dy,1.6097497242183158e-14,2.3809367962315962e-14,9.181873062433579e-14
traditional,10,745,interior,conservative,rhoE,dz,1.9672531530624424e-14,2.8710849505179244e-14,7.218475424060171e-14
traditional,10,745,interior,conservative,rhoE,gradient,3.7618200091217233e-14,4.3681080501684364e-14,9.187381840196074e-14
traditional,10,745,interior,conservative,rhoE,mean,3.7679918392837754e-14,4.361515316578615e-14,7.529133566608337e-14
traditional,10,745,interior,conservative,rhoE,value,4.0762183246673775e-14,4.7431928063331836e-14,8.736544473975094e-14
traditional,10,745,interior,conservative,rhou,dx,1.772915811556544e-15,2.6820152054197425e-15,1.0507750971891212e-14
traditional,10,745,interior,conservative,rhou,dy,1.852153401227148e-15,2.7287622431164685e-15,1.0120652891589497e-14
traditional,10,745,interior,conservative,rhou,dz,2.2775282031115495e-15,3.32657943533997e-15,8.468519363134721e-15
traditional,10,745,interior,conservative,rhou,gradient,4.3604074877905235e-15,5.070057167447672e-15,1.0513575823792588e-14
traditional,10,745,interior,conservative,rhou,mean,4.4945723370484576e-15,5.190843383195653e-15,9.03644563690631e-15
traditional,10,745,interior,conservative,rhou,value,4.742499728363154e-15,5.5077752584003966e-15,9.78291883266258e-15
traditional,10,745,interior,conservative,rhov,dx,1.2037607893255307e-15,1.798612929182989e-15,7.180601531669821e-15
traditional,10,745,interior,conservative,rhov,dy,1.266735137434611e-15,1.8721689271624366e-15,7.218090680519704e-15
traditional,10,745,interior,conservative,rhov,dz,1.560303376374416e-15,2.2823444544088942e-15,5.73977561850068e-15
traditional,10,745,interior,conservative,rhov,gradient,2.972536825929358e-15,3.456750087788789e-15,7.227293296521877e-15
traditional,10,745,interior,conservative,rhov,mean,2.999166583432856e-15,3.4789736992505217e-15,6.1090997711954476e-15
traditional,10,745,interior,conservative,rhov,value,3.1965762007606842e-15,3.734461953100076e-15,6.7322991799401155e-15
traditional,10,745,interior,conservative,rhow,dx,4.990463748506871e-16,7.320545180173332e-16,2.7973017443518565e-15
traditional,10,745,interior,conservative,rhow,dy,5.146536016043087e-16,7.728499373074848e-16,2.948223533794786e-15
traditional,10,745,interior,conservative,rhow,dz,6.41410870901751e-16,9.3214514770674e-16,2.5222608290159654e-15
traditional,10,745,interior,conservative,rhow,gradient,1.2157806813877453e-15,1.4149542110397047e-15,2.952823944758603e-15
traditional,10,745,interior,conservative,rhow,mean,1.5332150529137642e-15,1.776510754265812e-15,3.2892389983593673e-15
traditional,10,745,interior,conservative,rhow,value,1.3460244000128503e-15,1.5568238352466977e-15,3.0440602295789265e-15
traditional,10,745,interior,primitive,p,dx,5.984652702116997e-15,8.858224900024859e-15,3.391140365342554e-14
traditional,10,745,interior,primitive,p,dy,6.2738511707898325e-15,9.28298115728093e-15,3.5810434580510735e-14
traditional,10,745,interior,primitive,p,dz,7.671735246418226e-15,1.1189002135822327e-14,2.81819804716062e-14
traditional,10,745,interior,primitive,p,gradient,1.4662068594951894e-14,1.70245603861389e-14,3.5831536929921477e-14
traditional,10,745,interior,primitive,p,value,1.587481223352221e-14,1.847506204345752e-14,3.43312617917535e-14
traditional,10,745,interior,primitive,rho,dx,6.12531001834065e-15,9.175738260079715e-15,3.5132882761606653e-14
traditional,10,745,interior,primitive,rho,dy,6.356443737699246e-15,9.460319606945945e-15,3.544769526194792e-14
traditional,10,745,interior,primitive,rho,dz,7.826020695126734e-15,1.146411126158668e-14,2.9413014111432344e-14
traditional,10,745,interior,primitive,rho,gradient,1.502792019171453e-14,1.7467617659574968e-14,3.551458778334075e-14
traditional,10,745,interior,primitive,rho,value,1.632649572248847e-14,1.8984593531645046e-14,3.3605280017057204e-14
traditional,10,745,interior,primitive,u,dx,1.1879200768634996e-16,1.706122892598093e-16,9.247024803857307e-16
traditional,10,745,interior,primitive,u,dy,1.352536313197478e-16,1.8688619358934903e-16,8.642251749847209e-16
traditional,10,745,interior,primitive,u,dz,1.5936386798149992e-16,2.1916557983969937e-16,7.394711978977921e-16
traditional,10,745,interior,primitive,u,gradient,2.811382673674744e-16,3.347664170541306e-16,1.012527054380164e-15
traditional,10,745,interior,primitive,u,value,3.834830236876405e-16,5.089397963234298e-16,1.967908258224127e-15
traditional,10,745,interior,primitive,v,dx,6.51726784664985e-17,9.132143344173518e-17,4.2830035689456485e-16
traditional,10,745,interior,primitive,v,dy,8.098904315659977e-17,1.1012606823465425e-16,4.441413023763188e-16
traditional,10,745,interior,primitive,v,dz,1.0206882103770776e-16,1.287677147556261e-16,5.273500074663186e-16
traditional,10,745,interior,primitive,v,gradient,1.703000383186816e-16,1.9247981575755748e-16,5.295126869338762e-16
traditional,10,745,interior,primitive,v,value,2.5768069762195755e-16,3.275243520215327e-16,1.2512912797926767e-15
traditional,10,745,interior,primitive,w,dx,7.052058434811147e-17,1.1037299366489821e-16,4.691489972319363e-16
traditional,10,745,interior,primitive,w,dy,6.934003108027795e-17,1.0589144880439945e-16,4.2872657328571137e-16
traditional,10,745,interior,primitive,w,dz,1.199372269998136e-16,1.482689221122193e-16,4.447232140110825e-16
traditional,10,745,interior,primitive,w,gradient,1.863331973006272e-16,2.130231675775331e-16,5.268277834895744e-16
traditional,10,745,interior,primitive,w,value,2.026470048280922e-16,2.548918536601862e-16,7.003471695805896e-16
traditional,20,4752,all,conservative,rho,dx,1.648662392042348e-14,3.8481303467383624e-14,2.479334427446891e-13
traditional,20,4752,all,conservative,rho,dy,1.691811376418358e-14,3.9434035604929435e-14,2.5394680322888934e-13
traditional,20,4752,all,conservative,rho,dz,2.360365369362064e-14,4.8888093940535927e-14,2.2240404843839635e-13
traditional,20,4752,all,conservative,rho,gradient,4.760929054053875e-14,7.366070600923112e-14,2.684908641788443e-13
traditional,20,4752,all,conservative,rho,mean,1.663107407695311e-14,1.9047886868237153e-14,3.693269648441522e-14
traditional,20,4752,all,conservative,rho,value,1.9966054367494708e-14,2.257985181002434e-14,4.5296448883402896e-14
traditional,20,4752,all,conservative,rhoE,dx,4.097272381309406e-14,9.529737386668323e-14,6.133384561547066e-13
traditional,20,4752,all,conservative,rhoE,dy,4.208303608616872e-14,9.738308990341746e-14,6.149720726959015e-13
traditional,20,4752,all,conservative,rhoE,dz,5.880232243800737e-14,1.2165199313013997e-13,5.487960075527959e-13
traditional,20,4752,all,conservative,rhoE,gradient,1.1843738591794592e-13,1.8265887084277927e-13,6.984810785514324e-13
traditional,20,4752,all,conservative,rhoE,mean,4.148724147208424e-14,4.737191040978026e-14,9.203141720925956e-14
traditional,20,4752,all,conservative,rhoE,value,4.972753386915861e-14,5.612172114617583e-14,1.174216973653941e-13
traditional,20,4752,all,conservative,rhou,dx,4.782334168847274e-15,1.1132864263713085e-14,7.064902845008809e-14
traditional,20,4752,all,conservative,rhou,dy,4.911902193609717e-15,1.1468016428231261e-14,7.453597201251272e-14
traditional,20,4752,all,conservative,rhou,dz,6.851266883572219e-15,1.4108729107389035e-14,6.27680568789481e-14
traditional,20,4752,all,conservative,rhou,gradient,1.3806921069308573e-14,2.131929418480191e-14,8.144555226486514e-14
traditional,20,4752,all,conservative,rhou,mean,4.99350758550916e-15,5.718461386076947e-15,1.2096226797986276e-14
traditional,20,4752,all,conservative,rhou,value,5.808281525895003e-15,6.5589466297819096e-15,1.3151318142140545e-14
traditional,20,4752,all,conservative,rhov,dx,3.197121397016482e-15,7.434607526249474e-15,4.739299942345832e-14
traditional,20,4752,all,conservative,rhov,dy,3.309466521517746e-15,7.711913802660861e-15,4.960831022958679e-14
traditional,20,4752,all,conservative,rhov,dz,4.57320947205888e-15,9.456845954086186e-15,4.155455293693199e-14
traditional,20,4752,all,conservative,rhov,gradient,9.243449799822584e-15,1.4289119600883492e-14,5.289652065290037e-14
traditional,20,4752,all,conservative,rhov,mean,3.3068496268788448e-15,3.795505967253438e-15,7.805035914451586e-15
traditional,20,4752,all,conservative,rhov,value,3.8837621678156704e-15,4.390648721554714e-15,8.770138478289558e-15
traditional,20,4752,all,conservative,rhow,dx,1.3649621613969924e-15,3.1660922158205192e-15,2.1106154321473336e-14
traditional,20,4752,all,conservative,rhow,dy,1.4107050358069853e-15,3.260374189924046e-15,2.182723098131164e-14
traditional,20,4752,all,conservative,rhow,dz,2.0427044414449477e-15,4.132522152412347e-15,1.884986782006541e-14
traditional,20,4752,all,conservative,rhow,gradient,3.999864904808844e-15,6.142631286149362e-15,2.4119985352449312e-14
traditional,20,4752,all,conservative,rhow,mean,1.6831540698148851e-15,1.9400197073515103e-15,4.387129223272501e-15
traditional,20,4752,all,conservative,rhow,value,1.6595245286806613e-15,1.8839794067977477e-15,4.429602843379621e-15
traditional,20,4752,all,primitive,p,dx,1.5975537821048406e-14,3.715624555581553e-14,2.393427846186921e-13
traditional,20,4752,all,primitive,p,dy,1.640638637744277e-14,3.7950488827314585e-14,2.4000843562468725e-13
traditional,20,4752,all,primitive,p,dz,2.2931219902879577e-14,4.7435502507901537e-14,2.1473425319243518e-13
traditional,20,4752,all,primitive,p,gradient,4.617310718076315e-14,7.12106247986445e-14,2.7293616307270817e-13
traditional,20,4752,all,primitive,p,value,1.937878103446597e-14,2.187491426132201e-14,4.5644260940336245e-14
traditional,20,4752,all,primitive,rho,dx,1.648662392042348e-14,3.8481303467383624e-14,2.479334427446891e-13
traditional,20,4752,all,primitive,rho,dy,1.691811376418358e-14,3.9434035604929435e-14,2.5394680322888934e-13
traditional,20,4752,all,primitive,rho,dz,2.360365369362064e-14,4.8888093940535927e-14,2.2240404843839635e-13
traditional,20,4752,all,primitive,rho,gradient,4.760929054053875e-14,7.366070600923112e-14,2.684908641788443e-13
traditional,20,4752,all,primitive,rho,value,1.9966054367494708e-14,2.257985181002434e-14,4.5296448883402896e-14
traditional,20,4752,all,primitive,u,dx,3.432268249961101e-16,8.599689122524501e-16,1.1648015925814874e-14
traditional,20,4752,all,primitive,u,dy,3.5452346524758035e-16,7.720096269333924e-16,9.001251417947893e-15
traditional,20,4752,all,primitive,u,dz,4.59926094050567e-16,9.35292637405819e-16,8.713353389505629e-15
traditional,20,4752,all,primitive,u,gradient,8.904688325582738e-16,1.4867137289014427e-15,1.2469115459533352e-14
traditional,20,4752,all,primitive,u,value,4.3023647384800286e-16,5.501163072005769e-16,2.3538842316289665e-15
traditional,20,4752,all,primitive,v,dx,1.9449700788265885e-16,4.1480608076993943e-16,4.754897376443162e-15
traditional,20,4752,all,primitive,v,dy,1.9622538931911135e-16,4.3840629491803265e-16,5.74444022894121e-15
traditional,20,4752,all,primitive,v,dz,3.3550692869862224e-16,6.806472360201587e-16,6.438920848329116e-15
traditional,20,4752,all,primitive,v,gradient,5.523148544098494e-16,9.096949070811357e-16,6.448658990959039e-15
traditional,20,4752,all,primitive,v,value,2.630915958264711e-16,3.330690054717558e-16,1.3958289819121505e-15
traditional,20,4752,all,primitive,w,dx,1.7701790763452294e-16,4.2580487465742413e-16,4.5571078511303335e-15
traditional,20,4752,all,primitive,w,dy,1.9274592527245604e-16,4.822716035885334e-16,4.6385332606987874e-15
traditional,20,4752,all,primitive,w,dz,2.92184510632696e-16,6.007150768831644e-16,4.634504348485172e-15
traditional,20,4752,all,primitive,w,gradient,5.227528648545388e-16,8.80201280676543e-16,5.925022214879063e-15
traditional,20,4752,all,primitive,w,value,2.2078981284912486e-16,2.848222976387191e-16,1.0155450699128599e-15
traditional,20,4752,boundary,conservative,rho,dx,3.94233760398447e-14,7.78457225505579e-14,2.479334427446891e-13
traditional,20,4752,boundary,conservative,rho,dy,4.029867369329039e-14,7.988333499995539e-14,2.5394680322888934e-13
traditional,20,4752,boundary,conservative,rho,dz,7.201719321510018e-14,9.97370757300572e-14,2.2240404843839635e-13
traditional,20,4752,boundary,conservative,rho,gradient,1.3225181341807072e-13,1.4962883413739714e-13,2.684908641788443e-13
traditional,20,4752,boundary,conservative,rho,mean,1.0132142428205027e-14,1.152673676731324e-14,2.2733767993110554e-14
traditional,20,4752,boundary,conservative,rho,value,2.3597562072036126e-14,2.6685829372815706e-14,4.5296448883402896e-14
traditional,20,4752,boundary,conservative,rhoE,dx,9.77547658534834e-14,1.926014950267053e-13,6.133384561547066e-13
traditional,20,4752,boundary,conservative,rhoE,dy,9.957028898788998e-14,1.968561852069002e-13,6.149720726959015e-13
traditional,20,4752,boundary,conservative,rhoE,dz,1.7971460718655642e-13,2.4846600436959084e-13,5.487960075527959e-13
traditional,20,4752,boundary,conservative,rhoE,gradient,3.285344829080624e-13,3.7092189052160957e-13,6.984810785514324e-13
traditional,20,4752,boundary,conservative,rhoE,mean,2.5315761217267603e-14,2.8817730309545595e-14,5.898883811972233e-14
traditional,20,4752,boundary,conservative,rhoE,value,5.869829639340509e-14,6.637814799781041e-14,1.174216973653941e-13
traditional,20,4752,boundary,conservative,rhou,dx,1.139211936317748e-14,2.2488993952148116e-14,7.064902845008809e-14
traditional,20,4752,boundary,conservative,rhou,dy,1.1693008719791961e-14,2.3225162890512846e-14,7.453597201251272e-14
traditional,20,4752,boundary,conservative,rhou,dz,2.0873096100044357e-14,2.8793296904128405e-14,6.27680568789481e-14
traditional,20,4752,boundary,conservative,rhou,gradient,3.831179836561601e-14,4.32922277883675e-14,8.144555226486514e-14
traditional,20,4752,boundary,conservative,rhou,mean,3.0374512211496735e-15,3.462232408366004e-15,7.464298276693704e-15
traditional,20,4752,boundary,conservative,rhou,value,6.834718350666793e-15,7.704039443251736e-15,1.3151318142140545e-14
traditional,20,4752,boundary,conservative,rhov,dx,7.590682895375884e-15,1.500724271814799e-14,4.739299942345832e-14
traditional,20,4752,boundary,conservative,rhov,dy,7.867946669284299e-15,1.56229198444015e-14,4.960831022958679e-14
traditional,20,4752,boundary,conservative,rhov,dz,1.3976971991080351e-14,1.9336441375640963e-14,4.155455293693199e-14
traditional,20,4752,boundary,conservative,rhov,gradient,2.568888825054951e-14,2.903774997377724e-14,5.289652065290037e-14
traditional,20,4752,boundary,conservative,rhov,mean,2.005412912427505e-15,2.2804983549512e-15,5.222683180025611e-15
traditional,20,4752,boundary,conservative,rhov,value,4.5343922520624046e-15,5.125274219423559e-15,8.770138478289558e-15
traditional,20,4752,boundary,conservative,rhow,dx,3.287152977645899e-15,6.4125713033130325e-15,2.1106154321473336e-14
traditional,20,4752,boundary,conservative,rhow,dy,3.3665759582404283e-15,6.607616840949983e-15,2.182723098131164e-14
traditional,20,4752,boundary,conservative,rhow,dz,6.099365581435024e-15,8.400539579899723e-15,1.884986782006541e-14
traditional,20,4752,boundary,conservative,rhow,gradient,1.106331233271226e-14,1.2463977546126332e-14,2.4119985352449312e-14
traditional,20,4752,boundary,conservative,rhow,mean,1.0190814789116513e-15,1.173990815849716e-15,2.8273688728805424e-15
traditional,20,4752,boundary,conservative,rhow,value,2.030501066508484e-15,2.2992416792140074e-15,4.429602843379621e-15
traditional,20,4752,boundary,primitive,p,dx,3.8122312980438376e-14,7.510094630893695e-14,2.393427846186921e-13
traditional,20,4752,boundary,primitive,p,dy,3.8811698125210494e-14,7.671338354391135e-14,2.4000843562468725e-13
traditional,20,4752,boundary,primitive,p,dz,7.007459107381222e-14,9.688672998886272e-14,2.1473425319243518e-13
traditional,20,4752,boundary,primitive,p,gradient,1.2808091009426418e-13,1.4461028248083833e-13,2.7293616307270817e-13
traditional,20,4752,boundary,primitive,p,value,2.288356083297877e-14,2.5881819680514975e-14,4.5644260940336245e-14
traditional,20,4752,boundary,primitive,rho,dx,3.94233760398447e-14,7.78457225505579e-14,2.479334427446891e-13
traditional,20,4752,boundary,primitive,rho,dy,4.029867369329039e-14,7.988333499995539e-14,2.5394680322888934e-13
traditional,20,4752,boundary,primitive,rho,dz,7.201719321510018e-14,9.97370757300572e-14,2.2240404843839635e-13
traditional,20,4752,boundary,primitive,rho,gradient,1.3225181341807072e-13,1.4962883413739714e-13,2.684908641788443e-13
traditional,20,4752,boundary,primitive,rho,value,2.3597562072036126e-14,2.6685829372815706e-14,4.5296448883402896e-14
traditional,20,4752,boundary,primitive,u,dx,8.133507881440444e-16,1.7756197342553042e-15,1.1648015925814874e-14
traditional,20,4752,boundary,primitive,u,dy,8.008096951212472e-16,1.579285760817511e-15,9.001251417947893e-15
traditional,20,4752,boundary,primitive,u,dz,1.276920318671218e-15,1.9255115698811318e-15,8.713353389505629e-15
traditional,20,4752,boundary,primitive,u,gradient,2.397299306678408e-15,3.058523133923285e-15,1.2469115459533352e-14
traditional,20,4752,boundary,primitive,u,value,4.827184432144535e-16,6.162627906998648e-16,2.3538842316289665e-15
traditional,20,4752,boundary,primitive,v,dx,4.4094577329857575e-16,8.50964848722076e-16,4.754897376443162e-15
traditional,20,4752,boundary,primitive,v,dy,4.463009693665653e-16,8.963033613906712e-16,5.74444022894121e-15
traditional,20,4752,boundary,primitive,v,dz,9.679157129300617e-16,1.4463449995045832e-15,6.438920848329116e-15
traditional,20,4752,boundary,primitive,v,gradient,1.5373836845924345e-15,1.902475951751484e-15,6.448658990959039e-15
traditional,20,4752,boundary,primitive,v,value,2.8912614139701466e-16,3.6911272606240345e-16,1.3958289819121505e-15
traditional,20,4752,boundary,primitive,w,dx,4.041906595762562e-16,8.588673869152819e-16,4.5571078511303335e-15
traditional,20,4752,boundary,primitive,w,dy,4.561659303015945e-16,9.883284315144354e-16,4.6385332606987874e-15
traditional,20,4752,boundary,primitive,w,dz,8.092220618323734e-16,1.2672085749768743e-15,4.634504348485172e-15
traditional,20,4752,boundary,primitive,w,gradient,1.430824336201917e-15,1.822159117459666e-15,5.925022214879063e-15
traditional,20,4752,boundary,primitive,w,value,2.2903948940015284e-16,2.9312417354668013e-16,1.0155450699128599e-15
traditional,20,4752,interior,conservative,rho,dx,1.0810315434341775e-14,1.86434833308595e-14,7.791847526759542e-14
traditional,20,4752,interior,conservative,rho,dy,1.1131973248562932e-14,1.899068315227703e-14,7.825789407505442e-14
traditional,20,4752,interior,conservative,rho,dz,1.1622437530311374e-14,2.2798176328835464e-14,6.759887551251956e-14
traditional,20,4752,interior,conservative,rho,gradient,2.6662250245052284e-14,3.504257926036392e-14,7.827293277393648e-14
traditional,20,4752,interior,conservative,rho,mean,1.823940731769214e-14,2.0487332580998297e-14,3.693269648441522e-14
traditional,20,4752,interior,conservative,rho,value,1.9067341337278755e-14,2.1442696042933488e-14,3.826062730527546e-14
traditional,20,4752,interior,conservative,rhoE,dx,2.6920499443541798e-14,4.6355624262399267e-14,1.964424830993379e-13
traditional,20,4752,interior,conservative,rhoE,dy,2.7856288559378993e-14,4.732971223244452e-14,1.9802146643895131e-13
traditional,20,4752,interior,conservative,rhoE,dz,2.887936628378449e-14,5.6423497455239236e-14,1.6986073463585993e-13
traditional,20,4752,interior,conservative,rhoE,gradient,6.644327932705046e-14,8.702043797777704e-14,1.9805872230140634e-13
traditional,20,4752,interior,conservative,rhoE,mean,4.548930375731948e-14,5.093073479505971e-14,9.203141720925956e-14
traditional,20,4752,interior,conservative,rhoE,value,4.7507480429252335e-14,5.3279595781797506e-14,1.0003759973176152e-13
traditional,20,4752,interior,conservative,rhou,dx,3.146567274109588e-15,5.4268413244609566e-15,2.3038974292797013e-14
traditional,20,4752,interior,conservative,rhou,dy,3.2337372852049146e-15,5.5291497195063304e-15,2.2730266358906605e-14
traditional,20,4752,interior,conservative,rhou,dz,3.3811928400699324e-15,6.568605009005991e-15,1.9903399776563784e-14
traditional,20,4752,interior,conservative,rhou,gradient,7.74253836057957e-15,1.015719819369164e-14,2.3041607304141324e-14
traditional,20,4752,interior,conservative,rhou,mean,5.477585683509238e-15,6.1503632043580915e-15,1.2096226797986276e-14
traditional,20,4752,interior,conservative,rhou,value,5.554262472606947e-15,6.243227061201594e-15,1.1991384447906928e-14
traditional,20,4752,interior,conservative,rhov,dx,2.1098179162354106e-15,3.635415571490316e-15,1.5057749596085902e-14
traditional,20,4752,interior,conservative,rhov,dy,2.1813495408885267e-15,3.713346780704027e-15,1.5397606637215994e-14
traditional,20,4752,interior,conservative,rhov,dz,2.2459986834563582e-15,4.362712603551803e-15,1.308573068696875e-14
traditional,20,4752,interior,conservative,rhov,gradient,5.173589282990547e-15,6.785164106518645e-15,1.5403943237877086e-14
traditional,20,4752,interior,conservative,rhov,mean,3.6289247065534365e-15,4.084597285587606e-15,7.805035914451586e-15
traditional,20,4752,interior,conservative,rhov,value,3.722746473471472e-15,4.1890066551188455e-15,7.712987150007566e-15
traditional,20,4752,interior,conservative,rhow,dx,8.892649927074746e-16,1.5259025175771643e-15,6.604582281603691e-15
traditional,20,4752,interior,conservative,rhow,dy,9.26672830336671e-16,1.5670834115116604e-15,6.656144988751323e-15
traditional,20,4752,interior,conservative,rhow,dz,1.0387759020339075e-15,1.959563747092141e-15,5.956372954541919e-15
traditional,20,4752,interior,conservative,rhow,gradient,2.251827241618894e-15,2.9366680082537673e-15,6.657205787409391e-15
traditional,20,4752,interior,conservative,rhow,mean,1.8474964694490004e-15,2.086627063024321e-15,4.387129223272501e-15
traditional,20,4752,interior,conservative,rhow,value,1.5677165316789362e-15,1.7662045427447815e-15,3.661499814282265e-15
traditional,20,4752,interior,primitive,p,dx,1.0494730114618817e-14,1.8067760197609914e-14,7.676599736912177e-14
traditional,20,4752,interior,primitive,p,dy,1.0861596925780467e-14,1.8446670350626117e-14,7.738621585716681e-14
traditional,20,4752,interior,primitive,p,dz,1.126434063214443e-14,2.1997922331678404e-14,6.629775159037402e-14
traditional,20,4752,interior,primitive,p,gradient,2.590284597143779e-14,3.392096980473231e-14,7.740101735991683e-14
traditional,20,4752,interior,primitive,p,value,1.8511430190346295e-14,2.0764285981945845e-14,3.89608050682666e-14
traditional,20,4752,interior,primitive,rho,dx,1.0810315434341775e-14,1.86434833308595e-14,7.791847526759542e-14
traditional,20,4752,interior,primitive,rho,dy,1.1131973248562932e-14,1.899068315227703e-14,7.825789407505442e-14
traditional,20,4752,interior,primitive,rho,dz,1.1622437530311374e-14,2.2798176328835464e-14,6.759887551251956e-14
traditional,20,4752,interior,primitive,rho,gradient,2.6662250245052284e-14,3.504257926036392e-14,7.827293277393648e-14
traditional,20,4752,interior,primitive,rho,value,1.9067341337278755e-14,2.1442696042933488e-14,3.826062730527546e-14
traditional,20,4752,interior,primitive,u,dx,2.268821643557126e-16,3.7724868409578796e-16,3.181572640433873e-15
traditional,20,4752,interior,primitive,u,dy,2.4407808480906935e-16,3.553203594017004e-16,2.46897313927125e-15
traditional,20,4752,interior,primitive,u,dz,2.5773917472787733e-16,4.167915022366979e-16,2.6833913242369997e-15
traditional,20,4752,interior,primitive,u,gradient,5.175636120282762e-16,6.650445727874787e-16,3.2105399213409605e-15
traditional,20,4752,interior,primitive,u,value,4.1724841666667363e-16,5.324797373858733e-16,2.0562978403360077e-15
traditional,20,4752,interior,primitive,v,dx,1.3350671548070102e-16,1.882496916337383e-16,1.1129962104944671e-15
traditional,20,4752,interior,primitive,v,dy,1.3433754531249505e-16,2.0236698281829268e-16,1.5262424096361589e-15
traditional,20,4752,interior,primitive,v,dz,1.7900057898025922e-16,2.454223308549382e-16,1.4528198997022616e-15
traditional,20,4752,interior,primitive,v,gradient,3.0853341006989543e-16,3.69624759205126e-16,1.6952170586250254e-15
traditional,20,4752,interior,primitive,v,value,2.5664865607702867e-16,3.2352977954864603e-16,1.3515122181118056e-15
traditional,20,4752,interior,primitive,w,dx,1.2079797671581483e-16,2.088727886499841e-16,1.2426179271105887e-15
traditional,20,4752,interior,primitive,w,dy,1.2755564889132393e-16,2.2002741972861362e-16,1.213949832312971e-15
traditional,20,4752,interior,primitive,w,dz,1.6422983665718536e-16,2.296964127749896e-16,8.864309907299396e-16
traditional,20,4752,interior,primitive,w,gradient,2.980264619209091e-16,3.805264107950338e-16,1.3590861315294385e-15
traditional,20,4752,interior,primitive,w,value,2.1874821128451832e-16,2.8273015196844707e-16,9.620600214914343e-16
traditional,40,33694,all,conservative,rho,dx,2.1322003795215836e-14,5.701397211367956e-14,5.342763038727178e-13
traditional,40,33694,all,conservative,rho,dy,2.1507107678948223e-14,5.6634633123262514e-14,5.046591264453934e-13
traditional,40,33694,all,conservative,rho,dz,2.2001364184089128e-14,6.077926393763668e-14,4.400926166020665e-13
traditional,40,33694,all,conservative,rho,gradient,5.5057188876413544e-14,1.0075809451347751e-13,5.343648557321637e-13
traditional,40,33694,all,conservative,rho,mean,1.5065569209295847e-14,1.734883174536237e-14,4.000944540949458e-14
traditional,40,33694,all,conservative,rho,value,1.673145247195119e-14,1.9156340794801504e-14,4.5057273884152593e-14
traditional,40,33694,all,conservative,rhoE,dx,5.3156345627571306e-14,1.4199199526460138e-13,1.336389360481196e-12
traditional,40,33694,all,conservative,rhoE,dy,5.3590734624234087e-14,1.4062818009660949e-13,1.2550837580056588e-12
traditional,40,33694,all,conservative,rhoE,dz,5.5214779366515395e-14,1.5218310227486622e-13,1.0994477099212713e-12
traditional,40,33694,all,conservative,rhoE,gradient,1.3737576480188465e-13,2.5119257229167707e-13,1.3780325057189999e-12
traditional,40,33694,all,conservative,rhoE,mean,3.7542025542754003e-14,4.3249879472436296e-14,9.703609443745265e-14
traditional,40,33694,all,conservative,rhoE,value,4.167083015651596e-14,4.775192784579289e-14,1.157238367632818e-13
traditional,40,33694,all,conservative,rhou,dx,6.1913398803590305e-15,1.6526408336347735e-14,1.570779063189611e-13
traditional,40,33694,all,conservative,rhou,dy,6.206361162552181e-15,1.6250974771063343e-14,1.5076339343475997e-13
traditional,40,33694,all,conservative,rhou,dz,6.395503378731656e-15,1.748794107740587e-14,1.2987057404899196e-13
traditional,40,33694,all,conservative,rhou,gradient,1.591744209275684e-14,2.903522751135696e-14,1.5889352305007143e-13
traditional,40,33694,all,conservative,rhou,mean,4.494018982062431e-15,5.174002990226062e-15,1.2457862432618816e-14
traditional,40,33694,all,conservative,rhou,value,4.845795475502834e-15,5.5509077066387044e-15,1.35080748669969e-14
traditional,40,33694,all,conservative,rhov,dx,4.134968371453206e-15,1.1052664788607982e-14,1.0166552590561671e-13
traditional,40,33694,all,conservative,rhov,dy,4.173488422678392e-15,1.0962802669748085e-14,9.787916051765672e-14
traditional,40,33694,all,conservative,rhov,dz,4.294908157311335e-15,1.1525691246323208e-14,8.717896196608343e-14
traditional,40,33694,all,conservative,rhov,gradient,1.0654248882704233e-14,1.9369718635301403e-14,1.1009745230147783e-13
traditional,40,33694,all,conservative,rhov,mean,2.9776548413547192e-15,3.4166003213810804e-15,8.12728790516859e-15
traditional,40,33694,all,conservative,rhov,value,3.248495473079828e-15,3.72116884888897e-15,8.991017565879167e-15
traditional,40,33694,all,conservative,rhow,dx,1.7735998554974856e-15,4.7099686741699666e-15,4.570359422186287e-14
traditional,40,33694,all,conservative,rhow,dy,1.8049389875715302e-15,4.7442487287069875e-15,4.3017083222341573e-14
traditional,40,33694,all,conservative,rhow,dz,2.0171642433271568e-15,5.545632118110136e-15,4.679076577422409e-14
traditional,40,33694,all,conservative,rhow,gradient,4.707900682149202e-15,8.685950523743212e-15,4.8774907725658483e-14
traditional,40,33694,all,conservative,rhow,mean,1.5248413119869703e-15,1.7710864306656373e-15,4.525988416513582e-15
traditional,40,33694,all,conservative,rhow,value,1.3994847988432687e-15,1.6171906846873447e-15,4.507109746185178e-15
traditional,40,33694,all,primitive,p,dx,2.0728535838063443e-14,5.536500401621682e-14,5.202252326056529e-13
traditional,40,33694,all,primitive,p,dy,2.0901280039465687e-14,5.484443963963938e-14,4.895236725878252e-13
traditional,40,33694,all,primitive,p,dz,2.1551284631918514e-14,5.935810136557744e-14,4.2863608089136837e-13
traditional,40,33694,all,primitive,p,gradient,5.3574061886768704e-14,9.796213772079457e-14,5.379712601887333e-13
traditional,40,33694,all,primitive,p,value,1.6245240830311566e-14,1.8619252482433493e-14,4.5220879991980656e-14
traditional,40,33694,all,primitive,rho,dx,2.1322003795215836e-14,5.701397211367956e-14,5.342763038727178e-13
traditional,40,33694,all,primitive,rho,dy,2.1507107678948223e-14,5.6634633123262514e-14,5.046591264453934e-13
traditional,40,33694,all,primitive,rho,dz,2.2001364184089128e-14,6.077926393763668e-14,4.400926166020665e-13
traditional,40,33694,all,primitive,rho,gradient,5.5057188876413544e-14,1.0075809451347751e-13,5.343648557321637e-13
traditional,40,33694,all,primitive,rho,value,1.673145247195119e-14,1.9156340794801504e-14,4.5057273884152593e-14
traditional,40,33694,all,primitive,u,dx,4.90898009691225e-16,1.3448619767455557e-15,2.863793322491551e-14
traditional,40,33694,all,primitive,u,dy,4.845087664491291e-16,1.172442346394481e-15,2.0624811384993167e-14
traditional,40,33694,all,primitive,u,dz,5.613180120471993e-16,1.2681085389030008e-15,2.3747317241641446e-14
traditional,40,33694,all,primitive,u,gradient,1.1637040787204994e-15,2.1889207520039796e-15,2.887738843582425e-14
traditional,40,33694,all,primitive,u,value,3.978893654597145e-16,5.123015091250351e-16,2.7889745634473995e-15
traditional,40,33694,all,primitive,v,dx,2.7850418465251996e-16,6.288626021130503e-16,1.1320955329056307e-14
traditional,40,33694,all,primitive,v,dy,2.7885384756215113e-16,6.419604887078953e-16,1.233498166889474e-14
traditional,40,33694,all,primitive,v,dz,3.944972981489417e-16,7.965291689085527e-16,1.2307005017679878e-14
traditional,40,33694,all,primitive,v,gradient,7.070175525826258e-16,1.2008497650916313e-15,1.721345677899961e-14
traditional,40,33694,all,primitive,v,value,2.465636391904593e-16,3.119079565230317e-16,1.6703354194583242e-15
traditional,40,33694,all,primitive,w,dx,2.42100624884496e-16,6.253676008480153e-16,1.1357447361308594e-14
traditional,40,33694,all,primitive,w,dy,2.5147427852806536e-16,6.675043123846618e-16,1.0060935268863056e-14
traditional,40,33694,all,primitive,w,dz,3.106487137234939e-16,5.953864212702435e-16,7.192686997761245e-15
traditional,40,33694,all,primitive,w,gradient,6.167126381943707e-16,1.0913897717477064e-15,1.1369630157577481e-14
traditional,40,33694,all,primitive,w,value,1.9159305314621041e-16,2.503569174155169e-16,1.1637690594187844e-15
traditional,40,33694,boundary,conservative,rho,dx,7.551285277478071e-14,1.573246348956878e-13,5.342763038727178e-13
traditional,40,33694,boundary,conservative,rho,dy,7.548802911979403e-14,1.5597441253589457e-13,5.046591264453934e-13
traditional,40,33694,boundary,conservative,rho,dz,1.220676892481538e-13,1.7173464573630165e-13,4.400926166020665e-13
traditional,40,33694,boundary,conservative,rho,gradient,2.500778903885616e-13,2.803067010564533e-13,5.343648557321637e-13
traditional,40,33694,boundary,conservative,rho,mean,8.957739148673046e-15,1.0208945073752381e-14,2.5361006697477428e-14
traditional,40,33694,boundary,conservative,rho,value,2.1632252725352604e-14,2.424603737849794e-14,4.5057273884152593e-14
traditional,40,33694,boundary,conservative,rhoE,dx,1.8779152565872957e-13,3.916381530318732e-13,1.336389360481196e-12
traditional,40,33694,boundary,conservative,rhoE,dy,1.8728013953783665e-13,3.869452834184168e-13,1.2550837580056588e-12
traditional,40,33694,boundary,conservative,rhoE,dz,3.054018247987411e-13,4.301310064027272e-13,1.0994477099212713e-12
traditional,40,33694,boundary,conservative,rhoE,gradient,6.231374533983464e-13,6.986556934134287e-13,1.3780325057189999e-12
traditional,40,33694,boundary,conservative,rhoE,mean,2.235712302739301e-14,2.549423008219395e-14,6.116938552902518e-14
traditional,40,33694,boundary,conservative,rhoE,value,5.401020530358932e-14,6.056164894234835e-14,1.157238367632818e-13
traditional,40,33694,boundary,conservative,rhou,dx,2.1906020726382962e-14,4.5607604126588815e-14,1.570779063189611e-13
traditional,40,33694,boundary,conservative,rhou,dy,2.1605019685469888e-14,4.4659324501832266e-14,1.5076339343475997e-13
traditional,40,33694,boundary,conservative,rhou,dz,3.5067223735098057e-14,4.932083448579014e-14,1.2987057404899196e-13
traditional,40,33694,boundary,conservative,rhou,gradient,7.190381326191407e-14,8.066630977987216e-14,1.5889352305007143e-13
traditional,40,33694,boundary,conservative,rhou,mean,2.6767448090789403e-15,3.0464311300520576e-15,7.328393534372646e-15
traditional,40,33694,boundary,conservative,rhou,value,6.250399122818661e-15,7.001091547755306e-15,1.35080748669969e-14
traditional,40,33694,boundary,conservative,rhov,dx,1.4558634455297218e-14,3.0473284702413675e-14,1.0166552590561671e-13
traditional,40,33694,boundary,conservative,rhov,dy,1.459520815047577e-14,3.016098202485733e-14,9.787916051765672e-14
traditional,40,33694,boundary,conservative,rhov,dz,2.3090674342664334e-14,3.2358778760842396e-14,8.717896196608343e-14
traditional,40,33694,boundary,conservative,rhov,gradient,4.7779901305796444e-14,5.371588666448011e-14,1.1009745230147783e-13
traditional,40,33694,boundary,conservative,rhov,mean,1.7720699520391084e-15,2.00614586683439e-15,5.741690759994422e-15
traditional,40,33694,boundary,conservative,rhov,value,4.171169414427258e-15,4.671807521049664e-15,8.991017565879167e-15
traditional,40,33694,boundary,conservative,rhow,dx,6.266688670636671e-15,1.2994828373044333e-14,4.570359422186287e-14
traditional,40,33694,boundary,conservative,rhow,dy,6.377773528578675e-15,1.3106322252142179e-14,4.3017083222341573e-14
traditional,40,33694,boundary,conservative,rhow,dz,1.1054915398458332e-14,1.5883268073216278e-14,4.679076577422409e-14
traditional,40,33694,boundary,conservative,rhow,gradient,2.169554174498247e-14,2.4349937414858517e-14,4.8774907725658483e-14
traditional,40,33694,boundary,conservative,rhow,mean,9.041099233194413e-16,1.0450819253302924e-15,2.9680034471790684e-15
traditional,40,33694,boundary,conservative,rhow,value,1.850007691563472e-15,2.0916131694535627e-15,4.507109746185178e-15
traditional,40,33694,boundary,primitive,p,dx,7.322623231980404e-14,1.5270798437704254e-13,5.202252326056529e-13
traditional,40,33694,boundary,primitive,p,dy,7.305198516889275e-14,1.509177739081076e-13,4.895236725878252e-13
traditional,40,33694,boundary,primitive,p,dz,1.1913631312847632e-13,1.67787039956397e-13,4.2863608089136837e-13
traditional,40,33694,boundary,primitive,p,gradient,2.4303372942358486e-13,2.7248558448330316e-13,5.379712601887333e-13
traditional,40,33694,boundary,primitive,p,value,2.106251304823943e-14,2.361976594327291e-14,4.5220879991980656e-14
traditional,40,33694,boundary,primitive,rho,dx,7.551285277478071e-14,1.573246348956878e-13,5.342763038727178e-13
traditional,40,33694,boundary,primitive,rho,dy,7.548802911979403e-14,1.5597441253589457e-13,5.046591264453934e-13
traditional,40,33694,boundary,primitive,rho,dz,1.220676892481538e-13,1.7173464573630165e-13,4.400926166020665e-13
traditional,40,33694,boundary,primitive,rho,gradient,2.500778903885616e-13,2.803067010564533e-13,5.343648557321637e-13
traditional,40,33694,boundary,primitive,rho,value,2.1632252725352604e-14,2.424603737849794e-14,4.5057273884152593e-14
traditional,40,33694,boundary,primitive,u,dx,1.5999510497332705e-15,3.766347483769073e-15,2.863793322491551e-14
traditional,40,33694,boundary,primitive,u,dy,1.5616208645962897e-15,3.2631620165642153e-15,2.0624811384993167e-14
traditional,40,33694,boundary,primitive,u,dz,2.2942442557244118e-15,3.590101273514102e-15,2.3747317241641446e-14
traditional,40,33694,boundary,primitive,u,gradient,4.670387856933085e-15,6.141858584250264e-15,2.887738843582425e-14
traditional,40,33694,boundary,primitive,u,value,4.552417653866992e-16,5.907400012173321e-16,2.7889745634473995e-15
traditional,40,33694,boundary,primitive,v,dx,8.302067574483973e-16,1.7225475546987447e-15,1.1320955329056307e-14
traditional,40,33694,boundary,primitive,v,dy,8.33368088293064e-16,1.7548197962792654e-15,1.233498166889474e-14
traditional,40,33694,boundary,primitive,v,dz,1.4708504897645658e-15,2.2188274169541397e-15,1.2307005017679878e-14
traditional,40,33694,boundary,primitive,v,gradient,2.633295900350284e-15,3.3120624543990106e-15,1.721345677899961e-14
traditional,40,33694,boundary,primitive,v,value,2.6689952361532315e-16,3.387968893818812e-16,1.4308080545019641e-15
traditional,40,33694,boundary,primitive,w,dx,7.917045441017871e-16,1.7123443228497968e-15,1.1357447361308594e-14
traditional,40,33694,boundary,primitive,w,dy,8.252579226407039e-16,1.830265012428524e-15,1.0060935268863056e-14
traditional,40,33694,boundary,primitive,w,dz,1.0011557787526388e-15,1.5097395285131006e-15,7.192686997761245e-15
traditional,40,33694,boundary,primitive,w,gradient,2.255538846894867e-15,2.9259710421791386e-15,1.1369630157577481e-14
traditional,40,33694,boundary,primitive,w,value,2.145221812845841e-16,2.7435461807191584e-16,1.1330658091467105e-15
traditional,40,33694,interior,conservative,rho,dx,1.513758363060497e-14,2.8229386295399253e-14,1.628579909648722e-13
traditional,40,33694,interior,conservative,rho,dy,1.534664506672873e-14,2.8233731414568403e-14,1.6357050195109184e-13
traditional,40,33694,interior,conservative,rho,dz,1.0581498834534149e-14,2.7384271913769753e-14,1.4157424628630943e-13
traditional,40,33694,interior,conservative,rho,gradient,3.2800848891721875e-14,4.841425604563335e-14,1.6357833393983516e-13
traditional,40,33694,interior,conservative,rho,mean,1.576261286334838e-14,1.7984346769429844e-14,4.000944540949458e-14
traditional,40,33694,interior,conservative,rho,value,1.6172158633958362e-14,1.84866185977672e-14,3.995653634347729e-14
traditional,40,33694,interior,conservative,rhoE,dx,3.7791380178059853e-14,7.041599475844934e-14,4.0316411843645435e-13
traditional,40,33694,interior,conservative,rhoE,dy,3.8333703831926515e-14,7.032754998963121e-14,4.1380192729398996e-13
traditional,40,33694,interior,conservative,rhoE,dz,2.6662692845801912e-14,6.847302055230422e-14,3.530045565178165e-13
traditional,40,33694,interior,conservative,rhoE,gradient,8.193920237998532e-14,1.2080120508058812e-13,4.138639877662113e-13
traditional,40,33694,interior,conservative,rhoE,mean,3.9274971585895805e-14,4.483135219417872e-14,9.703609443745265e-14
traditional,40,33694,interior,conservative,rhoE,value,4.026262412329713e-14,4.606413793057766e-14,9.923962693281219e-14
traditional,40,33694,interior,conservative,rhou,dx,4.397933965252905e-15,8.179841822090935e-15,4.728621821496271e-14
traditional,40,33694,interior,conservative,rhou,dy,4.4490206508174285e-15,8.162122877833969e-15,4.6734807389596685e-14
traditional,40,33694,interior,conservative,rhou,dz,3.1234017441390722e-15,7.944865208269818e-15,4.0959999123672277e-14
traditional,40,33694,interior,conservative,rhou,gradient,9.528111618667234e-15,1.4023228775316513e-14,4.73242942453226e-14
traditional,40,33694,interior,conservative,rhou,mean,4.701411692301417e-15,5.363419414447921e-15,1.2457862432618816e-14
traditional,40,33694,interior,conservative,rhou,value,4.685497947722388e-15,5.360525123323879e-15,1.2386792980212391e-14
traditional,40,33694,interior,conservative,rhov,dx,2.9453887296504977e-15,5.488700377880277e-15,3.16974136892992e-14
traditional,40,33694,interior,conservative,rhov,dy,2.984130904791607e-15,5.484775255335288e-15,3.23754401642911e-14
traditional,40,33694,interior,conservative,rhov,dz,2.1498796590525084e-15,5.3389844464708554e-15,2.768372519884512e-14
traditional,40,33694,interior,conservative,rhov,gradient,6.417359485450365e-15,9.418776266550717e-15,3.2382909019536383e-14
traditional,40,33694,interior,conservative,rhov,mean,3.1152397591042805e-15,3.5420377459197103e-15,8.12728790516859e-15
traditional,40,33694,interior,conservative,rhov,value,3.1431971905158665e-15,3.5967410401103435e-15,7.598983291570716e-15
traditional,40,33694,interior,conservative,rhow,dx,1.2608352542229652e-15,2.3332484083392392e-15,1.400189422821321e-14
traditional,40,33694,interior,conservative,rhow,dy,1.2830735679044913e-15,2.3394473948158123e-15,1.4013141555203326e-14
traditional,40,33694,interior,conservative,rhow,dz,9.857493173937247e-16,2.3394532261830026e-15,1.3118727702461988e-14
traditional,40,33694,interior,conservative,rhow,gradient,2.7692207773967558e-15,4.048469296613985e-15,1.4246276696947566e-14
traditional,40,33694,interior,conservative,rhow,mean,1.595681016275959e-15,1.835777042532345e-15,4.525988416513582e-15
traditional,40,33694,interior,conservative,rhow,value,1.348069792161813e-15,1.5538667259587592e-15,3.845827736131957e-15
traditional,40,33694,interior,primitive,p,dx,1.473734325055241e-14,2.7455171565092203e-14,1.5726399056362693e-13
traditional,40,33694,interior,primitive,p,dy,1.494968713264988e-14,2.7420794440421665e-14,1.6146392847017155e-13
traditional,40,33694,interior,primitive,p,dz,1.0414592194680438e-14,2.6695273345783866e-14,1.3772780985112575e-13
traditional,40,33694,interior,primitive,p,gradient,3.195236356761171e-14,4.709908738413756e-14,1.6148905659649122e-13
traditional,40,33694,interior,primitive,p,value,1.5695479459084245e-14,1.7960286149065513e-14,3.853254521013483e-14
traditional,40,33694,interior,primitive,rho,dx,1.513758363060497e-14,2.8229386295399253e-14,1.628579909648722e-13
traditional,40,33694,interior,primitive,rho,dy,1.534664506672873e-14,2.8233731414568403e-14,1.6357050195109184e-13
traditional,40,33694,interior,primitive,rho,dz,1.0581498834534149e-14,2.7384271913769753e-14,1.4157424628630943e-13
traditional,40,33694,interior,primitive,rho,gradient,3.2800848891721875e-14,4.841425604563335e-14,1.6357833393983516e-13
traditional,40,33694,interior,primitive,rho,value,1.6172158633958362e-14,1.84866185977672e-14,3.995653634347729e-14
traditional,40,33694,interior,primitive,u,dx,3.643295924470986e-16,6.294329512085435e-16,8.706991325038802e-15
traditional,40,33694,interior,primitive,u,dy,3.615855440829397e-16,5.623964413829857e-16,5.409335360282569e-15
traditional,40,33694,interior,primitive,u,dz,3.6355133728589336e-16,5.663119224509966e-16,6.671805569154871e-15
traditional,40,33694,interior,primitive,u,gradient,7.635109413686628e-16,1.016456979344176e-15,8.738847544494904e-15
traditional,40,33694,interior,primitive,u,value,3.913441397384642e-16,5.025721972655332e-16,2.391777097557335e-15
traditional,40,33694,interior,primitive,v,dx,2.1554225325053759e-16,3.1933984261735046e-16,3.1677465216358412e-15
traditional,40,33694,interior,primitive,v,dy,2.1557104028903832e-16,3.282003388845994e-16,3.6005248770247435e-15
traditional,40,33694,interior,primitive,v,dz,2.7166068444353385e-16,3.808089017428634e-16,2.5857374780832026e-15
traditional,40,33694,interior,primitive,v,gradient,4.87184963115723e-16,5.9557435906312e-16,3.6620848335543876e-15
traditional,40,33694,interior,primitive,v,value,2.442428478378485e-16,3.086904459178076e-16,1.6703354194583242e-15
traditional,40,33694,interior,primitive,w,dx,1.7937819804378881e-16,3.179525185190325e-16,3.171021627465959e-15
traditional,40,33694,interior,primitive,w,dy,1.8599238987722968e-16,3.3780730657765003e-16,3.2464860691378905e-15
traditional,40,33694,interior,primitive,w,dz,2.318460026166265e-16,3.6717552670882275e-16,2.510612643683561e-15
traditional,40,33694,interior,primitive,w,gradient,4.296849380894682e-16,5.916294852555471e-16,3.351737807249083e-15
traditional,40,33694,interior,primitive,w,value,1.8897631314146445e-16,2.4747033067258315e-16,1.1637690594187844e-15
traditional,80,252780,all,conservative,rho,dx,2.5617234294977643e-14,7.540212641452566e-14,1.045389330520596e-12
traditional,80,252780,all,conservative,rho,dy,2.5777183622359723e-14,7.554781662271547e-14,1.0874648129552541e-12
traditional,80,252780,all,conservative,rho,dz,1.8661999800434034e-14,6.849774486836397e-14,9.371017010333452e-13
traditional,80,252780,all,conservative,rho,gradient,5.762345612877978e-14,1.2682623670338493e-13,1.1320545056317208e-12
traditional,80,252780,all,conservative,rho,mean,1.1828782995780941e-14,1.4244930785112667e-14,4.320111976485741e-14
traditional,80,252780,all,conservative,rho,value,1.2557614649297254e-14,1.51752763667342e-14,4.772007441977699e-14
traditional,80,252780,all,conservative,rhoE,dx,6.382603928200046e-14,1.8789596498163158e-13,2.6589262041708006e-12
traditional,80,252780,all,conservative,rhoE,dy,6.432614071515885e-14,1.8838274351904268e-13,2.7504157297227137e-12
traditional,80,252780,all,conservative,rhoE,dz,4.702550455926149e-14,1.7078017270665655e-13,2.36063157411405e-12
traditional,80,252780,all,conservative,rhoE,gradient,1.4377885553305202e-13,3.1616264659484265e-13,2.951806156251024e-12
traditional,80,252780,all,conservative,rhoE,mean,2.952623396664204e-14,3.558438586635082e-14,1.0003629868915453e-13
traditional,80,252780,all,conservative,rhoE,value,3.131007686547269e-14,3.7858614921683605e-14,1.199353116820845e-13
traditional,80,252780,all,conservative,rhou,dx,7.429376382745141e-15,2.1844313753522907e-14,3.159335018601485e-13
traditional,80,252780,all,conservative,rhou,dy,7.465022151416588e-15,2.1804891495832292e-14,3.120885855314678e-13
traditional,80,252780,all,conservative,rhou,dz,5.489349643065622e-15,1.9772285191092337e-14,2.757496036624198e-13
traditional,80,252780,all,conservative,rhou,gradient,1.6703691243807338e-14,3.6654748644415214e-14,3.2225742950132364e-13
traditional,80,252780,all,conservative,rhou,mean,3.53266120562598e-15,4.254664634604525e-15,1.3123345726090418e-14
traditional,80,252780,all,conservative,rhou,value,3.643223595819248e-15,4.403796985605131e-15,1.490783408178431e-14
traditional,80,252780,all,conservative,rhov,dx,4.9641630929297805e-15,1.4567490977049432e-14,2.0795740092650243e-13
traditional,80,252780,all,conservative,rhov,dy,5.022263373586169e-15,1.4752847474124784e-14,2.1338496104767813e-13
traditional,80,252780,all,conservative,rhov,dz,3.6853312805589695e-15,1.3094891114564377e-14,1.8369478166227818e-13
traditional,80,252780,all,conservative,rhov,gradient,1.1198750341221647e-14,2.4522122160683866e-14,2.1344739869690082e-13
traditional,80,252780,all,conservative,rhov,mean,2.318285902035953e-15,2.762921559244139e-15,8.187325600469975e-15
traditional,80,252780,all,conservative,rhov,value,2.435997069353631e-15,2.945143246672926e-15,9.486606378922291e-15
traditional,80,252780,all,conservative,rhow,dx,2.1555409224102183e-15,6.3092710657901135e-15,9.400221771442164e-14
traditional,80,252780,all,conservative,rhow,dy,2.182539797205152e-15,6.361840371735364e-15,9.303148910480845e-14
traditional,80,252780,all,conservative,rhow,dz,1.7099400910891965e-15,6.049240886504847e-15,1.0012227083923495e-13
traditional,80,252780,all,conservative,rhow,gradient,4.9139176001212e-15,1.0810792274390455e-14,1.001268269235763e-13
traditional,80,252780,all,conservative,rhow,mean,1.1946414491871936e-15,1.4500297207853638e-15,4.969359342424373e-15
traditional,80,252780,all,conservative,rhow,value,1.0593497769013983e-15,1.283648316147853e-15,4.423463548577922e-15
traditional,80,252780,all,primitive,p,dx,2.4895160954750336e-14,7.327028048514674e-14,1.0389019028482347e-12
traditional,80,252780,all,primitive,p,dy,2.508969061637414e-14,7.344784683931741e-14,1.074392287511933e-12
traditional,80,252780,all,primitive,p,dz,1.838279794171035e-14,6.660523039758525e-14,9.226843091924165e-13
traditional,80,252780,all,primitive,p,gradient,5.6082743077040987e-14,1.2328575312670696e-13,1.1533696328754559e-12
traditional,80,252780,all,primitive,p,value,1.2206656702803298e-14,1.4763550543879122e-14,4.68516284796161e-14
traditional,80,252780,all,primitive,rho,dx,2.5617234294977643e-14,7.540212641452566e-14,1.045389330520596e-12
traditional,80,252780,all,primitive,rho,dy,2.5777183622359723e-14,7.554781662271547e-14,1.0874648129552541e-12
traditional,80,252780,all,primitive,rho,dz,1.8661999800434034e-14,6.849774486836397e-14,9.371017010333452e-13
traditional,80,252780,all,primitive,rho,gradient,5.762345612877978e-14,1.2682623670338493e-13,1.1320545056317208e-12
traditional,80,252780,all,primitive,rho,value,1.2557614649297254e-14,1.51752763667342e-14,4.772007441977699e-14
traditional,80,252780,all,primitive,u,dx,7.50792593330055e-16,1.8882994160627353e-15,5.546247309481207e-14
traditional,80,252780,all,primitive,u,dy,7.264647072655895e-16,1.5312558779371992e-15,3.813046925798505e-14
traditional,80,252780,all,primitive,u,dz,7.880801403579047e-16,1.6632812975552006e-15,4.9260138183650855e-14
traditional,80,252780,all,primitive,u,gradient,1.6364795162981684e-15,2.9456618820253285e-15,5.602615231624908e-14
traditional,80,252780,all,primitive,u,value,3.7126085988484695e-16,4.767346170667995e-16,2.807595735759838e-15
traditional,80,252780,all,primitive,v,dx,4.349801221774388e-16,8.762338644868116e-16,2.1750951429246653e-14
traditional,80,252780,all,primitive,v,dy,4.2367654609673704e-16,8.182650236507495e-16,2.6882312175580516e-14
traditional,80,252780,all,primitive,v,dz,5.344724615705319e-16,1.0291953331241238e-15,2.4766433614218167e-14
traditional,80,252780,all,primitive,v,gradient,9.914655062626519e-16,1.5800590077361454e-15,3.1245134993940764e-14
traditional,80,252780,all,primitive,v,value,2.2877751273455487e-16,2.8813699981559837e-16,1.43785536862312e-15
traditional,80,252780,all,primitive,w,dx,3.153259026642518e-16,7.875179774993731e-16,2.1358420956077282e-14
traditional,80,252780,all,primitive,w,dy,3.3130048168071953e-16,8.782932061927534e-16,2.2340600709983525e-14
traditional,80,252780,all,primitive,w,dz,3.686404690847004e-16,7.793815794758518e-16,1.5116874189870146e-14
traditional,80,252780,all,primitive,w,gradient,7.488189515369672e-16,1.4138667431392963e-15,2.2349712623089733e-14
traditional,80,252780,all,primitive,w,value,1.5930739197250562e-16,2.0738708815416417e-16,1.0907277143111516e-15
traditional,80,252780,boundary,conservative,rho,dx,1.3195577373811468e-13,2.9057666083285605e-13,1.045389330520596e-12
traditional,80,252780,boundary,conservative,rho,dy,1.3198311637838616e-13,2.905401804667106e-13,1.0874648129552541e-12
traditional,80,252780,boundary,conservative,rho,dz,1.8112762061148807e-13,2.7256116541200343e-13,9.371017010333452e-13
traditional,80,252780,boundary,conservative,rho,gradient,4.121382712706677e-13,4.930902363433603e-13,1.1320545056317208e-12
traditional,80,252780,boundary,conservative,rho,mean,6.8085029375898094e-15,8.452255209384801e-15,2.2034566012074652e-14
traditional,80,252780,boundary,conservative,rho,value,1.6820026830188135e-14,2.0512205474910285e-14,4.772007441977699e-14
traditional,80,252780,boundary,conservative,rhoE,dx,3.288003453256667e-13,7.242227598945208e-13,2.6589262041708006e-12
traditional,80,252780,boundary,conservative,rhoE,dy,3.286098622869792e-13,7.244072908939742e-13,2.7504157297227137e-12
traditional,80,252780,boundary,conservative,rhoE,dz,4.516251879536369e-13,6.794237708944353e-13,2.36063157411405e-12
traditional,80,252780,boundary,conservative,rhoE,gradient,1.026601244882202e-12,1.229179071374874e-12,2.951806156251024e-12
traditional,80,252780,boundary,conservative,rhoE,mean,1.7003939044047198e-14,2.1135489165981064e-14,5.564645966238402e-14
traditional,80,252780,boundary,conservative,rhoE,value,4.190293104113961e-14,5.117770108433251e-14,1.199353116820845e-13
traditional,80,252780,boundary,conservative,rhou,dx,3.818139273913436e-14,8.41902971061242e-14,3.159335018601485e-13
traditional,80,252780,boundary,conservative,rhou,dy,3.787507018873389e-14,8.370454262418788e-14,3.120885855314678e-13
traditional,80,252780,boundary,conservative,rhou,dz,5.218454891801658e-14,7.854037154976555e-14,2.757496036624198e-13
traditional,80,252780,boundary,conservative,rhou,gradient,1.1864911938810146e-13,1.4234832821609527e-13,3.2225742950132364e-13
traditional,80,252780,boundary,conservative,rhou,mean,2.0351931411085954e-15,2.5265920748122483e-15,7.373875815508413e-15
traditional,80,252780,boundary,conservative,rhou,value,4.867479255153581e-15,5.940304865554076e-15,1.490783408178431e-14
traditional,80,252780,boundary,conservative,rhov,dx,2.529959218722603e-14,5.606413106639694e-14,2.0795740092650243e-13
traditional,80,252780,boundary,conservative,rhov,dy,2.586098856803657e-14,5.683057266931009e-14,2.1338496104767813e-13
traditional,80,252780,boundary,conservative,rhov,dz,3.4667151284214045e-14,5.184982624282468e-14,1.8369478166227818e-13
traditional,80,252780,boundary,conservative,rhov,gradient,7.94332595482918e-14,9.519088855328e-14,2.1344739869690082e-13
traditional,80,252780,boundary,conservative,rhov,mean,1.3360255309106805e-15,1.6412694555023948e-15,4.381396504285484e-15
traditional,80,252780,boundary,conservative,rhov,value,3.252672328329084e-15,3.968284578001642e-15,9.486606378922291e-15
traditional,80,252780,boundary,conservative,rhow,dx,1.1114150781172044e-14,2.430675522355522e-14,9.400221771442164e-14
traditional,80,252780,boundary,conservative,rhow,dy,1.1288466504449762e-14,2.4518390021284454e-14,9.303148910480845e-14
traditional,80,252780,boundary,conservative,rhow,dz,1.5904335207070225e-14,2.4303800698999366e-14,1.0012227083923495e-13
traditional,80,252780,boundary,conservative,rhow,gradient,3.541897078971429e-14,4.222137523992238e-14,1.001268269235763e-13
traditional,80,252780,boundary,conservative,rhow,mean,6.806328671474676e-16,8.549303286931083e-16,2.567282324228426e-15
traditional,80,252780,boundary,conservative,rhow,value,1.4376303810624432e-15,1.7512868208245057e-15,4.423463548577922e-15
traditional,80,252780,boundary,primitive,p,dx,1.2824031757048212e-13,2.8240963857686647e-13,1.0389019028482347e-12
traditional,80,252780,boundary,primitive,p,dy,1.28146675402997e-13,2.824351138738887e-13,1.074392287511933e-12
traditional,80,252780,boundary,primitive,p,dz,1.7613857893084619e-13,2.649862650613387e-13,9.226843091924165e-13
traditional,80,252780,boundary,primitive,p,gradient,4.003265540150062e-13,4.793146338066793e-13,1.1533696328754559e-12
traditional,80,252780,boundary,primitive,p,value,1.6341549659975124e-14,1.9959128732579564e-14,4.68516284796161e-14
traditional,80,252780,boundary,primitive,rho,dx,1.3195577373811468e-13,2.9057666083285605e-13,1.045389330520596e-12
traditional,80,252780,boundary,primitive,rho,dy,1.3198311637838616e-13,2.905401804667106e-13,1.0874648129552541e-12
traditional,80,252780,boundary,primitive,rho,dz,1.8112762061148807e-13,2.7256116541200343e-13,9.371017010333452e-13
traditional,80,252780,boundary,primitive,rho,gradient,4.121382712706677e-13,4.930902363433603e-13,1.1320545056317208e-12
traditional,80,252780,boundary,primitive,rho,value,1.6820026830188135e-14,2.0512205474910285e-14,4.772007441977699e-14
traditional,80,252780,boundary,primitive,u,dx,3.0060443160814268e-15,7.057107499325319e-15,5.546247309481207e-14
traditional,80,252780,boundary,primitive,u,dy,2.7428669749914413e-15,5.570093967503617e-15,3.813046925798505e-14
traditional,80,252780,boundary,primitive,u,dz,3.932067332886579e-15,6.2653162423560085e-15,4.9260138183650855e-14
traditional,80,252780,boundary,primitive,u,gradient,8.263735477516184e-15,1.0958234377881497e-14,5.602615231624908e-14
traditional,80,252780,boundary,primitive,u,value,4.14109884295383e-16,5.426784879149902e-16,2.7283405569511476e-15
traditional,80,252780,boundary,primitive,v,dx,1.5247869067080856e-15,3.1286997878893405e-15,2.1750951429246653e-14
traditional,80,252780,boundary,primitive,v,dy,1.4151184040133824e-15,2.876473532480045e-15,2.6882312175580516e-14
traditional,80,252780,boundary,primitive,v,dz,2.522859052058562e-15,3.785014686172702e-15,2.4766433614218167e-14
traditional,80,252780,boundary,primitive,v,gradient,4.569047547789907e-15,5.691150895938367e-15,3.1245134993940764e-14
traditional,80,252780,boundary,primitive,v,value,2.440544212321036e-16,3.0825621198321963e-16,1.3614055629357358e-15
traditional,80,252780,boundary,primitive,w,dx,1.2993810165602703e-15,2.946527676437574e-15,2.1358420956077282e-14
traditional,80,252780,boundary,primitive,w,dy,1.4292217494782678e-15,3.3098512981589632e-15,2.2340600709983525e-14
traditional,80,252780,boundary,primitive,w,dz,1.7929664573340373e-15,2.7903840136250544e-15,1.5116874189870146e-14
traditional,80,252780,boundary,primitive,w,gradient,3.945352884648049e-15,5.236734087905502e-15,2.2349712623089733e-14
traditional,80,252780,boundary,primitive,w,value,1.8371435999803523e-16,2.411021229368135e-16,1.0088297927070278e-15
traditional,80,252780,interior,conservative,rho,dx,1.977926356852364e-14,3.690737650008939e-14,3.615472907902073e-13
traditional,80,252780,interior,conservative,rho,dy,1.9946492984211845e-14,3.7235971373083113e-14,3.4442369475137097e-13
traditional,80,252780,interior,conservative,rho,dz,9.742660271068863e-15,2.95133878317795e-14,3.037714199445791e-13
traditional,80,252780,interior,conservative,rho,gradient,3.8160643081593584e-14,6.016404296193401e-14,3.6158487795798863e-13
traditional,80,252780,interior,conservative,rho,mean,1.2104395658619996e-14,1.4496073454395476e-14,4.320111976485741e-14
traditional,80,252780,interior,conservative,rho,value,1.2323608825384157e-14,1.4826756224926325e-14,4.2071381101127514e-14
traditional,80,252780,interior,conservative,rhoE,dx,4.9278987478899847e-14,9.191424408627029e-14,8.91637441370564e-13
traditional,80,252780,interior,conservative,rhoE,dy,4.9817001901571584e-14,9.288042146332345e-14,8.486030888404938e-13
traditional,80,252780,interior,conservative,rhoE,dz,2.481303935183742e-14,7.365039180636659e-14,7.601892311878613e-13
traditional,80,252780,interior,conservative,rhoE,gradient,9.531203162642372e-14,1.4999793722043773e-13,8.917943631988008e-13
traditional,80,252780,interior,conservative,rhoE,mean,3.021370618103394e-14,3.621106358657196e-14,1.0003629868915453e-13
traditional,80,252780,interior,conservative,rhoE,value,3.0728530674308663e-14,3.6988781410711873e-14,1.0815957504628493e-13
traditional,80,252780,interior,conservative,rhou,dx,5.741095048356182e-15,1.0688325408072481e-14,1.0552045839889871e-13
traditional,80,252780,interior,conservative,rhou,dy,5.795514829220874e-15,1.0812144820912384e-14,1.0134941066860257e-13
traditional,80,252780,interior,conservative,rhou,dz,2.9257898287155583e-15,8.587856402415163e-15,8.970385937043619e-14
traditional,80,252780,interior,conservative,rhou,gradient,1.1106901704296429e-14,1.7461215686364253e-14,1.0555313378429094e-13
traditional,80,252780,interior,conservative,rhou,mean,3.614871989883857e-15,4.3296091440233925e-15,1.3123345726090418e-14
traditional,80,252780,interior,conservative,rhou,value,3.576012133838363e-15,4.303586975395522e-15,1.2669607116905235e-14
traditional,80,252780,interior,conservative,rhov,dx,3.847750921161481e-15,7.162519237066108e-15,7.053418602903346e-14
traditional,80,252780,interior,conservative,rhov,dy,3.8782203173349156e-15,7.230797415856224e-15,6.684996137956754e-14
traditional,80,252780,interior,conservative,rhov,dz,1.9844337585431868e-15,5.7703696873121395e-15,5.927044438743239e-14
traditional,80,252780,interior,conservative,rhov,gradient,7.452685467932244e-15,1.1699712792147763e-14,7.053771501832951e-14
traditional,80,252780,interior,conservative,rhov,mean,2.3722118570323076e-15,2.8115723716450365e-15,8.187325600469975e-15
traditional,80,252780,interior,conservative,rhov,value,2.3911617135185595e-15,2.8784612785848916e-15,8.636564770639343e-15
traditional,80,252780,interior,conservative,rhow,dx,1.6637145123518012e-15,3.091351009858447e-15,3.0693462872542804e-14
traditional,80,252780,interior,conservative,rhow,dy,1.6826257130686465e-15,3.113173030731357e-15,2.96059436528614e-14
traditional,80,252780,interior,conservative,rhow,dz,9.30669813344483e-16,2.484818775031648e-15,2.578640189018159e-14
traditional,80,252780,interior,conservative,rhow,gradient,3.23919450854631e-15,5.042085057808488e-15,3.070343387379894e-14
traditional,80,252780,interior,conservative,rhow,mean,1.222860447405619e-15,1.4757680191433636e-15,4.969359342424373e-15
traditional,80,252780,interior,conservative,rhow,value,1.0385822254093348e-15,1.2529310583904656e-15,4.0399270300611745e-15
traditional,80,252780,interior,primitive,p,dx,1.9221526520773013e-14,3.584294040366109e-14,3.474878842954249e-13
traditional,80,252780,interior,primitive,p,dy,1.9431876774924496e-14,3.621337951165767e-14,3.3085310461770196e-13
traditional,80,252780,interior,primitive,p,dz,9.722027950262758e-15,2.8720440095806544e-14,2.9641954877449093e-13
traditional,80,252780,interior,primitive,p,gradient,3.7183806703239465e-14,5.848922047465296e-14,3.4755336761417454e-13
traditional,80,252780,interior,primitive,p,value,1.1979651666177956e-14,1.4424224380158914e-14,4.241041112046373e-14
traditional,80,252780,interior,primitive,rho,dx,1.977926356852364e-14,3.690737650008939e-14,3.615472907902073e-13
traditional,80,252780,interior,primitive,rho,dy,1.9946492984211845e-14,3.7235971373083113e-14,3.4442369475137097e-13
traditional,80,252780,interior,primitive,rho,dz,9.742660271068863e-15,2.95133878317795e-14,3.037714199445791e-13
traditional,80,252780,interior,primitive,rho,gradient,3.8160643081593584e-14,6.016404296193401e-14,3.6158487795798863e-13
traditional,80,252780,interior,primitive,rho,value,1.2323608825384157e-14,1.4826756224926325e-14,4.2071381101127514e-14
traditional,80,252780,interior,primitive,u,dx,6.269795937613767e-16,1.0135407827133253e-15,1.7987032626147134e-14
traditional,80,252780,interior,primitive,u,dy,6.157645088861169e-16,8.77582264125779e-16,9.793194612862195e-15
traditional,80,252780,interior,primitive,u,dz,6.154756896061315e-16,8.736910545081354e-16,1.3763640377293046e-14
traditional,80,252780,interior,primitive,u,gradient,1.2726441044059713e-15,1.6002348600311157e-15,1.8078357136964204e-14
traditional,80,252780,interior,primitive,u,value,3.689084545248021e-16,4.728480776272334e-16,2.807595735759838e-15
traditional,80,252780,interior,primitive,v,dx,3.7514988434553132e-16,5.220492804398838e-16,7.045025438132298e-15
traditional,80,252780,interior,primitive,v,dy,3.6924652877838427e-16,5.020650892442695e-16,6.606947224062205e-15
traditional,80,252780,interior,primitive,v,dz,4.253103198961114e-16,5.752230027007581e-16,7.01252478394615e-15
traditional,80,252780,interior,primitive,v,gradient,7.950567598260725e-16,9.249250282491727e-16,7.050358847061238e-15
traditional,80,252780,interior,primitive,v,value,2.2793881262576886e-16,2.8699161899870646e-16,1.43785536862312e-15
traditional,80,252780,interior,primitive,w,dx,2.613014165444837e-16,4.214150564834599e-16,6.677816009069469e-15
traditional,80,252780,interior,primitive,w,dy,2.710247598688669e-16,4.607758201574949e-16,6.789179348172373e-15
traditional,80,252780,interior,primitive,w,dz,2.9044517443544834e-16,4.618659377553452e-16,4.894634095817599e-15
traditional,80,252780,interior,primitive,w,gradient,5.733296921833706e-16,7.766757049962323e-16,6.806160000060799e-15
traditional,80,252780,interior,primitive,w,value,1.5796745289114812e-16,2.053759307884975e-16,1.0907277143111516e-15
